{"type":"FeatureCollection","features":[{"type":"Feature","id":"04015","properties":{"n":"Mohave","f":"04015"},"geometry":{"type":"Polygon","coordinates":[[[-114.052,36.844],[-114.052,37],[-113.334,37],[-112.9,37],[-112.538,37],[-112.53,36.952],[-112.574,36.892],[-112.61,36.8],[-112.61,36.8],[-112.616,36.73],[-112.616,36.73],[-112.638,36.674],[-112.62,36.602],[-112.656,36.558],[-112.656,36.514],[-112.624,36.484],[-112.644,36.46],[-112.624,36.406],[-112.662,36.352],[-112.72,36.348],[-112.796,36.284],[-112.868,36.282],[-112.904,36.254],[-112.982,36.232],[-113.032,36.23],[-113.136,36.166],[-113.158,36.174],[-113.202,36.15],[-113.202,36.12],[-113.234,36.09],[-113.308,36.1],[-113.352,36.05],[-113.342,35.986],[-113.316,35.962],[-113.334,35.912],[-113.308,35.884],[-113.334,35.82],[-113.334,35.528],[-113.334,34.318],[-113.362,34.294],[-113.536,34.31],[-113.586,34.242],[-113.678,34.21],[-113.74,34.24],[-113.84,34.224],[-113.85,34.25],[-113.926,34.248],[-114.034,34.26],[-114.088,34.298],[-114.138,34.304],[-114.178,34.35],[-114.228,34.366],[-114.34,34.452],[-114.386,34.458],[-114.378,34.508],[-114.472,34.712],[-114.554,34.766],[-114.58,34.826],[-114.636,34.876],[-114.634,35.002],[-114.612,35.084],[-114.648,35.102],[-114.572,35.138],[-114.572,35.2],[-114.604,35.354],[-114.626,35.41],[-114.666,35.45],[-114.68,35.5],[-114.658,35.53],[-114.658,35.62],[-114.69,35.652],[-114.68,35.686],[-114.706,35.712],[-114.694,35.756],[-114.712,35.806],[-114.698,35.854],[-114.666,35.876],[-114.702,35.902],[-114.744,35.986],[-114.73,36.022],[-114.756,36.09],[-114.666,36.118],[-114.634,36.142],[-114.616,36.13],[-114.572,36.152],[-114.512,36.15],[-114.504,36.13],[-114.418,36.146],[-114.372,36.144],[-114.306,36.082],[-114.314,36.058],[-114.238,36.014],[-114.152,36.024],[-114.066,36.18],[-114.048,36.194],[-114.044,36.392],[-114.052,36.626],[-114.052,36.844]]]}},{"type":"Feature","id":"27119","properties":{"n":"Polk","f":"27119"},"geometry":{"type":"Polygon","coordinates":[[[-97.146,48.174],[-96.5,48.174],[-96.5,48.022],[-96.482,48.022],[-96.482,47.964],[-96.482,47.848],[-96.354,47.846],[-96.354,47.76],[-95.836,47.762],[-95.836,47.848],[-95.71,47.848],[-95.71,47.936],[-95.582,47.934],[-95.578,47.674],[-95.552,47.674],[-95.552,47.5],[-96.066,47.5],[-96.852,47.5],[-96.856,47.61],[-96.874,47.614],[-96.892,47.672],[-96.916,47.702],[-96.938,47.768],[-96.966,47.784],[-97.006,47.87],[-97.018,47.92],[-97.056,47.95],[-97.074,48.054],[-97.104,48.072],[-97.146,48.174]]]}},{"type":"Feature","id":"36095","properties":{"n":"Schoharie","f":"36095"},"geometry":{"type":"Polygon","coordinates":[[[-74.648,42.83],[-74.562,42.812],[-74.454,42.774],[-74.29,42.784],[-74.264,42.796],[-74.258,42.758],[-74.304,42.748],[-74.272,42.714],[-74.186,42.712],[-74.182,42.73],[-74.164,42.718],[-74.192,42.618],[-74.244,42.55],[-74.228,42.494],[-74.264,42.42],[-74.254,42.408],[-74.244,42.378],[-74.348,42.356],[-74.38,42.374],[-74.444,42.356],[-74.62,42.424],[-74.714,42.518],[-74.63,42.626],[-74.666,42.752],[-74.648,42.83]]]}},{"type":"Feature","id":"13143","properties":{"n":"Haralson","f":"13143"},"geometry":{"type":"Polygon","coordinates":[[[-85.388,33.902],[-85.212,33.9],[-85.212,33.906],[-85.05,33.904],[-85.036,33.904],[-85.04,33.812],[-85.05,33.812],[-85.05,33.714],[-85.108,33.694],[-85.14,33.7],[-85.29,33.652],[-85.338,33.652],[-85.388,33.902]]]}},{"type":"Feature","id":"13023","properties":{"n":"Bleckley","f":"13023"},"geometry":{"type":"Polygon","coordinates":[[[-83.496,32.452],[-83.228,32.584],[-83.138,32.424],[-83.174,32.452],[-83.306,32.342],[-83.284,32.324],[-83.346,32.272],[-83.496,32.402],[-83.496,32.452]]]}},{"type":"Feature","id":"26087","properties":{"n":"Lapeer","f":"26087"},"geometry":{"type":"Polygon","coordinates":[[[-83.12,43.328],[-83.12,43.284],[-83,43.284],[-82.998,43.154],[-82.982,42.894],[-83.102,42.888],[-83.454,42.88],[-83.46,43.05],[-83.46,43.224],[-83.46,43.232],[-83.352,43.236],[-83.352,43.322],[-83.12,43.328]]]}},{"type":"Feature","id":"39033","properties":{"n":"Crawford","f":"39033"},"geometry":{"type":"Polygon","coordinates":[[[-83.112,40.994],[-82.854,40.994],[-82.828,40.996],[-82.724,40.996],[-82.728,40.712],[-82.858,40.712],[-82.858,40.704],[-83.112,40.704],[-83.112,40.994]]]}},{"type":"Feature","id":"48471","properties":{"n":"Walker","f":"48471"},"geometry":{"type":"Polygon","coordinates":[[[-95.618,30.93],[-95.434,31.058],[-95.434,30.938],[-95.38,30.888],[-95.398,30.858],[-95.326,30.86],[-95.358,30.504],[-95.362,30.508],[-95.6,30.51],[-95.83,30.63],[-95.862,30.864],[-95.786,30.88],[-95.718,30.912],[-95.654,30.894],[-95.618,30.93]]]}},{"type":"Feature","id":"48047","properties":{"n":"Brooks","f":"48047"},"geometry":{"type":"Polygon","coordinates":[[[-98.524,27.264],[-98.234,27.262],[-98.058,27.262],[-97.986,27.26],[-97.986,27.208],[-97.986,26.782],[-98.32,26.782],[-98.424,26.784],[-98.416,27.056],[-98.468,27.054],[-98.468,27.142],[-98.492,27.142],[-98.492,27.234],[-98.524,27.264]]]}},{"type":"Feature","id":"31029","properties":{"n":"Chase","f":"31029"},"geometry":{"type":"Polygon","coordinates":[[[-102.052,40.44],[-102.052,40.698],[-101.346,40.698],[-101.342,40.35],[-102.052,40.35],[-102.052,40.44]]]}},{"type":"Feature","id":"08021","properties":{"n":"Conejos","f":"08021"},"geometry":{"type":"Polygon","coordinates":[[[-106.68,37.404],[-106.49,37.4],[-106.04,37.4],[-106.04,37.356],[-105.742,37.356],[-105.754,37.344],[-105.722,37.29],[-105.746,37.248],[-105.728,37.18],[-105.75,37.136],[-105.74,37.104],[-105.772,37.042],[-105.718,36.996],[-106.004,36.996],[-106.474,36.994],[-106.59,37.14],[-106.596,37.194],[-106.68,37.228],[-106.68,37.404]]]}},{"type":"Feature","id":"20137","properties":{"n":"Norton","f":"20137"},"geometry":{"type":"Polygon","coordinates":[[[-100.18,40.002],[-99.626,40.002],[-99.626,39.568],[-100.162,39.568],[-100.18,39.566],[-100.18,40.002]]]}},{"type":"Feature","id":"48117","properties":{"n":"Deaf Smith","f":"48117"},"geometry":{"type":"Polygon","coordinates":[[[-103.044,35.184],[-102.168,35.184],[-102.168,34.748],[-102.526,34.748],[-103.044,34.748],[-103.044,34.954],[-103.044,35.184]]]}},{"type":"Feature","id":"13261","properties":{"n":"Sumter","f":"13261"},"geometry":{"type":"Polygon","coordinates":[[[-84.43,32.134],[-84.43,32.166],[-84.182,32.158],[-84.182,32.23],[-84.136,32.228],[-84.136,32.186],[-84.084,32.192],[-84.028,32.17],[-84.034,32.152],[-83.992,32.096],[-83.962,32.03],[-83.924,31.948],[-83.924,31.91],[-84.34,31.916],[-84.34,31.874],[-84.444,31.968],[-84.43,32.134]]]}},{"type":"Feature","id":"55075","properties":{"n":"Marinette","f":"55075"},"geometry":{"type":"Polygon","coordinates":[[[-88.424,45.722],[-88.058,45.714],[-88.058,45.78],[-87.998,45.796],[-87.964,45.758],[-87.878,45.756],[-87.846,45.722],[-87.81,45.712],[-87.782,45.674],[-87.824,45.662],[-87.774,45.598],[-87.804,45.538],[-87.792,45.498],[-87.814,45.464],[-87.86,45.434],[-87.85,45.402],[-87.876,45.382],[-87.85,45.342],[-87.85,45.342],[-87.754,45.35],[-87.696,45.39],[-87.656,45.368],[-87.65,45.34],[-87.688,45.298],[-87.742,45.196],[-87.736,45.172],[-87.688,45.148],[-87.66,45.108],[-87.592,45.096],[-87.628,45.046],[-87.632,44.976],[-87.764,44.966],[-87.76,44.99],[-87.944,44.994],[-87.944,45.02],[-88.122,45.024],[-88.12,45.11],[-88.192,45.112],[-88.188,45.198],[-88.31,45.202],[-88.306,45.374],[-88.428,45.378],[-88.424,45.722]]]}},{"type":"Feature","id":"13199","properties":{"n":"Meriwether","f":"13199"},"geometry":{"type":"Polygon","coordinates":[[[-84.864,33.192],[-84.852,33.224],[-84.502,33.222],[-84.498,33.184],[-84.52,33.122],[-84.538,33.01],[-84.526,32.97],[-84.526,32.914],[-84.508,32.882],[-84.57,32.846],[-84.702,32.844],[-84.752,32.87],[-84.86,32.872],[-84.864,32.97],[-84.864,33.192]]]}},{"type":"Feature","id":"19013","properties":{"n":"Black Hawk","f":"19013"},"geometry":{"type":"Polygon","coordinates":[[[-92.556,42.642],[-92.082,42.642],[-92.082,42.468],[-92.064,42.468],[-92.064,42.298],[-92.298,42.298],[-92.534,42.296],[-92.534,42.47],[-92.556,42.47],[-92.556,42.556],[-92.556,42.642]]]}},{"type":"Feature","id":"19081","properties":{"n":"Hancock","f":"19081"},"geometry":{"type":"Polygon","coordinates":[[[-93.97,43.256],[-93.496,43.256],[-93.5,42.908],[-93.97,42.908],[-93.97,43.256]]]}},{"type":"Feature","id":"27125","properties":{"n":"Red Lake","f":"27125"},"geometry":{"type":"Polygon","coordinates":[[[-96.482,47.964],[-95.71,47.964],[-95.71,47.936],[-95.71,47.848],[-95.836,47.848],[-95.836,47.762],[-96.354,47.76],[-96.354,47.846],[-96.482,47.848],[-96.482,47.964]]]}},{"type":"Feature","id":"31125","properties":{"n":"Nance","f":"31125"},"geometry":{"type":"Polygon","coordinates":[[[-98.292,41.48],[-98.102,41.48],[-98.102,41.496],[-98.04,41.496],[-98.04,41.51],[-97.886,41.512],[-97.828,41.526],[-97.702,41.526],[-97.702,41.394],[-97.706,41.31],[-97.896,41.308],[-97.896,41.294],[-98.054,41.294],[-98.102,41.264],[-98.276,41.264],[-98.274,41.394],[-98.288,41.394],[-98.292,41.394],[-98.292,41.48]]]}},{"type":"Feature","id":"42075","properties":{"n":"Lebanon","f":"42075"},"geometry":{"type":"Polygon","coordinates":[[[-76.536,40.556],[-76.44,40.496],[-76.152,40.316],[-76.306,40.256],[-76.436,40.238],[-76.566,40.198],[-76.626,40.34],[-76.676,40.474],[-76.536,40.556]]]}},{"type":"Feature","id":"48219","properties":{"n":"Hockley","f":"48219"},"geometry":{"type":"Polygon","coordinates":[[[-102.616,33.826],[-102.086,33.824],[-102.074,33.39],[-102.594,33.388],[-102.616,33.826]]]}},{"type":"Feature","id":"48417","properties":{"n":"Shackelford","f":"48417"},"geometry":{"type":"Polygon","coordinates":[[[-99.612,32.956],[-99.472,32.956],[-99.096,32.956],[-99.096,32.514],[-99.114,32.514],[-99.612,32.514],[-99.612,32.956]]]}},{"type":"Feature","id":"48451","properties":{"n":"Tom Green","f":"48451"},"geometry":{"type":"Polygon","coordinates":[[[-101.266,31.556],[-100.864,31.562],[-100.862,31.706],[-100.826,31.696],[-100.236,31.694],[-100.234,31.582],[-100.112,31.58],[-100.114,31.088],[-100.688,31.086],[-100.692,31.524],[-101.266,31.528],[-101.266,31.556]]]}},{"type":"Feature","id":"48497","properties":{"n":"Wise","f":"48497"},"geometry":{"type":"Polygon","coordinates":[[[-97.918,33.434],[-97.488,33.434],[-97.384,33.43],[-97.394,33.184],[-97.398,32.992],[-97.544,32.994],[-97.922,33.002],[-97.918,33.434]]]}},{"type":"Feature","id":"48101","properties":{"n":"Cottle","f":"48101"},"geometry":{"type":"Polygon","coordinates":[[[-100.516,34.314],[-100.416,34.314],[-99.996,34.312],[-99.996,34.224],[-100.01,34.242],[-100.046,34.23],[-100.05,33.836],[-100.52,33.836],[-100.516,34.314]]]}},{"type":"Feature","id":"04023","properties":{"n":"Santa Cruz","f":"04023"},"geometry":{"type":"Polygon","coordinates":[[[-110.452,31.732],[-110.452,31.614],[-110.46,31.614],[-110.462,31.47],[-110.46,31.332],[-111.076,31.332],[-111.368,31.426],[-111.368,31.522],[-111.162,31.522],[-111.162,31.726],[-110.854,31.726],[-110.854,31.732],[-110.452,31.732]]]}},{"type":"Feature","id":"19179","properties":{"n":"Wapello","f":"19179"},"geometry":{"type":"Polygon","coordinates":[[[-92.642,41.16],[-92.408,41.162],[-92.178,41.162],[-92.178,40.9],[-92.638,40.898],[-92.642,41.16]]]}},{"type":"Feature","id":"19031","properties":{"n":"Cedar","f":"19031"},"geometry":{"type":"Polygon","coordinates":[[[-91.368,41.86],[-91.368,41.948],[-90.898,41.946],[-90.898,41.772],[-90.9,41.598],[-91.368,41.598],[-91.368,41.86]]]}},{"type":"Feature","id":"30033","properties":{"n":"Garfield","f":"30033"},"geometry":{"type":"Polygon","coordinates":[[[-107.958,47.268],[-107.958,47.268],[-107.96,47.352],[-107.91,47.404],[-107.91,47.45],[-107.864,47.456],[-107.864,47.514],[-107.818,47.546],[-107.764,47.548],[-107.732,47.572],[-107.696,47.63],[-107.616,47.632],[-107.61,47.648],[-107.52,47.642],[-107.498,47.624],[-107.44,47.626],[-107.416,47.692],[-107.282,47.68],[-107.25,47.662],[-107.114,47.67],[-107.01,47.664],[-106.88,47.678],[-106.862,47.738],[-106.734,47.734],[-106.712,47.772],[-106.654,47.79],[-106.604,47.786],[-106.564,47.84],[-106.51,47.878],[-106.532,47.904],[-106.49,47.932],[-106.5,47.958],[-106.446,47.982],[-106.418,47.958],[-106.36,47.956],[-106.356,47.868],[-106.26,47.868],[-106.26,47.53],[-106.3,47.53],[-106.3,47.354],[-106.17,47.354],[-106.17,47.182],[-106.088,47.182],[-106.088,46.86],[-106.088,46.846],[-106.718,46.846],[-106.718,46.86],[-107.47,46.86],[-107.47,46.852],[-107.892,46.852],[-107.94,46.878],[-107.91,46.97],[-107.886,47],[-107.924,47.046],[-107.96,47.128],[-107.928,47.168],[-107.968,47.252],[-107.958,47.268]]]}},{"type":"Feature","id":"29185","properties":{"n":"St. Clair","f":"29185"},"geometry":{"type":"Polygon","coordinates":[[[-94.06,38.036],[-94.048,38.214],[-93.558,38.202],[-93.524,38.208],[-93.496,38.198],[-93.504,38.074],[-93.51,37.914],[-93.568,37.914],[-93.574,37.828],[-93.628,37.83],[-93.812,37.834],[-93.808,37.894],[-94.066,37.9],[-94.06,38.036]]]}},{"type":"Feature","id":"12091","properties":{"n":"Okaloosa","f":"12091"},"geometry":{"type":"Polygon","coordinates":[[[-86.784,30.998],[-86.688,30.994],[-86.39,30.994],[-86.396,30.378],[-86.634,30.396],[-86.798,30.386],[-86.784,30.998]]]}},{"type":"Feature","id":"21219","properties":{"n":"Todd","f":"21219"},"geometry":{"type":"Polygon","coordinates":[[[-87.336,36.642],[-87.258,37.072],[-87.25,37.04],[-87.118,37.046],[-87.054,37.06],[-87.06,36.644],[-87.114,36.642],[-87.336,36.642]]]}},{"type":"Feature","id":"23003","properties":{"n":"Aroostook","f":"23003"},"geometry":{"type":"Polygon","coordinates":[[[-67.804,45.68],[-68.048,45.64],[-68.26,45.604],[-68.256,45.598],[-68.41,45.574],[-68.432,45.578],[-68.424,45.872],[-68.436,46.042],[-68.436,46.382],[-68.694,46.382],[-68.694,46.396],[-68.82,46.396],[-68.82,46.572],[-69.72,46.574],[-70.022,46.574],[-69.996,46.694],[-69.226,47.46],[-69.178,47.456],[-69.082,47.424],[-69.042,47.428],[-69.052,47.378],[-69.05,47.256],[-69.034,47.242],[-68.902,47.178],[-68.812,47.216],[-68.72,47.242],[-68.618,47.244],[-68.58,47.288],[-68.472,47.298],[-68.382,47.286],[-68.382,47.34],[-68.324,47.36],[-68.234,47.354],[-68.152,47.324],[-68.138,47.296],[-68.02,47.238],[-67.89,47.124],[-67.89,47.112],[-67.79,47.068],[-67.79,46.6],[-67.778,46.004],[-67.782,45.944],[-67.75,45.918],[-67.804,45.884],[-67.754,45.824],[-67.808,45.794],[-67.804,45.68]]]}},{"type":"Feature","id":"27093","properties":{"n":"Meeker","f":"27093"},"geometry":{"type":"Polygon","coordinates":[[[-94.764,45.326],[-94.382,45.326],[-94.382,45.282],[-94.26,45.284],[-94.256,44.98],[-94.502,44.98],[-94.502,44.892],[-94.76,44.892],[-94.764,45.326]]]}},{"type":"Feature","id":"36099","properties":{"n":"Seneca","f":"36099"},"geometry":{"type":"Polygon","coordinates":[[[-76.964,43.014],[-76.712,43.024],[-76.738,42.954],[-76.716,42.838],[-76.742,42.79],[-76.73,42.714],[-76.684,42.67],[-76.666,42.624],[-76.62,42.566],[-76.586,42.55],[-76.698,42.546],[-76.896,42.542],[-76.896,42.664],[-76.936,42.716],[-76.946,42.764],[-76.97,42.764],[-76.982,42.856],[-76.964,42.874],[-76.964,43.014]]]}},{"type":"Feature","id":"20073","properties":{"n":"Greenwood","f":"20073"},"geometry":{"type":"Polygon","coordinates":[[[-96.522,38.086],[-96.356,38.086],[-96.356,38.172],[-95.958,38.17],[-95.958,38.04],[-95.962,37.734],[-95.962,37.604],[-96.526,37.606],[-96.522,38.086]]]}},{"type":"Feature","id":"20101","properties":{"n":"Lane","f":"20101"},"geometry":{"type":"Polygon","coordinates":[[[-100.688,38.7],[-100.248,38.698],[-100.244,38.262],[-100.686,38.264],[-100.688,38.7]]]}},{"type":"Feature","id":"26123","properties":{"n":"Newaygo","f":"26123"},"geometry":{"type":"Polygon","coordinates":[[[-86.042,43.468],[-86.038,43.816],[-85.564,43.816],[-85.564,43.468],[-85.564,43.294],[-85.79,43.294],[-86.038,43.294],[-86.042,43.468]]]}},{"type":"Feature","id":"31035","properties":{"n":"Clay","f":"31035"},"geometry":{"type":"Polygon","coordinates":[[[-98.276,40.698],[-97.824,40.698],[-97.824,40.35],[-98.274,40.35],[-98.276,40.35],[-98.276,40.698]]]}},{"type":"Feature","id":"36073","properties":{"n":"Orleans","f":"36073"},"geometry":{"type":"Polygon","coordinates":[[[-78.464,43.372],[-78.37,43.376],[-78.234,43.368],[-78.106,43.376],[-77.994,43.366],[-77.998,43.134],[-78.464,43.13],[-78.464,43.372]]]}},{"type":"Feature","id":"48441","properties":{"n":"Taylor","f":"48441"},"geometry":{"type":"Polygon","coordinates":[[[-100.146,32.524],[-99.63,32.52],[-99.63,32.514],[-99.63,32.082],[-99.712,32.082],[-100.15,32.082],[-100.146,32.524]]]}},{"type":"Feature","id":"48011","properties":{"n":"Armstrong","f":"48011"},"geometry":{"type":"Polygon","coordinates":[[[-101.622,35.182],[-101.088,35.182],[-101.09,34.748],[-101.472,34.748],[-101.63,34.748],[-101.622,35.182]]]}},{"type":"Feature","id":"48233","properties":{"n":"Hutchinson","f":"48233"},"geometry":{"type":"Polygon","coordinates":[[[-101.622,36.056],[-101.088,36.056],[-101.088,35.626],[-101.622,35.624],[-101.622,36.056]]]}},{"type":"Feature","id":"48235","properties":{"n":"Irion","f":"48235"},"geometry":{"type":"Polygon","coordinates":[[[-101.266,31.528],[-100.692,31.524],[-100.688,31.086],[-100.962,31.082],[-101.274,31.078],[-101.266,31.528]]]}},{"type":"Feature","id":"55137","properties":{"n":"Waushara","f":"55137"},"geometry":{"type":"Polygon","coordinates":[[[-89.598,44.246],[-89.224,44.244],[-88.888,44.242],[-88.888,43.982],[-89.168,43.982],[-89.598,43.982],[-89.598,44.246]]]}},{"type":"Feature","id":"55113","properties":{"n":"Sawyer","f":"55113"},"geometry":{"type":"Polygon","coordinates":[[[-91.55,46.158],[-91.238,46.158],[-90.926,46.154],[-90.926,45.982],[-90.678,45.982],[-90.678,45.638],[-91.54,45.638],[-91.544,45.982],[-91.55,45.984],[-91.55,46.158]]]}},{"type":"Feature","id":"26073","properties":{"n":"Isabella","f":"26073"},"geometry":{"type":"Polygon","coordinates":[[[-85.09,43.814],[-84.606,43.816],[-84.608,43.466],[-84.846,43.466],[-85.086,43.466],[-85.09,43.814]]]}},{"type":"Feature","id":"31171","properties":{"n":"Thomas","f":"31171"},"geometry":{"type":"Polygon","coordinates":[[[-100.846,42.088],[-100.27,42.086],[-100.266,41.74],[-100.71,41.74],[-100.844,41.74],[-100.846,42.088]]]}},{"type":"Feature","id":"48335","properties":{"n":"Mitchell","f":"48335"},"geometry":{"type":"Polygon","coordinates":[[[-101.174,32.524],[-101.174,32.528],[-100.66,32.526],[-100.664,32.086],[-100.822,32.086],[-101.184,32.088],[-101.174,32.524]]]}},{"type":"Feature","id":"08057","properties":{"n":"Jackson","f":"08057"},"geometry":{"type":"Polygon","coordinates":[[[-106.858,41.002],[-106.32,41],[-106.192,40.998],[-106.188,40.938],[-106.138,40.902],[-106.126,40.87],[-106.048,40.804],[-105.948,40.642],[-105.912,40.566],[-105.908,40.516],[-105.868,40.52],[-105.854,40.486],[-105.898,40.47],[-105.9,40.41],[-105.944,40.386],[-105.958,40.35],[-106.026,40.372],[-106.138,40.332],[-106.166,40.344],[-106.23,40.326],[-106.26,40.358],[-106.296,40.356],[-106.3,40.33],[-106.356,40.358],[-106.392,40.346],[-106.456,40.358],[-106.492,40.408],[-106.532,40.366],[-106.612,40.378],[-106.626,40.428],[-106.65,40.446],[-106.654,40.51],[-106.702,40.576],[-106.704,40.616],[-106.668,40.698],[-106.672,40.738],[-106.636,40.812],[-106.69,40.886],[-106.734,40.872],[-106.78,40.906],[-106.802,40.898],[-106.848,40.924],[-106.874,40.97],[-106.858,41.002]]]}},{"type":"Feature","id":"19089","properties":{"n":"Howard","f":"19089"},"geometry":{"type":"Polygon","coordinates":[[[-92.552,43.5],[-92.448,43.5],[-92.078,43.5],[-92.082,43.214],[-92.556,43.214],[-92.552,43.5]]]}},{"type":"Feature","id":"26151","properties":{"n":"Sanilac","f":"26151"},"geometry":{"type":"Polygon","coordinates":[[[-83.12,43.328],[-83.106,43.328],[-83.12,43.676],[-82.606,43.69],[-82.598,43.59],[-82.538,43.438],[-82.524,43.226],[-82.502,43.168],[-82.998,43.154],[-83,43.284],[-83.12,43.284],[-83.12,43.328]]]}},{"type":"Feature","id":"41021","properties":{"n":"Gilliam","f":"41021"},"geometry":{"type":"Polygon","coordinates":[[[-120.652,45.738],[-120.592,45.746],[-120.484,45.694],[-120.404,45.7],[-120.282,45.722],[-120.212,45.726],[-120.172,45.762],[-120.072,45.786],[-120,45.812],[-120.006,45.518],[-120.006,45.258],[-119.88,45.256],[-119.884,45.17],[-119.758,45.17],[-119.762,45.082],[-119.792,45.068],[-119.95,45.066],[-120.494,45.068],[-120.506,45.084],[-120.458,45.116],[-120.48,45.192],[-120.53,45.206],[-120.556,45.252],[-120.526,45.402],[-120.484,45.418],[-120.492,45.468],[-120.448,45.484],[-120.412,45.47],[-120.42,45.5],[-120.366,45.496],[-120.408,45.56],[-120.408,45.594],[-120.44,45.626],[-120.466,45.62],[-120.488,45.652],[-120.548,45.67],[-120.652,45.738]]]}},{"type":"Feature","id":"29119","properties":{"n":"McDonald","f":"29119"},"geometry":{"type":"Polygon","coordinates":[[[-94.62,36.766],[-94.07,36.748],[-94.066,36.738],[-94.078,36.498],[-94.62,36.5],[-94.62,36.668],[-94.62,36.766]]]}},{"type":"Feature","id":"48501","properties":{"n":"Yoakum","f":"48501"},"geometry":{"type":"Polygon","coordinates":[[[-103.058,33.388],[-102.594,33.388],[-102.594,32.958],[-103.066,32.96],[-103.058,33.26],[-103.058,33.388]]]}},{"type":"Feature","id":"48075","properties":{"n":"Childress","f":"48075"},"geometry":{"type":"Polygon","coordinates":[[[-100.416,34.748],[-100,34.746],[-99.996,34.56],[-99.996,34.312],[-100.416,34.314],[-100.416,34.748]]]}},{"type":"Feature","id":"13097","properties":{"n":"Douglas","f":"13097"},"geometry":{"type":"Polygon","coordinates":[[[-84.904,33.78],[-84.878,33.774],[-84.724,33.788],[-84.724,33.806],[-84.624,33.804],[-84.576,33.744],[-84.652,33.684],[-84.656,33.664],[-84.752,33.63],[-84.81,33.574],[-84.906,33.574],[-84.904,33.78]]]}},{"type":"Feature","id":"19181","properties":{"n":"Warren","f":"19181"},"geometry":{"type":"Polygon","coordinates":[[[-93.79,41.512],[-93.442,41.508],[-93.414,41.492],[-93.328,41.49],[-93.328,41.16],[-93.558,41.16],[-93.79,41.162],[-93.79,41.512]]]}},{"type":"Feature","id":"48171","properties":{"n":"Gillespie","f":"48171"},"geometry":{"type":"Polygon","coordinates":[[[-99.304,30.5],[-98.962,30.498],[-98.592,30.5],[-98.59,30.14],[-98.92,30.138],[-99.3,30.134],[-99.304,30.286],[-99.304,30.5]]]}},{"type":"Feature","id":"48125","properties":{"n":"Dickens","f":"48125"},"geometry":{"type":"Polygon","coordinates":[[[-101.04,33.834],[-100.52,33.836],[-100.516,33.398],[-101.038,33.398],[-101.04,33.834]]]}},{"type":"Feature","id":"48283","properties":{"n":"La Salle","f":"48283"},"geometry":{"type":"Polygon","coordinates":[[[-99.396,28.64],[-98.8,28.648],[-98.8,28.646],[-98.8,28.202],[-98.804,28.058],[-99.39,28.03],[-99.394,28.204],[-99.396,28.252],[-99.396,28.64]]]}},{"type":"Feature","id":"26101","properties":{"n":"Manistee","f":"26101"},"geometry":{"type":"Polygon","coordinates":[[[-86.234,44.518],[-85.818,44.512],[-85.822,44.164],[-86.044,44.166],[-86.386,44.178],[-86.342,44.25],[-86.268,44.346],[-86.234,44.518]]]}},{"type":"Feature","id":"31071","properties":{"n":"Garfield","f":"31071"},"geometry":{"type":"Polygon","coordinates":[[[-99.22,42.088],[-98.762,42.088],[-98.758,41.74],[-99.214,41.74],[-99.22,41.74],[-99.22,42.088]]]}},{"type":"Feature","id":"31041","properties":{"n":"Custer","f":"31041"},"geometry":{"type":"Polygon","coordinates":[[[-100.252,41.74],[-100.004,41.738],[-99.688,41.74],[-99.22,41.74],[-99.214,41.74],[-99.214,41.394],[-99.202,41.394],[-99.206,41.046],[-99.426,41.046],[-100.226,41.046],[-100.236,41.046],[-100.236,41.394],[-100.252,41.394],[-100.252,41.74]]]}},{"type":"Feature","id":"08007","properties":{"n":"Archuleta","f":"08007"},"geometry":{"type":"Polygon","coordinates":[[[-107.484,37.422],[-107.128,37.424],[-107.128,37.392],[-106.712,37.396],[-106.712,37.404],[-106.68,37.404],[-106.68,37.228],[-106.596,37.194],[-106.59,37.14],[-106.474,36.994],[-106.87,36.992],[-106.876,37],[-107.422,37],[-107.484,37],[-107.484,37.422]]]}},{"type":"Feature","id":"12043","properties":{"n":"Glades","f":"12043"},"geometry":{"type":"Polygon","coordinates":[[[-81.562,27.034],[-81.268,27.032],[-81.268,27.122],[-81.166,27.122],[-81.17,27.21],[-80.944,27.21],[-80.912,27.174],[-80.872,27.154],[-80.886,26.958],[-80.944,26.77],[-81.566,26.77],[-81.562,27.034]]]}},{"type":"Feature","id":"48195","properties":{"n":"Hansford","f":"48195"},"geometry":{"type":"Polygon","coordinates":[[[-101.622,36.5],[-101.084,36.5],[-101.088,36.058],[-101.088,36.056],[-101.622,36.056],[-101.622,36.5]]]}},{"type":"Feature","id":"53053","properties":{"n":"Pierce","f":"53053"},"geometry":{"type":"MultiPolygon","coordinates":[[[[-122.694,47.104],[-122.638,47.136],[-122.638,47.164],[-122.59,47.178],[-122.562,47.246],[-122.526,47.292],[-122.534,47.316],[-122.444,47.268],[-122.408,47.288],[-122.444,47.3],[-122.418,47.32],[-122.336,47.258],[-122.142,47.256],[-122.11,47.208],[-122.046,47.172],[-121.998,47.172],[-121.938,47.138],[-121.906,47.154],[-121.844,47.144],[-121.794,47.174],[-121.686,47.15],[-121.662,47.16],[-121.59,47.12],[-121.488,47.116],[-121.446,47.084],[-121.382,47.088],[-121.374,47.056],[-121.406,47],[-121.446,46.98],[-121.456,46.924],[-121.524,46.872],[-121.496,46.862],[-121.456,46.784],[-121.758,46.784],[-121.834,46.73],[-121.93,46.74],[-121.956,46.756],[-122.042,46.742],[-122.204,46.762],[-122.272,46.768],[-122.308,46.79],[-122.304,46.828],[-122.45,46.852],[-122.49,46.868],[-122.494,46.906],[-122.562,46.934],[-122.566,46.966],[-122.638,46.978],[-122.674,47.014],[-122.71,47.084],[-122.694,47.104]]],[[[-122.802,47.354],[-122.802,47.404],[-122.548,47.404],[-122.536,47.376],[-122.572,47.328],[-122.548,47.286],[-122.602,47.218],[-122.698,47.284],[-122.67,47.366],[-122.728,47.33],[-122.748,47.276],[-122.642,47.206],[-122.676,47.192],[-122.674,47.15],[-122.712,47.128],[-122.77,47.168],[-122.842,47.258],[-122.8,47.29],[-122.802,47.354]]]]}},{"type":"Feature","id":"13077","properties":{"n":"Coweta","f":"13077"},"geometry":{"type":"Polygon","coordinates":[[[-84.85,33.512],[-84.62,33.51],[-84.608,33.502],[-84.626,33.438],[-84.588,33.358],[-84.534,33.336],[-84.498,33.258],[-84.502,33.222],[-84.852,33.224],[-84.864,33.192],[-84.864,33.224],[-84.94,33.224],[-85.014,33.426],[-84.986,33.456],[-84.94,33.438],[-84.91,33.468],[-84.856,33.494],[-84.85,33.512]]]}},{"type":"Feature","id":"13059","properties":{"n":"Clarke","f":"13059"},"geometry":{"type":"Polygon","coordinates":[[[-83.536,33.966],[-83.5,33.988],[-83.36,34.04],[-83.26,33.998],[-83.274,33.942],[-83.242,33.904],[-83.278,33.848],[-83.324,33.854],[-83.42,33.926],[-83.508,33.932],[-83.536,33.966]]]}},{"type":"Feature","id":"20115","properties":{"n":"Marion","f":"20115"},"geometry":{"type":"Polygon","coordinates":[[[-97.372,38.61],[-96.93,38.61],[-96.93,38.522],[-96.82,38.522],[-96.82,38.348],[-96.838,38.348],[-96.842,38.086],[-97.154,38.088],[-97.154,38.174],[-97.372,38.174],[-97.372,38.61]]]}},{"type":"Feature","id":"27059","properties":{"n":"Isanti","f":"27059"},"geometry":{"type":"Polygon","coordinates":[[[-93.514,45.734],[-93.14,45.73],[-93.14,45.558],[-93.022,45.558],[-93.018,45.412],[-93.094,45.414],[-93.51,45.414],[-93.51,45.558],[-93.514,45.734]]]}},{"type":"Feature","id":"31003","properties":{"n":"Antelope","f":"31003"},"geometry":{"type":"Polygon","coordinates":[[[-98.298,42.436],[-97.836,42.438],[-97.836,42.09],[-97.832,41.916],[-98.294,41.916],[-98.294,42.082],[-98.302,42.088],[-98.298,42.436]]]}},{"type":"Feature","id":"39103","properties":{"n":"Medina","f":"39103"},"geometry":{"type":"Polygon","coordinates":[[[-82.172,41.064],[-82.168,41.136],[-82.074,41.136],[-82.072,41.2],[-81.974,41.2],[-81.97,41.276],[-81.878,41.276],[-81.684,41.276],[-81.688,40.988],[-82.128,40.992],[-82.172,40.992],[-82.172,41.064]]]}},{"type":"Feature","id":"48375","properties":{"n":"Potter","f":"48375"},"geometry":{"type":"Polygon","coordinates":[[[-102.164,35.62],[-101.622,35.62],[-101.622,35.182],[-102.168,35.184],[-102.164,35.62]]]}},{"type":"Feature","id":"48145","properties":{"n":"Falls","f":"48145"},"geometry":{"type":"Polygon","coordinates":[[[-97.28,31.28],[-96.802,31.522],[-96.598,31.22],[-96.83,31.106],[-96.83,31.11],[-97.07,30.986],[-97.28,31.28]]]}},{"type":"Feature","id":"48193","properties":{"n":"Hamilton","f":"48193"},"geometry":{"type":"Polygon","coordinates":[[[-98.464,31.684],[-98.154,31.842],[-98.208,31.918],[-98.004,32.018],[-97.768,31.672],[-98.18,31.464],[-98.27,31.416],[-98.464,31.684]]]}},{"type":"Feature","id":"19185","properties":{"n":"Wayne","f":"19185"},"geometry":{"type":"Polygon","coordinates":[[[-93.558,40.898],[-93.098,40.898],[-93.098,40.584],[-93.374,40.58],[-93.558,40.58],[-93.558,40.898]]]}},{"type":"Feature","id":"48399","properties":{"n":"Runnels","f":"48399"},"geometry":{"type":"Polygon","coordinates":[[[-100.236,32.082],[-100.15,32.082],[-99.712,32.082],[-99.724,31.576],[-100.112,31.58],[-100.234,31.582],[-100.236,31.694],[-100.236,32.082]]]}},{"type":"Feature","id":"04005","properties":{"n":"Coconino","f":"04005"},"geometry":{"type":"Polygon","coordinates":[[[-112.616,36.73],[-112.616,36.73],[-112.61,36.8],[-112.61,36.8],[-112.574,36.892],[-112.53,36.952],[-112.538,37],[-111.35,37.002],[-110.75,37.004],[-110.75,34.264],[-110.79,34.31],[-110.846,34.266],[-110.896,34.302],[-110.948,34.318],[-111.018,34.364],[-111.098,34.396],[-111.148,34.376],[-111.152,34.394],[-111.21,34.408],[-111.248,34.454],[-111.31,34.428],[-111.352,34.442],[-111.4,34.428],[-111.418,34.376],[-111.436,34.446],[-111.464,34.41],[-111.55,34.42],[-111.472,34.458],[-111.554,34.472],[-111.554,34.802],[-111.776,34.804],[-111.776,34.98],[-111.808,34.976],[-112.336,34.974],[-112.336,35.148],[-112.444,35.15],[-112.44,35.26],[-112.472,35.238],[-112.576,35.244],[-112.696,35.312],[-112.756,35.306],[-112.796,35.322],[-112.946,35.352],[-112.976,35.394],[-113.086,35.454],[-113.148,35.478],[-113.176,35.506],[-113.262,35.53],[-113.334,35.528],[-113.334,35.82],[-113.308,35.884],[-113.334,35.912],[-113.316,35.962],[-113.342,35.986],[-113.352,36.05],[-113.308,36.1],[-113.234,36.09],[-113.202,36.12],[-113.202,36.15],[-113.158,36.174],[-113.136,36.166],[-113.032,36.23],[-112.982,36.232],[-112.904,36.254],[-112.868,36.282],[-112.796,36.284],[-112.72,36.348],[-112.662,36.352],[-112.624,36.406],[-112.644,36.46],[-112.624,36.484],[-112.656,36.514],[-112.656,36.558],[-112.62,36.602],[-112.638,36.674],[-112.616,36.73]]]}},{"type":"Feature","id":"20007","properties":{"n":"Barber","f":"20007"},"geometry":{"type":"Polygon","coordinates":[[[-99.012,37.47],[-98.464,37.472],[-98.464,37.384],[-98.348,37.384],[-98.348,36.998],[-98.546,36.998],[-99.002,37],[-99.002,37.384],[-99.012,37.384],[-99.012,37.47]]]}},{"type":"Feature","id":"27133","properties":{"n":"Rock","f":"27133"},"geometry":{"type":"Polygon","coordinates":[[[-96.454,43.85],[-96.066,43.848],[-96.052,43.848],[-96.052,43.5],[-96.454,43.5],[-96.454,43.85]]]}},{"type":"Feature","id":"23029","properties":{"n":"Washington","f":"23029"},"geometry":{"type":"Polygon","coordinates":[[[-68.056,45.252],[-67.94,45.268],[-67.958,45.354],[-68.048,45.64],[-67.804,45.68],[-67.722,45.662],[-67.71,45.68],[-67.674,45.63],[-67.606,45.606],[-67.498,45.586],[-67.448,45.604],[-67.42,45.55],[-67.416,45.502],[-67.462,45.508],[-67.502,45.49],[-67.478,45.432],[-67.42,45.378],[-67.452,45.314],[-67.488,45.28],[-67.406,45.18],[-67.406,45.16],[-67.34,45.126],[-67.294,45.15],[-67.29,45.19],[-67.226,45.164],[-67.158,45.16],[-67.112,45.112],[-67.09,45.068],[-67.118,45.056],[-67.082,45.03],[-67.04,44.946],[-66.986,44.912],[-66.982,44.812],[-67.024,44.768],[-67.06,44.77],[-67.076,44.742],[-67.19,44.646],[-67.276,44.624],[-67.262,44.604],[-67.316,44.598],[-67.294,44.634],[-67.308,44.708],[-67.406,44.682],[-67.362,44.632],[-67.406,44.594],[-67.444,44.606],[-67.492,44.556],[-67.538,44.572],[-67.574,44.562],[-67.566,44.53],[-67.51,44.496],[-67.588,44.448],[-67.636,44.488],[-67.656,44.536],[-67.704,44.528],[-67.714,44.494],[-67.742,44.498],[-67.768,44.548],[-67.794,44.494],[-67.826,44.482],[-67.854,44.42],[-67.88,44.436],[-67.9,44.394],[-67.916,44.43],[-67.958,44.416],[-67.984,44.474],[-68.016,44.59],[-67.994,44.592],[-68.016,44.678],[-68.034,44.674],[-68.106,44.94],[-67.984,44.956],[-68.022,45.144],[-68.056,45.252]]]}},{"type":"Feature","id":"30051","properties":{"n":"Liberty","f":"30051"},"geometry":{"type":"Polygon","coordinates":[[[-111.41,48.22],[-111.274,48.22],[-111.274,48.914],[-111.27,48.998],[-110.742,48.998],[-110.742,48.914],[-110.756,48.22],[-110.828,48.22],[-110.828,48.134],[-111.41,48.132],[-111.41,48.22]]]}},{"type":"Feature","id":"36117","properties":{"n":"Wayne","f":"36117"},"geometry":{"type":"Polygon","coordinates":[[[-77.376,43.278],[-77.266,43.278],[-77.11,43.288],[-77.036,43.272],[-76.952,43.27],[-76.902,43.292],[-76.796,43.31],[-76.724,43.344],[-76.702,43.08],[-76.712,43.024],[-76.964,43.014],[-77.132,43.012],[-77.136,43.04],[-77.372,43.034],[-77.376,43.278]]]}},{"type":"Feature","id":"12027","properties":{"n":"DeSoto","f":"12027"},"geometry":{"type":"Polygon","coordinates":[[[-82.056,27.208],[-82.056,27.338],[-81.566,27.34],[-81.562,27.034],[-81.982,27.036],[-82.056,27.032],[-82.056,27.208]]]}},{"type":"Feature","id":"13015","properties":{"n":"Bartow","f":"13015"},"geometry":{"type":"Polygon","coordinates":[[[-85.046,34.096],[-85.044,34.214],[-85.026,34.214],[-85.022,34.346],[-85.004,34.346],[-85.008,34.392],[-84.954,34.384],[-84.954,34.4],[-84.734,34.396],[-84.734,34.412],[-84.652,34.412],[-84.652,34.228],[-84.66,34.202],[-84.66,34.078],[-84.738,34.08],[-84.922,34.082],[-85.046,34.084],[-85.046,34.096]]]}},{"type":"Feature","id":"19127","properties":{"n":"Marshall","f":"19127"},"geometry":{"type":"Polygon","coordinates":[[[-93.23,42.208],[-93,42.208],[-92.768,42.21],[-92.768,41.862],[-93.23,41.862],[-93.23,42.208]]]}},{"type":"Feature","id":"20047","properties":{"n":"Edwards","f":"20047"},"geometry":{"type":"Polygon","coordinates":[[[-99.57,37.912],[-99.57,38.088],[-99.35,38.088],[-99.35,38],[-99.024,38],[-99.024,37.826],[-99.012,37.826],[-99.012,37.734],[-99.558,37.734],[-99.57,37.912]]]}},{"type":"Feature","id":"26129","properties":{"n":"Ogemaw","f":"26129"},"geometry":{"type":"Polygon","coordinates":[[[-84.372,44.506],[-83.888,44.508],[-83.884,44.162],[-84.168,44.162],[-84.368,44.16],[-84.372,44.506]]]}},{"type":"Feature","id":"31093","properties":{"n":"Howard","f":"31093"},"geometry":{"type":"Polygon","coordinates":[[[-98.744,41.394],[-98.292,41.394],[-98.288,41.394],[-98.288,41.046],[-98.722,41.046],[-98.748,41.046],[-98.744,41.394]]]}},{"type":"Feature","id":"39063","properties":{"n":"Hancock","f":"39063"},"geometry":{"type":"Polygon","coordinates":[[[-83.88,41.168],[-83.42,41.166],[-83.42,40.992],[-83.456,40.992],[-83.456,40.948],[-83.478,40.948],[-83.478,40.904],[-83.514,40.904],[-83.514,40.818],[-83.88,40.82],[-83.88,40.92],[-83.88,41.168]]]}},{"type":"Feature","id":"21209","properties":{"n":"Scott","f":"21209"},"geometry":{"type":"Polygon","coordinates":[[[-84.742,38.352],[-84.624,38.43],[-84.58,38.472],[-84.558,38.492],[-84.526,38.434],[-84.458,38.374],[-84.434,38.3],[-84.444,38.284],[-84.4,38.208],[-84.62,38.13],[-84.626,38.116],[-84.652,38.144],[-84.648,38.176],[-84.706,38.174],[-84.724,38.196],[-84.742,38.352]]]}},{"type":"Feature","id":"37157","properties":{"n":"Rockingham","f":"37157"},"geometry":{"type":"Polygon","coordinates":[[[-80.028,36.542],[-79.714,36.542],[-79.512,36.54],[-79.53,36.25],[-79.534,36.242],[-80.036,36.258],[-80.028,36.542]]]}},{"type":"Feature","id":"48189","properties":{"n":"Hale","f":"48189"},"geometry":{"type":"Polygon","coordinates":[[[-102.088,34.314],[-102,34.314],[-101.564,34.312],[-101.564,33.83],[-102.086,33.824],[-102.088,34.314]]]}},{"type":"Feature","id":"51820","properties":{"n":"Waynesboro","f":"51820"},"geometry":{"type":"Polygon","coordinates":[[[-78.948,38.07],[-78.906,38.1],[-78.866,38.096],[-78.874,38.04],[-78.924,38.032],[-78.948,38.07]]]}},{"type":"Feature","id":"48407","properties":{"n":"San Jacinto","f":"48407"},"geometry":{"type":"Polygon","coordinates":[[[-95.358,30.504],[-95.326,30.86],[-95.312,30.898],[-95.252,30.906],[-95.244,30.866],[-95.2,30.824],[-95.132,30.782],[-95.148,30.714],[-95.112,30.692],[-95.104,30.658],[-95.054,30.68],[-95.008,30.606],[-95.028,30.58],[-94.964,30.576],[-94.834,30.53],[-94.868,30.512],[-94.85,30.494],[-94.842,30.488],[-95.166,30.346],[-95.226,30.32],[-95.204,30.348],[-95.236,30.378],[-95.316,30.412],[-95.358,30.504]]]}},{"type":"Feature","id":"55135","properties":{"n":"Waupaca","f":"55135"},"geometry":{"type":"Polygon","coordinates":[[[-89.224,44.682],[-88.604,44.678],[-88.608,44.59],[-88.736,44.59],[-88.74,44.244],[-88.888,44.242],[-89.224,44.244],[-89.224,44.682]]]}},{"type":"Feature","id":"39067","properties":{"n":"Harrison","f":"39067"},"geometry":{"type":"Polygon","coordinates":[[[-81.34,40.214],[-81.336,40.304],[-81.274,40.304],[-81.27,40.434],[-80.94,40.424],[-80.866,40.422],[-80.884,40.16],[-81.22,40.172],[-81.224,40.17],[-81.34,40.172],[-81.34,40.214]]]}},{"type":"Feature","id":"13087","properties":{"n":"Decatur","f":"13087"},"geometry":{"type":"Polygon","coordinates":[[[-84.874,30.728],[-84.85,30.772],[-84.788,30.802],[-84.756,30.896],[-84.752,31.042],[-84.73,31.07],[-84.644,31.068],[-84.644,31.08],[-84.544,31.078],[-84.508,31.078],[-84.376,31.078],[-84.38,30.69],[-84.864,30.712],[-84.874,30.728]]]}},{"type":"Feature","id":"27019","properties":{"n":"Carver","f":"27019"},"geometry":{"type":"Polygon","coordinates":[[[-94.012,44.978],[-93.768,44.978],[-93.768,44.89],[-93.524,44.892],[-93.522,44.804],[-93.6,44.782],[-93.632,44.738],[-93.618,44.708],[-93.668,44.696],[-93.698,44.67],[-93.768,44.64],[-93.768,44.674],[-93.888,44.674],[-93.888,44.718],[-94.01,44.718],[-94.012,44.978]]]}},{"type":"Feature","id":"27067","properties":{"n":"Kandiyohi","f":"27067"},"geometry":{"type":"Polygon","coordinates":[[[-95.254,45.412],[-95.132,45.412],[-94.764,45.414],[-94.764,45.326],[-94.76,44.892],[-95.248,44.89],[-95.248,45.152],[-95.254,45.238],[-95.254,45.412]]]}},{"type":"Feature","id":"55071","properties":{"n":"Manitowoc","f":"55071"},"geometry":{"type":"Polygon","coordinates":[[[-88.044,44.24],[-87.89,44.24],[-87.886,44.328],[-87.768,44.328],[-87.542,44.328],[-87.542,44.294],[-87.512,44.24],[-87.52,44.18],[-87.562,44.144],[-87.646,44.104],[-87.656,44.052],[-87.684,44.02],[-87.732,43.892],[-88.04,43.892],[-88.044,43.98],[-88.044,44.24]]]}},{"type":"Feature","id":"01013","properties":{"n":"Butler","f":"01013"},"geometry":{"type":"Polygon","coordinates":[[[-86.856,31.962],[-86.446,31.964],[-86.446,31.7],[-86.45,31.656],[-86.5,31.656],[-86.5,31.526],[-86.702,31.524],[-86.838,31.524],[-86.866,31.546],[-86.906,31.632],[-86.906,31.754],[-86.906,31.83],[-86.91,31.962],[-86.856,31.962]]]}},{"type":"Feature","id":"13169","properties":{"n":"Jones","f":"13169"},"geometry":{"type":"Polygon","coordinates":[[[-83.816,33.132],[-83.546,33.172],[-83.428,33.186],[-83.414,33.106],[-83.356,32.926],[-83.406,32.898],[-83.514,32.846],[-83.6,32.888],[-83.658,32.888],[-83.698,32.916],[-83.712,32.952],[-83.748,33.064],[-83.816,33.132]]]}},{"type":"Feature","id":"19069","properties":{"n":"Franklin","f":"19069"},"geometry":{"type":"Polygon","coordinates":[[[-93.5,42.908],[-93.026,42.908],[-93.026,42.556],[-93.5,42.558],[-93.5,42.908]]]}},{"type":"Feature","id":"20193","properties":{"n":"Thomas","f":"20193"},"geometry":{"type":"Polygon","coordinates":[[[-101.388,39.568],[-100.74,39.568],[-100.722,39.568],[-100.722,39.134],[-100.81,39.134],[-101.392,39.136],[-101.388,39.568]]]}},{"type":"Feature","id":"26035","properties":{"n":"Clare","f":"26035"},"geometry":{"type":"Polygon","coordinates":[[[-85.086,44.164],[-84.852,44.162],[-84.608,44.16],[-84.606,43.816],[-85.09,43.814],[-85.086,44.164]]]}},{"type":"Feature","id":"26039","properties":{"n":"Crawford","f":"26039"},"geometry":{"type":"Polygon","coordinates":[[[-84.846,44.858],[-84.372,44.854],[-84.372,44.506],[-84.472,44.51],[-84.85,44.512],[-84.846,44.858]]]}},{"type":"Feature","id":"29225","properties":{"n":"Webster","f":"29225"},"geometry":{"type":"Polygon","coordinates":[[[-93.072,37.416],[-93.072,37.488],[-92.854,37.484],[-92.688,37.482],[-92.692,37.264],[-92.678,37.264],[-92.684,37.066],[-92.904,37.07],[-92.904,37.086],[-93.066,37.088],[-93.062,37.27],[-93.076,37.27],[-93.072,37.416]]]}},{"type":"Feature","id":"31005","properties":{"n":"Arthur","f":"31005"},"geometry":{"type":"Polygon","coordinates":[[[-101.984,41.742],[-101.424,41.744],[-101.406,41.744],[-101.406,41.396],[-101.984,41.394],[-101.984,41.742]]]}},{"type":"Feature","id":"31143","properties":{"n":"Polk","f":"31143"},"geometry":{"type":"Polygon","coordinates":[[[-97.828,41.174],[-97.768,41.234],[-97.66,41.306],[-97.598,41.318],[-97.598,41.332],[-97.524,41.362],[-97.452,41.368],[-97.368,41.396],[-97.368,41.046],[-97.824,41.046],[-97.828,41.174]]]}},{"type":"Feature","id":"48131","properties":{"n":"Duval","f":"48131"},"geometry":{"type":"Polygon","coordinates":[[[-98.804,28.058],[-98.334,28.058],[-98.234,28.058],[-98.234,27.262],[-98.524,27.264],[-98.522,27.342],[-98.59,27.358],[-98.798,27.354],[-98.804,28.058]]]}},{"type":"Feature","id":"48341","properties":{"n":"Moore","f":"48341"},"geometry":{"type":"Polygon","coordinates":[[[-102.164,36.056],[-101.622,36.056],[-101.622,35.624],[-101.622,35.62],[-102.164,35.62],[-102.164,35.628],[-102.164,36.056]]]}},{"type":"Feature","id":"48317","properties":{"n":"Martin","f":"48317"},"geometry":{"type":"Polygon","coordinates":[[[-102.21,32.524],[-102.204,32.524],[-101.69,32.526],[-101.694,32.088],[-101.776,32.086],[-102.21,32.086],[-102.21,32.524]]]}},{"type":"Feature","id":"39083","properties":{"n":"Knox","f":"39083"},"geometry":{"type":"Polygon","coordinates":[[[-82.746,40.35],[-82.646,40.344],[-82.642,40.55],[-82.624,40.55],[-82.376,40.55],[-82.336,40.556],[-82.218,40.568],[-82.178,40.574],[-82.186,40.456],[-82.196,40.24],[-82.476,40.246],[-82.476,40.264],[-82.75,40.276],[-82.746,40.35]]]}},{"type":"Feature","id":"48293","properties":{"n":"Limestone","f":"48293"},"geometry":{"type":"Polygon","coordinates":[[[-96.93,31.708],[-96.72,31.816],[-96.496,31.796],[-96.238,31.414],[-96.324,31.374],[-96.32,31.358],[-96.598,31.22],[-96.802,31.522],[-96.93,31.708]]]}},{"type":"Feature","id":"19055","properties":{"n":"Delaware","f":"19055"},"geometry":{"type":"Polygon","coordinates":[[[-91.608,42.644],[-91.134,42.646],[-91.13,42.296],[-91.364,42.296],[-91.598,42.296],[-91.598,42.47],[-91.608,42.47],[-91.608,42.644]]]}},{"type":"Feature","id":"31159","properties":{"n":"Seward","f":"31159"},"geometry":{"type":"Polygon","coordinates":[[[-97.368,41.046],[-96.91,41.046],[-96.91,40.698],[-96.914,40.698],[-97.368,40.698],[-97.368,41.046]]]}},{"type":"Feature","id":"48507","properties":{"n":"Zavala","f":"48507"},"geometry":{"type":"Polygon","coordinates":[[[-100.112,29.086],[-99.414,29.092],[-99.408,28.64],[-100.114,28.648],[-100.112,29.086]]]}},{"type":"Feature","id":"23031","properties":{"n":"York","f":"23031"},"geometry":{"type":"Polygon","coordinates":[[[-70.988,43.792],[-70.958,43.786],[-70.888,43.806],[-70.782,43.814],[-70.766,43.792],[-70.696,43.806],[-70.654,43.788],[-70.642,43.756],[-70.658,43.702],[-70.578,43.688],[-70.546,43.714],[-70.456,43.642],[-70.492,43.606],[-70.352,43.536],[-70.384,43.496],[-70.364,43.44],[-70.392,43.402],[-70.428,43.39],[-70.416,43.36],[-70.468,43.34],[-70.518,43.344],[-70.554,43.322],[-70.592,43.238],[-70.574,43.222],[-70.626,43.154],[-70.622,43.134],[-70.672,43.07],[-70.704,43.06],[-70.818,43.124],[-70.83,43.188],[-70.808,43.224],[-70.956,43.334],[-70.988,43.38],[-70.958,43.466],[-70.962,43.542],[-70.974,43.57],[-70.988,43.792]]]}},{"type":"Feature","id":"26119","properties":{"n":"Montmorency","f":"26119"},"geometry":{"type":"Polygon","coordinates":[[[-84.364,45.198],[-84.246,45.198],[-83.88,45.202],[-83.88,45.03],[-83.892,45.03],[-83.888,44.856],[-84.372,44.854],[-84.364,45.198]]]}},{"type":"Feature","id":"42007","properties":{"n":"Beaver","f":"42007"},"geometry":{"type":"Polygon","coordinates":[[[-80.52,40.638],[-80.52,40.852],[-80.158,40.856],[-80.148,40.674],[-80.144,40.614],[-80.18,40.61],[-80.36,40.478],[-80.52,40.478],[-80.52,40.638]]]}},{"type":"Feature","id":"48079","properties":{"n":"Cochran","f":"48079"},"geometry":{"type":"Polygon","coordinates":[[[-103.058,33.388],[-103.054,33.57],[-103.048,33.824],[-102.616,33.826],[-102.594,33.388],[-103.058,33.388]]]}},{"type":"Feature","id":"26051","properties":{"n":"Gladwin","f":"26051"},"geometry":{"type":"Polygon","coordinates":[[[-84.608,44.16],[-84.368,44.16],[-84.168,44.162],[-84.168,43.996],[-84.168,43.826],[-84.364,43.828],[-84.368,43.814],[-84.606,43.816],[-84.608,44.16]]]}},{"type":"Feature","id":"08121","properties":{"n":"Washington","f":"08121"},"geometry":{"type":"Polygon","coordinates":[[[-103.708,39.74],[-103.704,40.002],[-103.47,40.002],[-103.47,40.35],[-103.468,40.436],[-103.388,40.436],[-102.782,40.438],[-102.782,40.35],[-102.792,40.352],[-102.792,40.002],[-102.804,40.002],[-102.804,39.568],[-103.154,39.566],[-103.708,39.566],[-103.708,39.74]]]}},{"type":"Feature","id":"19019","properties":{"n":"Buchanan","f":"19019"},"geometry":{"type":"Polygon","coordinates":[[[-92.082,42.642],[-91.608,42.644],[-91.608,42.47],[-91.598,42.47],[-91.598,42.296],[-91.83,42.3],[-92.064,42.298],[-92.064,42.468],[-92.082,42.468],[-92.082,42.642]]]}},{"type":"Feature","id":"19187","properties":{"n":"Webster","f":"19187"},"geometry":{"type":"Polygon","coordinates":[[[-94.444,42.646],[-93.974,42.644],[-93.97,42.558],[-93.974,42.472],[-93.93,42.472],[-93.93,42.21],[-94.164,42.21],[-94.396,42.208],[-94.396,42.474],[-94.444,42.474],[-94.444,42.558],[-94.444,42.646]]]}},{"type":"Feature","id":"20057","properties":{"n":"Ford","f":"20057"},"geometry":{"type":"Polygon","coordinates":[[[-100.226,37.914],[-99.57,37.912],[-99.558,37.734],[-99.554,37.468],[-99.774,37.468],[-100.108,37.474],[-100.216,37.476],[-100.216,37.826],[-100.226,37.826],[-100.226,37.914]]]}},{"type":"Feature","id":"26135","properties":{"n":"Oscoda","f":"26135"},"geometry":{"type":"Polygon","coordinates":[[[-84.372,44.854],[-83.888,44.856],[-83.888,44.508],[-84.372,44.506],[-84.372,44.854]]]}},{"type":"Feature","id":"31137","properties":{"n":"Phelps","f":"31137"},"geometry":{"type":"Polygon","coordinates":[[[-99.644,40.684],[-99.584,40.678],[-99.444,40.678],[-99.418,40.672],[-99.332,40.672],[-99.246,40.66],[-99.178,40.66],[-99.178,40.35],[-99.63,40.35],[-99.64,40.35],[-99.644,40.684]]]}},{"type":"Feature","id":"31039","properties":{"n":"Cuming","f":"31039"},"geometry":{"type":"Polygon","coordinates":[[[-97.02,42.09],[-96.824,42.09],[-96.554,42.09],[-96.554,42.016],[-96.554,41.742],[-96.906,41.742],[-97.02,41.744],[-97.02,42.09]]]}},{"type":"Feature","id":"45045","properties":{"n":"Greenville","f":"45045"},"geometry":{"type":"Polygon","coordinates":[[[-82.574,35.144],[-82.458,35.178],[-82.434,35.17],[-82.39,35.216],[-82.354,35.192],[-82.214,35.196],[-82.226,34.85],[-82.146,34.786],[-82.236,34.588],[-82.236,34.536],[-82.316,34.484],[-82.416,34.554],[-82.426,34.596],[-82.456,34.626],[-82.466,34.706],[-82.452,34.776],[-82.488,34.82],[-82.494,34.894],[-82.516,34.926],[-82.538,35.016],[-82.596,35.008],[-82.598,35.04],[-82.57,35.074],[-82.642,35.06],[-82.678,35.066],[-82.75,35.048],[-82.764,35.068],[-82.656,35.12],[-82.574,35.144]]]}},{"type":"Feature","id":"48151","properties":{"n":"Fisher","f":"48151"},"geometry":{"type":"Polygon","coordinates":[[[-100.656,32.964],[-100.52,32.962],[-100.144,32.96],[-100.146,32.524],[-100.66,32.526],[-100.656,32.964]]]}},{"type":"Feature","id":"37069","properties":{"n":"Franklin","f":"37069"},"geometry":{"type":"Polygon","coordinates":[[[-78.496,36.174],[-78.42,36.164],[-78.378,36.236],[-78.338,36.234],[-78.306,36.266],[-78.174,36.256],[-78.134,36.246],[-78.102,36.21],[-78.044,36.216],[-78.008,36.202],[-78.256,35.818],[-78.306,35.896],[-78.352,35.912],[-78.352,35.93],[-78.396,35.936],[-78.428,35.974],[-78.546,36.022],[-78.544,36.08],[-78.496,36.174]]]}},{"type":"Feature","id":"39039","properties":{"n":"Defiance","f":"39039"},"geometry":{"type":"Polygon","coordinates":[[[-84.802,41.426],[-84.344,41.428],[-84.228,41.428],[-84.228,41.166],[-84.344,41.166],[-84.344,41.21],[-84.458,41.21],[-84.458,41.254],[-84.802,41.252],[-84.802,41.27],[-84.802,41.426]]]}},{"type":"Feature","id":"48023","properties":{"n":"Baylor","f":"48023"},"geometry":{"type":"Polygon","coordinates":[[[-99.476,33.834],[-98.952,33.834],[-98.956,33.398],[-99.472,33.4],[-99.476,33.734],[-99.476,33.834]]]}},{"type":"Feature","id":"48365","properties":{"n":"Panola","f":"48365"},"geometry":{"type":"Polygon","coordinates":[[[-94.49,32.394],[-94.44,32.362],[-94.382,32.366],[-94.35,32.326],[-94.042,32.392],[-94.042,32.196],[-94.042,31.992],[-94.012,31.982],[-94.016,31.98],[-94.512,31.974],[-94.602,31.974],[-94.602,32.08],[-94.58,32.16],[-94.58,32.202],[-94.558,32.25],[-94.53,32.272],[-94.494,32.356],[-94.49,32.394]]]}},{"type":"Feature","id":"53001","properties":{"n":"Adams","f":"53001"},"geometry":{"type":"Polygon","coordinates":[[[-118.98,47.262],[-117.96,47.26],[-117.972,46.868],[-118.004,46.848],[-118.014,46.786],[-118.046,46.768],[-118.098,46.78],[-118.162,46.748],[-118.212,46.738],[-118.446,46.738],[-119.368,46.738],[-119.368,46.912],[-118.984,46.912],[-118.98,47.262]]]}},{"type":"Feature","id":"19015","properties":{"n":"Boone","f":"19015"},"geometry":{"type":"Polygon","coordinates":[[[-94.164,42.21],[-93.93,42.21],[-93.698,42.208],[-93.698,41.864],[-93.816,41.864],[-94.164,41.864],[-94.164,42.21]]]}},{"type":"Feature","id":"48237","properties":{"n":"Jack","f":"48237"},"geometry":{"type":"Polygon","coordinates":[[[-98.42,33.396],[-98.42,33.468],[-97.98,33.468],[-97.98,33.434],[-97.918,33.434],[-97.922,33.002],[-98.054,33.004],[-98.428,33.008],[-98.42,33.396]]]}},{"type":"Feature","id":"20017","properties":{"n":"Chase","f":"20017"},"geometry":{"type":"Polygon","coordinates":[[[-96.82,38.522],[-96.354,38.522],[-96.356,38.172],[-96.356,38.086],[-96.522,38.086],[-96.842,38.086],[-96.838,38.348],[-96.82,38.348],[-96.82,38.522]]]}},{"type":"Feature","id":"48099","properties":{"n":"Coryell","f":"48099"},"geometry":{"type":"Polygon","coordinates":[[[-98.18,31.464],[-97.768,31.672],[-97.688,31.712],[-97.606,31.588],[-97.42,31.32],[-97.908,31.07],[-98.18,31.464]]]}},{"type":"Feature","id":"26037","properties":{"n":"Clinton","f":"26037"},"geometry":{"type":"Polygon","coordinates":[[[-84.838,43.118],[-84.368,43.118],[-84.364,42.776],[-84.364,42.77],[-84.602,42.77],[-84.838,42.77],[-84.838,43.118]]]}},{"type":"Feature","id":"20207","properties":{"n":"Woodson","f":"20207"},"geometry":{"type":"Polygon","coordinates":[[[-95.958,38.04],[-95.52,38.038],[-95.524,37.732],[-95.962,37.734],[-95.958,38.04]]]}},{"type":"Feature","id":"19159","properties":{"n":"Ringgold","f":"19159"},"geometry":{"type":"Polygon","coordinates":[[[-94.472,40.9],[-94.016,40.898],[-94.016,40.574],[-94.232,40.572],[-94.472,40.57],[-94.472,40.9]]]}},{"type":"Feature","id":"19165","properties":{"n":"Shelby","f":"19165"},"geometry":{"type":"Polygon","coordinates":[[[-95.556,41.864],[-95.094,41.864],[-95.094,41.602],[-95.04,41.602],[-95.04,41.504],[-95.154,41.506],[-95.498,41.506],[-95.498,41.602],[-95.56,41.602],[-95.556,41.864]]]}},{"type":"Feature","id":"19175","properties":{"n":"Union","f":"19175"},"geometry":{"type":"Polygon","coordinates":[[[-94.472,41.158],[-94.242,41.158],[-94.012,41.156],[-94.016,40.898],[-94.472,40.9],[-94.472,41.158]]]}},{"type":"Feature","id":"19003","properties":{"n":"Adams","f":"19003"},"geometry":{"type":"Polygon","coordinates":[[[-94.928,41.158],[-94.702,41.158],[-94.472,41.158],[-94.472,40.9],[-94.928,40.9],[-94.928,41.158]]]}},{"type":"Feature","id":"26023","properties":{"n":"Branch","f":"26023"},"geometry":{"type":"Polygon","coordinates":[[[-85.294,42.072],[-84.828,42.072],[-84.824,41.76],[-85.198,41.76],[-85.29,41.76],[-85.294,42.072]]]}},{"type":"Feature","id":"37151","properties":{"n":"Randolph","f":"37151"},"geometry":{"type":"Polygon","coordinates":[[[-80.046,35.92],[-79.54,35.9],[-79.54,35.844],[-79.556,35.516],[-79.766,35.512],[-80.068,35.506],[-80.046,35.92]]]}},{"type":"Feature","id":"20199","properties":{"n":"Wallace","f":"20199"},"geometry":{"type":"Polygon","coordinates":[[[-102.046,39.134],[-101.478,39.134],[-101.486,38.7],[-101.568,38.7],[-102.046,38.698],[-102.046,39.046],[-102.046,39.134]]]}},{"type":"Feature","id":"51595","properties":{"n":"Emporia","f":"51595"},"geometry":{"type":"Polygon","coordinates":[[[-77.556,36.714],[-77.52,36.712],[-77.51,36.682],[-77.556,36.674],[-77.556,36.714]]]}},{"type":"Feature","id":"48295","properties":{"n":"Lipscomb","f":"48295"},"geometry":{"type":"Polygon","coordinates":[[[-100.546,36.5],[-100.004,36.5],[-100,36.5],[-100,36.056],[-100.542,36.056],[-100.546,36.056],[-100.546,36.5]]]}},{"type":"Feature","id":"19123","properties":{"n":"Mahaska","f":"19123"},"geometry":{"type":"Polygon","coordinates":[[[-92.872,41.508],[-92.756,41.508],[-92.412,41.51],[-92.408,41.162],[-92.642,41.16],[-92.872,41.16],[-92.872,41.508]]]}},{"type":"Feature","id":"20059","properties":{"n":"Franklin","f":"20059"},"geometry":{"type":"Polygon","coordinates":[[[-95.502,38.74],[-95.058,38.738],[-95.064,38.694],[-95.064,38.39],[-95.51,38.39],[-95.51,38.434],[-95.51,38.696],[-95.502,38.74]]]}},{"type":"Feature","id":"51530","properties":{"n":"Buena Vista","f":"51530"},"geometry":{"type":"Polygon","coordinates":[[[-79.382,37.742],[-79.332,37.76],[-79.326,37.744],[-79.372,37.696],[-79.382,37.742]]]}},{"type":"Feature","id":"51590","properties":{"n":"Danville","f":"51590"},"geometry":{"type":"Polygon","coordinates":[[[-79.344,36.54],[-79.47,36.54],[-79.458,36.576],[-79.52,36.604],[-79.502,36.618],[-79.422,36.602],[-79.398,36.644],[-79.364,36.608],[-79.332,36.602],[-79.304,36.57],[-79.336,36.572],[-79.344,36.54]]]}},{"type":"Feature","id":"51640","properties":{"n":"Galax","f":"51640"},"geometry":{"type":"Polygon","coordinates":[[[-80.934,36.672],[-80.92,36.694],[-80.88,36.692],[-80.916,36.65],[-80.934,36.672]]]}},{"type":"Feature","id":"51660","properties":{"n":"Harrisonburg","f":"51660"},"geometry":{"type":"Polygon","coordinates":[[[-78.916,38.438],[-78.87,38.48],[-78.834,38.454],[-78.826,38.42],[-78.88,38.412],[-78.912,38.39],[-78.916,38.438]]]}},{"type":"Feature","id":"51690","properties":{"n":"Martinsville","f":"51690"},"geometry":{"type":"Polygon","coordinates":[[[-79.904,36.684],[-79.882,36.712],[-79.838,36.704],[-79.832,36.646],[-79.86,36.65],[-79.904,36.684]]]}},{"type":"Feature","id":"19001","properties":{"n":"Adair","f":"19001"},"geometry":{"type":"Polygon","coordinates":[[[-94.702,41.504],[-94.242,41.504],[-94.242,41.158],[-94.472,41.158],[-94.702,41.158],[-94.698,41.332],[-94.702,41.504]]]}},{"type":"Feature","id":"29219","properties":{"n":"Warren","f":"29219"},"geometry":{"type":"Polygon","coordinates":[[[-91.264,38.992],[-91.188,38.992],[-91.188,38.932],[-91.11,38.932],[-91.112,38.872],[-90.958,38.87],[-90.966,38.548],[-91.008,38.562],[-91.056,38.608],[-91.134,38.598],[-91.228,38.622],[-91.228,38.644],[-91.318,38.708],[-91.368,38.7],[-91.418,38.71],[-91.414,38.844],[-91.264,38.844],[-91.264,38.992]]]}},{"type":"Feature","id":"37197","properties":{"n":"Yadkin","f":"37197"},"geometry":{"type":"Polygon","coordinates":[[[-80.872,36.236],[-80.75,36.264],[-80.686,36.268],[-80.654,36.252],[-80.624,36.286],[-80.592,36.27],[-80.55,36.286],[-80.536,36.26],[-80.466,36.26],[-80.452,36.242],[-80.438,36.138],[-80.518,36.094],[-80.496,36.046],[-80.694,36.052],[-80.884,36.056],[-80.872,36.236]]]}},{"type":"Feature","id":"26057","properties":{"n":"Gratiot","f":"26057"},"geometry":{"type":"Polygon","coordinates":[[[-84.846,43.466],[-84.608,43.466],[-84.368,43.466],[-84.368,43.128],[-84.368,43.118],[-84.838,43.118],[-84.836,43.292],[-84.846,43.292],[-84.846,43.466]]]}},{"type":"Feature","id":"21129","properties":{"n":"Lee","f":"21129"},"geometry":{"type":"Polygon","coordinates":[[[-83.906,37.542],[-83.834,37.636],[-83.822,37.666],[-83.748,37.716],[-83.722,37.716],[-83.708,37.716],[-83.618,37.668],[-83.522,37.638],[-83.578,37.506],[-83.622,37.51],[-83.636,37.54],[-83.68,37.512],[-83.734,37.522],[-83.744,37.494],[-83.83,37.486],[-83.884,37.518],[-83.906,37.542]]]}},{"type":"Feature","id":"20133","properties":{"n":"Neosho","f":"20133"},"geometry":{"type":"Polygon","coordinates":[[[-95.524,37.732],[-95.09,37.732],[-95.09,37.674],[-95.09,37.384],[-95.52,37.384],[-95.524,37.384],[-95.524,37.732]]]}},{"type":"Feature","id":"26067","properties":{"n":"Ionia","f":"26067"},"geometry":{"type":"Polygon","coordinates":[[[-85.312,43.118],[-84.838,43.118],[-84.838,42.77],[-85.076,42.77],[-85.308,42.77],[-85.312,43.118]]]}},{"type":"Feature","id":"26077","properties":{"n":"Kalamazoo","f":"26077"},"geometry":{"type":"Polygon","coordinates":[[[-85.764,42.42],[-85.542,42.422],[-85.298,42.42],[-85.294,42.072],[-85.764,42.068],[-85.764,42.42]]]}},{"type":"Feature","id":"21149","properties":{"n":"McLean","f":"21149"},"geometry":{"type":"Polygon","coordinates":[[[-87.494,37.648],[-87.408,37.684],[-87.262,37.622],[-87.096,37.566],[-87.038,37.56],[-87.104,37.48],[-87.1,37.416],[-87.172,37.414],[-87.212,37.382],[-87.298,37.392],[-87.352,37.424],[-87.362,37.488],[-87.352,37.518],[-87.376,37.57],[-87.398,37.588],[-87.484,37.6],[-87.494,37.648]]]}},{"type":"Feature","id":"27033","properties":{"n":"Cottonwood","f":"27033"},"geometry":{"type":"Polygon","coordinates":[[[-95.462,44.196],[-95.108,44.196],[-95.1,44.108],[-94.86,44.108],[-94.86,43.848],[-95.452,43.848],[-95.462,43.848],[-95.462,44.196]]]}},{"type":"Feature","id":"26085","properties":{"n":"Lake","f":"26085"},"geometry":{"type":"Polygon","coordinates":[[[-86.044,44.166],[-85.822,44.164],[-85.564,44.166],[-85.564,43.816],[-86.038,43.816],[-86.044,44.166]]]}},{"type":"Feature","id":"26105","properties":{"n":"Mason","f":"26105"},"geometry":{"type":"Polygon","coordinates":[[[-86.386,44.178],[-86.044,44.166],[-86.038,43.816],[-86.432,43.82],[-86.432,43.856],[-86.464,43.97],[-86.514,44.048],[-86.5,44.076],[-86.428,44.12],[-86.386,44.178]]]}},{"type":"Feature","id":"26107","properties":{"n":"Mecosta","f":"26107"},"geometry":{"type":"Polygon","coordinates":[[[-85.564,43.816],[-85.09,43.814],[-85.086,43.466],[-85.564,43.468],[-85.564,43.816]]]}},{"type":"Feature","id":"26121","properties":{"n":"Muskegon","f":"26121"},"geometry":{"type":"Polygon","coordinates":[[[-86.462,43.472],[-86.042,43.468],[-86.038,43.294],[-85.79,43.294],[-85.79,43.206],[-85.908,43.206],[-85.908,43.118],[-86.27,43.118],[-86.396,43.316],[-86.436,43.398],[-86.462,43.472]]]}},{"type":"Feature","id":"27047","properties":{"n":"Freeborn","f":"27047"},"geometry":{"type":"Polygon","coordinates":[[[-93.646,43.848],[-93.406,43.848],[-93.05,43.848],[-93.05,43.5],[-93.496,43.5],[-93.646,43.5],[-93.646,43.848]]]}},{"type":"Feature","id":"27009","properties":{"n":"Benton","f":"27009"},"geometry":{"type":"Polygon","coordinates":[[[-93.766,45.822],[-93.758,45.56],[-94.15,45.56],[-94.204,45.62],[-94.2,45.668],[-94.272,45.774],[-94.354,45.822],[-93.766,45.822]]]}},{"type":"Feature","id":"48129","properties":{"n":"Donley","f":"48129"},"geometry":{"type":"Polygon","coordinates":[[[-101.088,35.182],[-100.538,35.184],[-100.542,34.748],[-100.944,34.748],[-101.09,34.748],[-101.088,35.182]]]}},{"type":"Feature","id":"27041","properties":{"n":"Douglas","f":"27041"},"geometry":{"type":"Polygon","coordinates":[[[-95.768,46.108],[-95.148,46.106],[-95.148,45.932],[-95.14,45.774],[-95.14,45.758],[-95.758,45.76],[-95.758,45.934],[-95.768,45.934],[-95.768,46.108]]]}},{"type":"Feature","id":"45009","properties":{"n":"Bamberg","f":"45009"},"geometry":{"type":"Polygon","coordinates":[[[-81.224,33.44],[-81.188,33.412],[-81.08,33.376],[-80.94,33.304],[-80.848,33.238],[-80.836,33.204],[-80.798,33.176],[-80.894,33.126],[-80.884,33.086],[-80.904,33.06],[-80.938,33.102],[-81.08,33.026],[-81.124,33.054],[-81.192,33.118],[-81.228,33.16],[-81.22,33.206],[-81.214,33.398],[-81.224,33.44]]]}},{"type":"Feature","id":"48013","properties":{"n":"Atascosa","f":"48013"},"geometry":{"type":"Polygon","coordinates":[[[-98.804,29.25],[-98.406,29.114],[-98.19,28.882],[-98.098,28.788],[-98.334,28.612],[-98.334,28.648],[-98.8,28.646],[-98.8,28.648],[-98.804,29.09],[-98.804,29.25]]]}},{"type":"Feature","id":"55069","properties":{"n":"Lincoln","f":"55069"},"geometry":{"type":"Polygon","coordinates":[[[-90.044,45.382],[-90.044,45.554],[-89.43,45.554],[-89.426,45.468],[-89.426,45.12],[-90.044,45.12],[-90.046,45.34],[-90.044,45.382]]]}},{"type":"Feature","id":"51540","properties":{"n":"Charlottesville","f":"51540"},"geometry":{"type":"Polygon","coordinates":[[[-78.522,38.026],[-78.486,38.07],[-78.45,38.058],[-78.454,38.022],[-78.518,38.01],[-78.522,38.026]]]}},{"type":"Feature","id":"30037","properties":{"n":"Golden Valley","f":"30037"},"geometry":{"type":"Polygon","coordinates":[[[-109.656,46.22],[-109.404,46.22],[-109.404,46.49],[-109.39,46.49],[-109.39,46.694],[-109.39,46.752],[-109.008,46.75],[-109.008,46.622],[-108.988,46.578],[-108.904,46.578],[-108.904,46.49],[-108.862,46.452],[-108.862,46.364],[-108.83,46.35],[-108.834,46.322],[-108.78,46.278],[-108.78,46.132],[-108.922,46.132],[-109.414,46.132],[-109.418,46.044],[-109.604,46.044],[-109.604,46.132],[-109.656,46.132],[-109.656,46.22]]]}},{"type":"Feature","id":"55119","properties":{"n":"Taylor","f":"55119"},"geometry":{"type":"Polygon","coordinates":[[[-90.926,45.292],[-90.926,45.38],[-90.678,45.378],[-90.46,45.378],[-90.044,45.382],[-90.046,45.34],[-90.044,45.12],[-90.198,45.12],[-90.198,45.034],[-90.316,45.034],[-90.434,45.03],[-90.922,45.03],[-90.926,45.292]]]}},{"type":"Feature","id":"27101","properties":{"n":"Murray","f":"27101"},"geometry":{"type":"Polygon","coordinates":[[[-96.062,44.196],[-95.592,44.196],[-95.462,44.196],[-95.462,43.848],[-96.052,43.848],[-96.066,43.848],[-96.062,44.196]]]}},{"type":"Feature","id":"55133","properties":{"n":"Waukesha","f":"55133"},"geometry":{"type":"Polygon","coordinates":[[[-88.536,43.196],[-88.418,43.194],[-88.062,43.192],[-88.07,43.016],[-88.07,42.842],[-88.306,42.842],[-88.542,42.842],[-88.542,43.02],[-88.536,43.196]]]}},{"type":"Feature","id":"27117","properties":{"n":"Pipestone","f":"27117"},"geometry":{"type":"Polygon","coordinates":[[[-96.454,44.196],[-96.08,44.196],[-96.062,44.196],[-96.066,43.848],[-96.454,43.85],[-96.454,44.196]]]}},{"type":"Feature","id":"51099","properties":{"n":"King George","f":"51099"},"geometry":{"type":"Polygon","coordinates":[[[-77.286,38.35],[-77.24,38.332],[-77.162,38.346],[-77.14,38.368],[-77.086,38.368],[-77.042,38.4],[-77.01,38.374],[-77.032,38.312],[-76.996,38.278],[-77.046,38.26],[-77.046,38.2],[-77.06,38.162],[-77.114,38.15],[-77.19,38.174],[-77.214,38.198],[-77.254,38.19],[-77.25,38.23],[-77.226,38.242],[-77.326,38.246],[-77.344,38.262],[-77.322,38.346],[-77.286,38.35]]]}},{"type":"Feature","id":"30001","properties":{"n":"Beaverhead","f":"30001"},"geometry":{"type":"Polygon","coordinates":[[[-113.944,45.686],[-113.912,45.698],[-113.916,45.746],[-113.868,45.782],[-113.83,45.75],[-113.696,45.844],[-113.668,45.836],[-113.592,45.85],[-113.528,45.882],[-113.518,45.938],[-113.496,45.936],[-113.43,45.83],[-113.434,45.806],[-113.396,45.766],[-113.362,45.758],[-113.338,45.814],[-113.276,45.818],[-113.23,45.866],[-113.18,45.884],[-113.1,45.882],[-113.086,45.86],[-112.99,45.808],[-112.928,45.802],[-112.904,45.78],[-112.824,45.774],[-112.76,45.748],[-112.734,45.686],[-112.702,45.676],[-112.688,45.624],[-112.688,45.57],[-112.706,45.534],[-112.692,45.484],[-112.626,45.44],[-112.576,45.43],[-112.504,45.444],[-112.466,45.394],[-112.458,45.088],[-112.332,45.088],[-112.332,45],[-112.192,45],[-112.19,44.912],[-112.168,44.912],[-112.168,44.826],[-112.068,44.826],[-112.068,44.784],[-111.78,44.78],[-111.78,44.708],[-111.482,44.708],[-111.468,44.68],[-111.526,44.596],[-111.472,44.54],[-111.586,44.562],[-111.618,44.55],[-111.704,44.56],[-111.716,44.544],[-111.822,44.51],[-111.87,44.564],[-111.948,44.556],[-111.996,44.536],[-112.032,44.546],[-112.106,44.52],[-112.136,44.54],[-112.186,44.532],[-112.228,44.562],[-112.286,44.568],[-112.318,44.538],[-112.35,44.538],[-112.358,44.486],[-112.386,44.448],[-112.472,44.48],[-112.502,44.464],[-112.54,44.484],[-112.66,44.486],[-112.72,44.504],[-112.782,44.484],[-112.836,44.422],[-112.814,44.378],[-112.846,44.358],[-112.886,44.396],[-112.95,44.416],[-113.004,44.452],[-113.026,44.496],[-113.008,44.526],[-113.082,44.596],[-113.05,44.636],[-113.068,44.68],[-113.134,44.774],[-113.248,44.824],[-113.342,44.786],[-113.356,44.82],[-113.456,44.866],[-113.496,44.948],[-113.446,44.96],[-113.438,45.006],[-113.452,45.06],[-113.52,45.092],[-113.514,45.116],[-113.574,45.128],[-113.6,45.19],[-113.686,45.254],[-113.69,45.284],[-113.74,45.33],[-113.732,45.39],[-113.762,45.406],[-113.782,45.456],[-113.762,45.482],[-113.764,45.52],[-113.832,45.52],[-113.808,45.602],[-113.862,45.624],[-113.904,45.622],[-113.898,45.644],[-113.944,45.686]]]}},{"type":"Feature","id":"30107","properties":{"n":"Wheatland","f":"30107"},"geometry":{"type":"Polygon","coordinates":[[[-110.272,46.71],[-110.212,46.708],[-110.19,46.726],[-110.128,46.72],[-110.114,46.738],[-110.05,46.75],[-110.028,46.736],[-109.97,46.752],[-109.82,46.694],[-109.744,46.694],[-109.39,46.694],[-109.39,46.49],[-109.404,46.49],[-109.404,46.22],[-109.656,46.22],[-110.284,46.22],[-110.284,46.49],[-110.272,46.49],[-110.272,46.71]]]}},{"type":"Feature","id":"29043","properties":{"n":"Christian","f":"29043"},"geometry":{"type":"Polygon","coordinates":[[[-93.608,37.098],[-93.066,37.088],[-92.904,37.086],[-92.904,37.07],[-92.91,36.808],[-93.306,36.816],[-93.342,36.818],[-93.338,36.992],[-93.61,36.996],[-93.608,37.098]]]}},{"type":"Feature","id":"29053","properties":{"n":"Cooper","f":"29053"},"geometry":{"type":"Polygon","coordinates":[[[-93.05,38.928],[-93.048,38.972],[-92.936,39.064],[-92.914,39.02],[-92.854,38.982],[-92.792,38.972],[-92.718,38.984],[-92.596,38.968],[-92.56,38.97],[-92.498,38.922],[-92.616,38.694],[-92.616,38.68],[-92.84,38.684],[-93.062,38.692],[-93.05,38.928]]]}},{"type":"Feature","id":"20029","properties":{"n":"Cloud","f":"20029"},"geometry":{"type":"Polygon","coordinates":[[[-97.932,39.654],[-97.368,39.654],[-97.368,39.568],[-97.368,39.306],[-97.928,39.306],[-97.928,39.566],[-97.932,39.566],[-97.932,39.654]]]}},{"type":"Feature","id":"51159","properties":{"n":"Richmond","f":"51159"},"geometry":{"type":"Polygon","coordinates":[[[-76.938,38.076],[-76.878,38.124],[-76.824,38.064],[-76.76,38.032],[-76.766,38.002],[-76.656,37.982],[-76.634,37.966],[-76.554,37.932],[-76.548,37.868],[-76.508,37.838],[-76.566,37.838],[-76.586,37.812],[-76.64,37.792],[-76.68,37.826],[-76.724,37.836],[-76.798,37.924],[-76.838,37.934],[-76.852,37.972],[-76.906,37.998],[-76.938,38.076]]]}},{"type":"Feature","id":"20135","properties":{"n":"Ness","f":"20135"},"geometry":{"type":"Polygon","coordinates":[[[-100.248,38.698],[-100.154,38.698],[-99.598,38.696],[-99.584,38.696],[-99.584,38.35],[-99.584,38.262],[-100.226,38.262],[-100.244,38.262],[-100.248,38.698]]]}},{"type":"Feature","id":"29105","properties":{"n":"Laclede","f":"29105"},"geometry":{"type":"Polygon","coordinates":[[[-92.858,37.896],[-92.62,37.892],[-92.598,37.84],[-92.548,37.8],[-92.502,37.828],[-92.452,37.824],[-92.408,37.86],[-92.412,37.714],[-92.25,37.648],[-92.25,37.604],[-92.25,37.472],[-92.688,37.482],[-92.854,37.484],[-92.846,37.722],[-92.86,37.722],[-92.858,37.896]]]}},{"type":"Feature","id":"29117","properties":{"n":"Livingston","f":"29117"},"geometry":{"type":"Polygon","coordinates":[[[-93.762,39.96],[-93.364,39.968],[-93.364,39.704],[-93.266,39.704],[-93.288,39.682],[-93.262,39.624],[-93.278,39.616],[-93.758,39.612],[-93.758,39.784],[-93.762,39.96]]]}},{"type":"Feature","id":"26137","properties":{"n":"Otsego","f":"26137"},"geometry":{"type":"Polygon","coordinates":[[[-84.856,45.116],[-84.734,45.116],[-84.734,45.202],[-84.364,45.198],[-84.372,44.854],[-84.846,44.858],[-84.856,45.03],[-84.856,45.116]]]}},{"type":"Feature","id":"31087","properties":{"n":"Hitchcock","f":"31087"},"geometry":{"type":"Polygon","coordinates":[[[-101.324,40.002],[-101.324,40.35],[-100.778,40.35],[-100.758,40.35],[-100.76,40.174],[-100.758,40.002],[-101.324,40.002]]]}},{"type":"Feature","id":"26143","properties":{"n":"Roscommon","f":"26143"},"geometry":{"type":"Polygon","coordinates":[[[-84.85,44.512],[-84.472,44.51],[-84.372,44.506],[-84.368,44.16],[-84.608,44.16],[-84.852,44.162],[-84.856,44.436],[-84.85,44.512]]]}},{"type":"Feature","id":"29011","properties":{"n":"Barton","f":"29011"},"geometry":{"type":"Polygon","coordinates":[[[-94.616,37.654],[-94.074,37.64],[-94.074,37.582],[-94.082,37.35],[-94.616,37.364],[-94.616,37.654]]]}},{"type":"Feature","id":"48045","properties":{"n":"Briscoe","f":"48045"},"geometry":{"type":"Polygon","coordinates":[[[-101.472,34.748],[-101.09,34.748],[-100.944,34.748],[-100.948,34.312],[-101.04,34.312],[-101.472,34.312],[-101.472,34.748]]]}},{"type":"Feature","id":"26161","properties":{"n":"Washtenaw","f":"26161"},"geometry":{"type":"Polygon","coordinates":[[[-84.132,42.424],[-83.944,42.424],[-83.664,42.432],[-83.554,42.434],[-83.542,42.262],[-83.54,42.086],[-83.772,42.082],[-84.01,42.078],[-84.132,42.072],[-84.132,42.424]]]}},{"type":"Feature","id":"26015","properties":{"n":"Barry","f":"26015"},"geometry":{"type":"Polygon","coordinates":[[[-85.546,42.768],[-85.308,42.77],[-85.076,42.77],[-85.072,42.422],[-85.298,42.42],[-85.542,42.422],[-85.546,42.768]]]}},{"type":"Feature","id":"51169","properties":{"n":"Scott","f":"51169"},"geometry":{"type":"Polygon","coordinates":[[[-82.772,36.8],[-82.75,36.832],[-82.7,36.816],[-82.656,36.844],[-82.634,36.878],[-82.402,36.884],[-82.406,36.876],[-82.354,36.78],[-82.334,36.71],[-82.294,36.596],[-82.61,36.594],[-82.832,36.594],[-82.986,36.594],[-82.948,36.676],[-82.826,36.734],[-82.828,36.748],[-82.772,36.8]]]}},{"type":"Feature","id":"29145","properties":{"n":"Newton","f":"29145"},"geometry":{"type":"Polygon","coordinates":[[[-94.62,36.998],[-94.62,37.058],[-94.06,37.048],[-94.064,36.932],[-94.07,36.748],[-94.62,36.766],[-94.62,36.998]]]}},{"type":"Feature","id":"31167","properties":{"n":"Stanton","f":"31167"},"geometry":{"type":"Polygon","coordinates":[[[-97.368,42.092],[-97.02,42.09],[-97.02,41.744],[-97.254,41.744],[-97.368,41.744],[-97.368,42.092]]]}},{"type":"Feature","id":"31179","properties":{"n":"Wayne","f":"31179"},"geometry":{"type":"Polygon","coordinates":[[[-97.368,42.352],[-97.018,42.352],[-97.018,42.264],[-96.824,42.264],[-96.824,42.09],[-97.02,42.09],[-97.368,42.092],[-97.368,42.352]]]}},{"type":"Feature","id":"26109","properties":{"n":"Menominee","f":"26109"},"geometry":{"type":"Polygon","coordinates":[[[-87.846,45.722],[-87.696,45.724],[-87.696,45.898],[-87.616,45.898],[-87.616,45.986],[-87.37,45.986],[-87.37,45.898],[-87.326,45.898],[-87.326,45.552],[-87.266,45.55],[-87.326,45.426],[-87.394,45.37],[-87.466,45.274],[-87.614,45.124],[-87.592,45.096],[-87.66,45.108],[-87.688,45.148],[-87.736,45.172],[-87.742,45.196],[-87.688,45.298],[-87.65,45.34],[-87.656,45.368],[-87.696,45.39],[-87.754,45.35],[-87.85,45.342],[-87.85,45.342],[-87.876,45.382],[-87.85,45.402],[-87.86,45.434],[-87.814,45.464],[-87.792,45.498],[-87.804,45.538],[-87.774,45.598],[-87.824,45.662],[-87.782,45.674],[-87.81,45.712],[-87.846,45.722]]]}},{"type":"Feature","id":"48175","properties":{"n":"Goliad","f":"48175"},"geometry":{"type":"Polygon","coordinates":[[[-97.778,28.668],[-97.574,28.814],[-97.42,28.926],[-97.34,28.896],[-97.304,28.864],[-97.304,28.846],[-97.232,28.866],[-97.186,28.832],[-97.16,28.776],[-97.182,28.61],[-97.154,28.57],[-97.16,28.554],[-97.376,28.388],[-97.43,28.412],[-97.458,28.408],[-97.48,28.434],[-97.552,28.45],[-97.56,28.514],[-97.624,28.53],[-97.646,28.52],[-97.696,28.542],[-97.732,28.628],[-97.778,28.668]]]}},{"type":"Feature","id":"48179","properties":{"n":"Gray","f":"48179"},"geometry":{"type":"Polygon","coordinates":[[[-101.088,35.62],[-100.542,35.62],[-100.538,35.184],[-101.088,35.182],[-101.088,35.62]]]}},{"type":"Feature","id":"42121","properties":{"n":"Venango","f":"42121"},"geometry":{"type":"Polygon","coordinates":[[[-80,41.49],[-79.958,41.514],[-79.892,41.574],[-79.828,41.602],[-79.828,41.622],[-79.612,41.618],[-79.612,41.624],[-79.512,41.624],[-79.512,41.466],[-79.522,41.44],[-79.48,41.44],[-79.476,41.386],[-79.48,41.336],[-79.54,41.336],[-79.54,41.32],[-79.606,41.322],[-79.606,41.276],[-79.652,41.254],[-79.648,41.218],[-79.696,41.172],[-80,41.172],[-80,41.49]]]}},{"type":"Feature","id":"48191","properties":{"n":"Hall","f":"48191"},"geometry":{"type":"Polygon","coordinates":[[[-100.944,34.748],[-100.542,34.748],[-100.416,34.748],[-100.416,34.314],[-100.516,34.314],[-100.948,34.312],[-100.944,34.748]]]}},{"type":"Feature","id":"29209","properties":{"n":"Stone","f":"29209"},"geometry":{"type":"Polygon","coordinates":[[[-93.61,36.924],[-93.61,36.996],[-93.338,36.992],[-93.342,36.818],[-93.306,36.816],[-93.316,36.498],[-93.586,36.498],[-93.574,36.82],[-93.614,36.82],[-93.61,36.924]]]}},{"type":"Feature","id":"39057","properties":{"n":"Greene","f":"39057"},"geometry":{"type":"Polygon","coordinates":[[[-84.052,39.85],[-83.942,39.844],[-83.942,39.828],[-83.826,39.822],[-83.83,39.798],[-83.646,39.772],[-83.654,39.716],[-83.668,39.55],[-83.978,39.57],[-84.114,39.578],[-84.114,39.626],[-84.092,39.838],[-84.052,39.85]]]}},{"type":"Feature","id":"29061","properties":{"n":"Daviess","f":"29061"},"geometry":{"type":"Polygon","coordinates":[[[-94.218,40.136],[-93.766,40.132],[-93.762,39.96],[-93.758,39.784],[-94.206,39.788],[-94.204,40.034],[-94.218,40.034],[-94.218,40.136]]]}},{"type":"Feature","id":"29199","properties":{"n":"Scotland","f":"29199"},"geometry":{"type":"Polygon","coordinates":[[[-92.352,40.598],[-92.178,40.6],[-91.942,40.606],[-91.95,40.3],[-92.348,40.302],[-92.352,40.346],[-92.352,40.598]]]}},{"type":"Feature","id":"48049","properties":{"n":"Brown","f":"48049"},"geometry":{"type":"Polygon","coordinates":[[[-99.196,32.078],[-99.12,32.08],[-98.924,32.078],[-98.668,31.7],[-98.762,31.688],[-98.78,31.61],[-98.992,31.484],[-99.02,31.47],[-99.042,31.49],[-99.092,31.462],[-99.202,31.468],[-99.196,32.078]]]}},{"type":"Feature","id":"48165","properties":{"n":"Gaines","f":"48165"},"geometry":{"type":"Polygon","coordinates":[[[-103.066,32.96],[-102.594,32.958],[-102.208,32.958],[-102.204,32.524],[-102.21,32.524],[-103.066,32.522],[-103.066,32.96]]]}},{"type":"Feature","id":"48027","properties":{"n":"Bell","f":"48027"},"geometry":{"type":"Polygon","coordinates":[[[-97.908,31.07],[-97.42,31.32],[-97.344,31.244],[-97.28,31.28],[-97.07,30.986],[-97.258,30.89],[-97.316,30.752],[-97.624,30.87],[-97.828,30.906],[-97.91,31.036],[-97.908,31.07]]]}},{"type":"Feature","id":"53051","properties":{"n":"Pend Oreille","f":"53051"},"geometry":{"type":"Polygon","coordinates":[[[-117.43,49],[-117.032,48.998],[-117.032,48.846],[-117.034,48.75],[-117.034,48.37],[-117.042,48.046],[-117.436,48.048],[-117.436,48.134],[-117.502,48.134],[-117.502,48.656],[-117.63,48.656],[-117.63,48.742],[-117.562,48.742],[-117.562,48.836],[-117.498,48.836],[-117.498,48.924],[-117.43,48.924],[-117.43,49]]]}},{"type":"Feature","id":"13277","properties":{"n":"Tift","f":"13277"},"geometry":{"type":"Polygon","coordinates":[[[-83.65,31.568],[-83.65,31.596],[-83.5,31.594],[-83.5,31.57],[-83.42,31.554],[-83.396,31.532],[-83.378,31.482],[-83.338,31.476],[-83.37,31.464],[-83.37,31.402],[-83.436,31.35],[-83.46,31.326],[-83.514,31.328],[-83.654,31.33],[-83.65,31.568]]]}},{"type":"Feature","id":"48435","properties":{"n":"Sutton","f":"48435"},"geometry":{"type":"Polygon","coordinates":[[[-100.962,30.706],[-100.114,30.71],[-100.114,30.29],[-100.7,30.288],[-100.962,30.288],[-100.962,30.706]]]}},{"type":"Feature","id":"51023","properties":{"n":"Botetourt","f":"51023"},"geometry":{"type":"Polygon","coordinates":[[[-80.076,37.422],[-80.046,37.442],[-80.012,37.51],[-79.968,37.544],[-80.028,37.624],[-80.022,37.648],[-79.918,37.702],[-79.818,37.802],[-79.674,37.764],[-79.688,37.734],[-79.67,37.674],[-79.684,37.662],[-79.574,37.596],[-79.576,37.58],[-79.498,37.534],[-79.566,37.488],[-79.588,37.45],[-79.634,37.456],[-79.66,37.484],[-79.692,37.476],[-79.756,37.426],[-79.814,37.404],[-79.778,37.382],[-79.788,37.35],[-79.846,37.31],[-79.868,37.328],[-80.062,37.408],[-80.076,37.422]]]}},{"type":"Feature","id":"48405","properties":{"n":"San Augustine","f":"48405"},"geometry":{"type":"Polygon","coordinates":[[[-94.4,31.654],[-94.092,31.62],[-93.984,31.57],[-93.984,31.466],[-94.046,31.41],[-94.024,31.364],[-94.048,31.296],[-94.03,31.24],[-94.038,31.134],[-94.042,31.118],[-94.132,31.1],[-94.192,31.136],[-94.25,31.188],[-94.326,31.226],[-94.34,31.264],[-94.314,31.304],[-94.328,31.36],[-94.326,31.4],[-94.304,31.422],[-94.322,31.444],[-94.3,31.526],[-94.31,31.59],[-94.35,31.608],[-94.4,31.654]]]}},{"type":"Feature","id":"27017","properties":{"n":"Carlton","f":"27017"},"geometry":{"type":"Polygon","coordinates":[[[-93.062,46.766],[-92.3,46.764],[-92.294,46.664],[-92.294,46.418],[-93.054,46.42],[-93.054,46.578],[-93.066,46.678],[-93.062,46.766]]]}},{"type":"Feature","id":"12029","properties":{"n":"Dixie","f":"12029"},"geometry":{"type":"Polygon","coordinates":[[[-83.414,29.666],[-83.368,29.666],[-83.338,29.76],[-83.32,29.778],[-83.32,29.824],[-82.922,29.824],[-82.922,29.794],[-82.95,29.754],[-82.94,29.702],[-82.972,29.624],[-82.954,29.586],[-82.936,29.592],[-82.976,29.542],[-82.982,29.47],[-83.026,29.42],[-83.022,29.4],[-83.066,29.372],[-83.062,29.35],[-83.12,29.318],[-83.14,29.324],[-83.166,29.288],[-83.176,29.344],[-83.202,29.394],[-83.242,29.434],[-83.296,29.438],[-83.314,29.476],[-83.4,29.518],[-83.4,29.612],[-83.414,29.666]]]}},{"type":"Feature","id":"13211","properties":{"n":"Morgan","f":"13211"},"geometry":{"type":"Polygon","coordinates":[[[-83.68,33.596],[-83.508,33.818],[-83.478,33.802],[-83.446,33.722],[-83.406,33.698],[-83.37,33.656],[-83.346,33.6],[-83.27,33.534],[-83.28,33.484],[-83.532,33.434],[-83.682,33.526],[-83.68,33.596]]]}},{"type":"Feature","id":"27001","properties":{"n":"Aitkin","f":"27001"},"geometry":{"type":"Polygon","coordinates":[[[-93.776,46.804],[-93.776,47.03],[-93.054,47.026],[-93.062,46.766],[-93.066,46.678],[-93.054,46.578],[-93.054,46.42],[-93.054,46.158],[-93.284,46.16],[-93.432,46.154],[-93.432,46.246],[-93.798,46.244],[-93.812,46.25],[-93.812,46.584],[-93.78,46.59],[-93.776,46.804]]]}},{"type":"Feature","id":"08045","properties":{"n":"Garfield","f":"08045"},"geometry":{"type":"Polygon","coordinates":[[[-109.052,39.498],[-109.052,39.66],[-108.894,39.66],[-108.894,39.65],[-108.554,39.65],[-108.554,39.694],[-107.94,39.694],[-107.94,39.826],[-107.696,39.83],[-107.434,39.828],[-107.434,39.918],[-107.318,39.916],[-107.318,40.09],[-107.038,40.092],[-107.032,40.002],[-107.034,39.918],[-107.114,39.918],[-107.114,39.366],[-107.43,39.366],[-108.41,39.366],[-109.052,39.366],[-109.052,39.498]]]}},{"type":"Feature","id":"20003","properties":{"n":"Anderson","f":"20003"},"geometry":{"type":"Polygon","coordinates":[[[-95.51,38.39],[-95.064,38.39],[-95.064,38.26],[-95.076,38.26],[-95.078,38.038],[-95.52,38.038],[-95.516,38.26],[-95.506,38.26],[-95.51,38.39]]]}},{"type":"Feature","id":"48269","properties":{"n":"King","f":"48269"},"geometry":{"type":"Polygon","coordinates":[[[-100.52,33.836],[-100.05,33.836],[-99.996,33.836],[-99.992,33.398],[-100.516,33.398],[-100.52,33.836]]]}},{"type":"Feature","id":"39101","properties":{"n":"Marion","f":"39101"},"geometry":{"type":"Polygon","coordinates":[[[-83.42,40.686],[-83.306,40.686],[-83.306,40.702],[-83.112,40.704],[-82.858,40.704],[-82.86,40.646],[-82.958,40.636],[-82.958,40.49],[-83.016,40.484],[-83.022,40.434],[-83.248,40.444],[-83.248,40.508],[-83.418,40.506],[-83.42,40.686]]]}},{"type":"Feature","id":"13013","properties":{"n":"Barrow","f":"13013"},"geometry":{"type":"Polygon","coordinates":[[[-83.82,34.128],[-83.766,34.066],[-83.614,34.048],[-83.564,34.032],[-83.536,33.966],[-83.646,33.906],[-83.676,33.918],[-83.762,33.894],[-83.798,33.93],[-83.838,33.984],[-83.87,34.004],[-83.82,34.128]]]}},{"type":"Feature","id":"01031","properties":{"n":"Coffee","f":"01031"},"geometry":{"type":"Polygon","coordinates":[[[-86.196,31.44],[-86.196,31.53],[-86.146,31.538],[-86.146,31.618],[-85.79,31.618],[-85.79,31.196],[-86.192,31.192],[-86.196,31.44]]]}},{"type":"Feature","id":"12085","properties":{"n":"Martin","f":"12085"},"geometry":{"type":"Polygon","coordinates":[[[-80.678,27.206],[-80.284,27.206],[-80.284,27.264],[-80.198,27.264],[-80.162,27.192],[-80.14,27.112],[-80.116,27.072],[-80.08,26.97],[-80.14,26.97],[-80.14,26.956],[-80.886,26.958],[-80.678,27.122],[-80.678,27.206]]]}},{"type":"Feature","id":"19079","properties":{"n":"Hamilton","f":"19079"},"geometry":{"type":"Polygon","coordinates":[[[-93.97,42.558],[-93.5,42.558],[-93.5,42.47],[-93.464,42.47],[-93.464,42.208],[-93.698,42.208],[-93.93,42.21],[-93.93,42.472],[-93.974,42.472],[-93.97,42.558]]]}},{"type":"Feature","id":"19083","properties":{"n":"Hardin","f":"19083"},"geometry":{"type":"Polygon","coordinates":[[[-93.5,42.558],[-93.026,42.556],[-93.026,42.47],[-93.004,42.47],[-93,42.208],[-93.23,42.208],[-93.464,42.208],[-93.464,42.47],[-93.5,42.47],[-93.5,42.558]]]}},{"type":"Feature","id":"13037","properties":{"n":"Calhoun","f":"13037"},"geometry":{"type":"Polygon","coordinates":[[[-84.82,31.5],[-84.818,31.62],[-84.656,31.62],[-84.648,31.644],[-84.588,31.622],[-84.548,31.622],[-84.45,31.622],[-84.458,31.586],[-84.412,31.456],[-84.43,31.436],[-84.448,31.454],[-84.49,31.428],[-84.638,31.434],[-84.788,31.436],[-84.796,31.502],[-84.82,31.5]]]}},{"type":"Feature","id":"19093","properties":{"n":"Ida","f":"19093"},"geometry":{"type":"Polygon","coordinates":[[[-95.742,42.562],[-95.388,42.562],[-95.388,42.474],[-95.322,42.474],[-95.322,42.21],[-95.672,42.212],[-95.668,42.474],[-95.742,42.476],[-95.742,42.562]]]}},{"type":"Feature","id":"08105","properties":{"n":"Rio Grande","f":"08105"},"geometry":{"type":"Polygon","coordinates":[[[-106.694,37.836],[-106.586,37.834],[-106.586,37.748],[-106.038,37.748],[-106.04,37.4],[-106.49,37.4],[-106.68,37.404],[-106.712,37.404],[-106.712,37.664],[-106.694,37.664],[-106.694,37.836]]]}},{"type":"Feature","id":"19125","properties":{"n":"Marion","f":"19125"},"geometry":{"type":"Polygon","coordinates":[[[-93.328,41.508],[-92.872,41.508],[-92.872,41.16],[-93.098,41.16],[-93.328,41.16],[-93.328,41.49],[-93.328,41.508]]]}},{"type":"Feature","id":"08087","properties":{"n":"Morgan","f":"08087"},"geometry":{"type":"Polygon","coordinates":[[[-103.582,40.524],[-103.468,40.524],[-103.468,40.436],[-103.47,40.35],[-103.47,40.002],[-103.704,40.002],[-104.15,40.002],[-104.15,40.524],[-103.582,40.524]]]}},{"type":"Feature","id":"19157","properties":{"n":"Poweshiek","f":"19157"},"geometry":{"type":"Polygon","coordinates":[[[-92.768,41.862],[-92.298,41.862],[-92.3,41.776],[-92.298,41.51],[-92.412,41.51],[-92.756,41.508],[-92.756,41.602],[-92.768,41.602],[-92.768,41.862]]]}},{"type":"Feature","id":"08039","properties":{"n":"Elbert","f":"08039"},"geometry":{"type":"Polygon","coordinates":[[[-104.662,39.566],[-103.714,39.566],[-103.722,39.128],[-103.718,38.868],[-104.056,38.868],[-104.052,39.128],[-104.662,39.13],[-104.662,39.566]]]}},{"type":"Feature","id":"19153","properties":{"n":"Polk","f":"19153"},"geometry":{"type":"Polygon","coordinates":[[[-93.816,41.864],[-93.698,41.864],[-93.348,41.862],[-93.348,41.6],[-93.328,41.6],[-93.328,41.508],[-93.328,41.49],[-93.414,41.492],[-93.442,41.508],[-93.79,41.512],[-93.79,41.6],[-93.816,41.6],[-93.816,41.864]]]}},{"type":"Feature","id":"39149","properties":{"n":"Shelby","f":"39149"},"geometry":{"type":"Polygon","coordinates":[[[-84.434,40.354],[-84.434,40.378],[-84.34,40.38],[-84.34,40.482],[-84.002,40.484],[-84.002,40.314],[-84.014,40.274],[-84.024,40.184],[-84.218,40.2],[-84.434,40.198],[-84.434,40.354]]]}},{"type":"Feature","id":"19121","properties":{"n":"Madison","f":"19121"},"geometry":{"type":"Polygon","coordinates":[[[-94.242,41.504],[-93.898,41.502],[-93.79,41.512],[-93.79,41.162],[-94.012,41.156],[-94.242,41.158],[-94.242,41.504]]]}},{"type":"Feature","id":"39153","properties":{"n":"Summit","f":"39153"},"geometry":{"type":"Polygon","coordinates":[[[-81.684,41.276],[-81.566,41.278],[-81.598,41.35],[-81.392,41.348],[-81.392,40.988],[-81.418,40.988],[-81.422,40.906],[-81.648,40.914],[-81.648,40.988],[-81.688,40.988],[-81.684,41.276]]]}},{"type":"Feature","id":"12049","properties":{"n":"Hardee","f":"12049"},"geometry":{"type":"Polygon","coordinates":[[[-82.054,27.646],[-81.562,27.648],[-81.566,27.34],[-82.056,27.338],[-82.054,27.646]]]}},{"type":"Feature","id":"39161","properties":{"n":"Van Wert","f":"39161"},"geometry":{"type":"Polygon","coordinates":[[[-84.802,40.99],[-84.4,40.99],[-84.398,40.904],[-84.34,40.904],[-84.34,40.86],[-84.34,40.816],[-84.398,40.816],[-84.398,40.684],[-84.454,40.684],[-84.454,40.728],[-84.802,40.728],[-84.802,40.922],[-84.802,40.99]]]}},{"type":"Feature","id":"39165","properties":{"n":"Warren","f":"39165"},"geometry":{"type":"Polygon","coordinates":[[[-84.364,39.59],[-84.114,39.578],[-83.978,39.57],[-84.006,39.254],[-84.26,39.27],[-84.26,39.288],[-84.354,39.292],[-84.34,39.412],[-84.332,39.548],[-84.364,39.544],[-84.364,39.59]]]}},{"type":"Feature","id":"48463","properties":{"n":"Uvalde","f":"48463"},"geometry":{"type":"Polygon","coordinates":[[[-100.112,29.622],[-100.014,29.624],[-99.602,29.628],[-99.412,29.628],[-99.414,29.092],[-100.112,29.086],[-100.112,29.622]]]}},{"type":"Feature","id":"13195","properties":{"n":"Madison","f":"13195"},"geometry":{"type":"Polygon","coordinates":[[[-83.402,34.198],[-83.356,34.224],[-83.298,34.264],[-83.274,34.248],[-83.174,34.238],[-83.112,34.274],[-83.076,34.224],[-83.102,34.174],[-83.07,34.154],[-83.036,34.1],[-82.976,34.044],[-83.048,34.016],[-83.122,34.048],[-83.22,34],[-83.26,33.998],[-83.36,34.04],[-83.384,34.05],[-83.356,34.116],[-83.364,34.164],[-83.402,34.198]]]}},{"type":"Feature","id":"39059","properties":{"n":"Guernsey","f":"39059"},"geometry":{"type":"Polygon","coordinates":[[[-81.716,40.152],[-81.67,40.15],[-81.67,40.222],[-81.622,40.222],[-81.34,40.214],[-81.34,40.172],[-81.224,40.17],[-81.234,39.952],[-81.386,39.95],[-81.386,39.922],[-81.462,39.924],[-81.464,39.894],[-81.58,39.898],[-81.58,39.838],[-81.694,39.842],[-81.69,39.93],[-81.73,39.932],[-81.716,40.152]]]}},{"type":"Feature","id":"48493","properties":{"n":"Wilson","f":"48493"},"geometry":{"type":"Polygon","coordinates":[[[-98.406,29.114],[-98.14,29.438],[-98.134,29.442],[-98.122,29.378],[-97.84,29.378],[-97.858,29.354],[-97.728,29.222],[-98.19,28.882],[-98.406,29.114]]]}},{"type":"Feature","id":"39041","properties":{"n":"Delaware","f":"39041"},"geometry":{"type":"Polygon","coordinates":[[[-83.248,40.444],[-83.022,40.434],[-83.022,40.418],[-82.926,40.416],[-82.93,40.358],[-82.746,40.35],[-82.75,40.276],[-82.76,40.126],[-83.17,40.142],[-83.174,40.244],[-83.248,40.244],[-83.248,40.444]]]}},{"type":"Feature","id":"39055","properties":{"n":"Geauga","f":"39055"},"geometry":{"type":"Polygon","coordinates":[[[-81.39,41.57],[-81.296,41.57],[-81.296,41.642],[-81.102,41.642],[-81.102,41.714],[-81.006,41.716],[-81.002,41.502],[-81.002,41.348],[-81.392,41.348],[-81.39,41.57]]]}},{"type":"Feature","id":"27131","properties":{"n":"Rice","f":"27131"},"geometry":{"type":"Polygon","coordinates":[[[-93.524,44.544],[-93.28,44.544],[-93.28,44.472],[-93.04,44.472],[-93.04,44.196],[-93.048,44.196],[-93.406,44.196],[-93.524,44.196],[-93.524,44.544]]]}},{"type":"Feature","id":"13093","properties":{"n":"Dooly","f":"13093"},"geometry":{"type":"Polygon","coordinates":[[[-84.028,32.17],[-83.966,32.248],[-83.898,32.28],[-83.848,32.292],[-83.614,32.288],[-83.608,32.288],[-83.608,32.118],[-83.612,32.028],[-83.962,32.03],[-83.992,32.096],[-84.034,32.152],[-84.028,32.17]]]}},{"type":"Feature","id":"48413","properties":{"n":"Schleicher","f":"48413"},"geometry":{"type":"Polygon","coordinates":[[[-100.962,31.082],[-100.688,31.086],[-100.114,31.088],[-100.114,30.71],[-100.962,30.706],[-100.962,31.082]]]}},{"type":"Feature","id":"27165","properties":{"n":"Watonwan","f":"27165"},"geometry":{"type":"Polygon","coordinates":[[[-94.86,44.108],[-94.368,44.108],[-94.368,43.848],[-94.852,43.848],[-94.86,43.848],[-94.86,44.108]]]}},{"type":"Feature","id":"31001","properties":{"n":"Adams","f":"31001"},"geometry":{"type":"Polygon","coordinates":[[[-98.726,40.69],[-98.722,40.698],[-98.284,40.698],[-98.276,40.698],[-98.276,40.35],[-98.726,40.35],[-98.726,40.69]]]}},{"type":"Feature","id":"37003","properties":{"n":"Alexander","f":"37003"},"geometry":{"type":"Polygon","coordinates":[[[-81.328,35.996],[-81.264,36.026],[-81.192,36.038],[-81.06,36.032],[-81.03,36.046],[-81.002,35.998],[-81.006,35.958],[-81.042,35.858],[-81.11,35.776],[-81.142,35.828],[-81.336,35.796],[-81.332,35.88],[-81.342,35.924],[-81.328,35.996]]]}},{"type":"Feature","id":"29039","properties":{"n":"Cedar","f":"29039"},"geometry":{"type":"Polygon","coordinates":[[[-94.074,37.64],[-94.074,37.756],[-94.066,37.9],[-93.808,37.894],[-93.812,37.834],[-93.628,37.83],[-93.632,37.742],[-93.61,37.742],[-93.614,37.572],[-94.074,37.582],[-94.074,37.64]]]}},{"type":"Feature","id":"48437","properties":{"n":"Swisher","f":"48437"},"geometry":{"type":"Polygon","coordinates":[[[-102,34.748],[-101.63,34.748],[-101.472,34.748],[-101.472,34.312],[-101.564,34.312],[-102,34.314],[-102,34.748]]]}},{"type":"Feature","id":"30049","properties":{"n":"Lewis and Clark","f":"30049"},"geometry":{"type":"Polygon","coordinates":[[[-112.986,47.954],[-112.918,47.838],[-112.924,47.762],[-112.904,47.73],[-112.91,47.692],[-112.856,47.63],[-112.782,47.598],[-112.728,47.618],[-112.566,47.638],[-112.422,47.6],[-112.404,47.552],[-112.344,47.55],[-112.278,47.506],[-112.214,47.504],[-112.146,47.516],[-112.05,47.516],[-112.046,47.194],[-111.978,47.184],[-111.942,47.144],[-111.874,47.128],[-111.79,47.128],[-111.79,46.914],[-111.658,46.914],[-111.608,46.892],[-111.648,46.844],[-111.6,46.808],[-111.496,46.79],[-111.496,46.762],[-111.604,46.778],[-111.64,46.738],[-111.64,46.582],[-111.632,46.57],[-111.788,46.57],[-112.02,46.568],[-112.084,46.516],[-112.136,46.522],[-112.208,46.5],[-112.174,46.456],[-112.214,46.45],[-112.268,46.414],[-112.312,46.42],[-112.308,46.51],[-112.294,46.53],[-112.318,46.574],[-112.294,46.604],[-112.322,46.656],[-112.412,46.656],[-112.412,46.7],[-112.538,46.7],[-112.538,46.834],[-112.796,46.832],[-112.796,47.176],[-113.058,47.18],[-113.058,47.488],[-113.116,47.49],[-113.144,47.596],[-113.13,47.662],[-113.166,47.73],[-113.08,47.75],[-113.064,47.776],[-113.062,47.886],[-113.086,47.918],[-113.022,47.926],[-112.986,47.954]]]}},{"type":"Feature","id":"29159","properties":{"n":"Pettis","f":"29159"},"geometry":{"type":"Polygon","coordinates":[[[-93.51,38.556],[-93.506,38.694],[-93.492,38.888],[-93.496,38.928],[-93.496,38.942],[-93.05,38.928],[-93.062,38.692],[-93.068,38.53],[-93.292,38.536],[-93.292,38.506],[-93.514,38.512],[-93.51,38.556]]]}},{"type":"Feature","id":"48345","properties":{"n":"Motley","f":"48345"},"geometry":{"type":"Polygon","coordinates":[[[-101.04,34.312],[-100.948,34.312],[-100.516,34.314],[-100.52,33.836],[-101.04,33.834],[-101.04,34.312]]]}},{"type":"Feature","id":"30081","properties":{"n":"Ravalli","f":"30081"},"geometry":{"type":"Polygon","coordinates":[[[-114.332,46.66],[-113.83,46.66],[-113.804,46.63],[-113.866,46.492],[-113.858,46.42],[-113.818,46.408],[-113.782,46.362],[-113.772,46.32],[-113.786,46.286],[-113.75,46.264],[-113.78,46.228],[-113.818,46.216],[-113.794,46.152],[-113.754,46.114],[-113.804,46.04],[-113.754,46.046],[-113.69,46.036],[-113.664,45.98],[-113.574,45.938],[-113.518,45.94],[-113.518,45.938],[-113.528,45.882],[-113.592,45.85],[-113.668,45.836],[-113.696,45.844],[-113.83,45.75],[-113.868,45.782],[-113.916,45.746],[-113.912,45.698],[-113.944,45.686],[-113.988,45.704],[-114.02,45.694],[-114.012,45.658],[-114.066,45.628],[-114.134,45.558],[-114.202,45.536],[-114.25,45.546],[-114.26,45.496],[-114.346,45.46],[-114.364,45.49],[-114.414,45.51],[-114.462,45.562],[-114.558,45.566],[-114.536,45.606],[-114.566,45.638],[-114.5,45.67],[-114.496,45.71],[-114.566,45.774],[-114.5,45.85],[-114.41,45.852],[-114.386,45.89],[-114.432,45.936],[-114.41,45.978],[-114.48,46],[-114.494,46.048],[-114.462,46.098],[-114.522,46.126],[-114.514,46.168],[-114.446,46.174],[-114.45,46.242],[-114.472,46.268],[-114.426,46.288],[-114.422,46.388],[-114.374,46.444],[-114.4,46.502],[-114.356,46.506],[-114.322,46.61],[-114.332,46.66]]]}},{"type":"Feature","id":"13189","properties":{"n":"McDuffie","f":"13189"},"geometry":{"type":"Polygon","coordinates":[[[-82.48,33.64],[-82.426,33.652],[-82.44,33.638],[-82.412,33.588],[-82.438,33.55],[-82.384,33.53],[-82.402,33.516],[-82.384,33.468],[-82.336,33.42],[-82.34,33.406],[-82.294,33.354],[-82.354,33.312],[-82.384,33.312],[-82.452,33.34],[-82.51,33.342],[-82.546,33.374],[-82.552,33.416],[-82.584,33.45],[-82.65,33.608],[-82.616,33.612],[-82.584,33.65],[-82.546,33.638],[-82.506,33.66],[-82.48,33.64]]]}},{"type":"Feature","id":"55073","properties":{"n":"Marathon","f":"55073"},"geometry":{"type":"Polygon","coordinates":[[[-90.316,45.034],[-90.198,45.034],[-90.198,45.12],[-90.044,45.12],[-89.426,45.12],[-89.224,45.118],[-89.224,45.03],[-89.224,44.682],[-89.49,44.686],[-89.846,44.684],[-90.316,44.684],[-90.316,45.034]]]}},{"type":"Feature","id":"41023","properties":{"n":"Grant","f":"41023"},"geometry":{"type":"Polygon","coordinates":[[[-119.672,44.994],[-119.164,44.996],[-118.516,44.996],[-118.438,44.984],[-118.434,44.962],[-118.362,44.99],[-118.298,44.962],[-118.244,44.958],[-118.226,44.94],[-118.226,44.866],[-118.294,44.864],[-118.316,44.836],[-118.284,44.77],[-118.294,44.746],[-118.366,44.748],[-118.466,44.706],[-118.516,44.706],[-118.502,44.666],[-118.342,44.63],[-118.306,44.586],[-118.374,44.528],[-118.362,44.472],[-118.42,44.452],[-118.434,44.408],[-118.41,44.372],[-118.47,44.332],[-118.5,44.27],[-118.482,44.256],[-118.234,44.256],[-118.226,44.04],[-118.588,44.04],[-118.818,44.048],[-118.818,43.96],[-119.658,43.958],[-119.654,44.306],[-119.652,44.824],[-119.672,44.824],[-119.672,44.994]]]}},{"type":"Feature","id":"39129","properties":{"n":"Pickaway","f":"39129"},"geometry":{"type":"Polygon","coordinates":[[[-83.252,39.696],[-83.244,39.812],[-82.826,39.796],[-82.842,39.562],[-82.732,39.554],[-82.742,39.468],[-82.998,39.48],[-82.994,39.506],[-83.266,39.516],[-83.252,39.696]]]}},{"type":"Feature","id":"39133","properties":{"n":"Portage","f":"39133"},"geometry":{"type":"Polygon","coordinates":[[[-81.392,41.348],[-81.002,41.348],[-81.002,41.134],[-81.002,40.988],[-81.088,40.988],[-81.392,40.988],[-81.392,41.348]]]}},{"type":"Feature","id":"13131","properties":{"n":"Grady","f":"13131"},"geometry":{"type":"Polygon","coordinates":[[[-84.376,31.078],[-84.118,31.078],[-84.118,30.97],[-84.078,30.906],[-84.084,30.676],[-84.282,30.686],[-84.38,30.69],[-84.376,31.078]]]}},{"type":"Feature","id":"27111","properties":{"n":"Otter Tail","f":"27111"},"geometry":{"type":"Polygon","coordinates":[[[-96.282,46.63],[-96.174,46.63],[-96.174,46.718],[-95.434,46.716],[-95.166,46.718],[-95.154,46.63],[-95.154,46.368],[-95.148,46.282],[-95.148,46.106],[-95.768,46.108],[-96.266,46.108],[-96.264,46.282],[-96.282,46.282],[-96.282,46.63]]]}},{"type":"Feature","id":"13111","properties":{"n":"Fannin","f":"13111"},"geometry":{"type":"Polygon","coordinates":[[[-84.62,34.988],[-84.322,34.988],[-84.128,34.988],[-84.178,34.952],[-84.106,34.888],[-84.142,34.854],[-84.138,34.808],[-84.092,34.802],[-84.102,34.728],[-84.156,34.648],[-84.188,34.602],[-84.196,34.618],[-84.192,34.638],[-84.254,34.664],[-84.254,34.718],[-84.314,34.808],[-84.422,34.858],[-84.62,34.856],[-84.62,34.988]]]}},{"type":"Feature","id":"27113","properties":{"n":"Pennington","f":"27113"},"geometry":{"type":"Polygon","coordinates":[[[-96.5,48.174],[-95.984,48.172],[-95.592,48.172],[-95.592,48.02],[-95.582,48.02],[-95.582,47.934],[-95.71,47.936],[-95.71,47.964],[-96.482,47.964],[-96.482,48.022],[-96.5,48.022],[-96.5,48.174]]]}},{"type":"Feature","id":"08085","properties":{"n":"Montrose","f":"08085"},"geometry":{"type":"Polygon","coordinates":[[[-109.06,38.5],[-108.38,38.5],[-108.378,38.668],[-107.502,38.668],[-107.502,38.302],[-107.634,38.302],[-107.634,38.332],[-108.134,38.332],[-108.104,38.314],[-108.086,38.256],[-108.012,38.256],[-107.94,38.218],[-107.946,38.152],[-107.964,38.152],[-108.908,38.156],[-109.042,38.154],[-109.06,38.276],[-109.06,38.5]]]}},{"type":"Feature","id":"19177","properties":{"n":"Van Buren","f":"19177"},"geometry":{"type":"Polygon","coordinates":[[[-92.178,40.9],[-91.72,40.902],[-91.72,40.814],[-91.716,40.598],[-91.73,40.614],[-91.942,40.606],[-92.178,40.6],[-92.178,40.9]]]}},{"type":"Feature","id":"13021","properties":{"n":"Bibb","f":"13021"},"geometry":{"type":"Polygon","coordinates":[[[-83.892,32.848],[-83.712,32.952],[-83.698,32.916],[-83.658,32.888],[-83.6,32.888],[-83.514,32.846],[-83.49,32.824],[-83.578,32.738],[-83.604,32.742],[-83.612,32.688],[-83.596,32.664],[-83.664,32.674],[-83.7,32.692],[-83.736,32.694],[-83.808,32.73],[-83.892,32.82],[-83.892,32.848]]]}},{"type":"Feature","id":"26111","properties":{"n":"Midland","f":"26111"},"geometry":{"type":"Polygon","coordinates":[[[-84.606,43.816],[-84.368,43.814],[-84.364,43.828],[-84.168,43.826],[-84.168,43.568],[-84.172,43.482],[-84.368,43.482],[-84.368,43.466],[-84.608,43.466],[-84.606,43.816]]]}},{"type":"Feature","id":"20051","properties":{"n":"Ellis","f":"20051"},"geometry":{"type":"Polygon","coordinates":[[[-99.59,39.132],[-99.048,39.132],[-99.038,39.134],[-99.038,38.856],[-99.042,38.698],[-99.584,38.696],[-99.598,38.696],[-99.59,39.132]]]}},{"type":"Feature","id":"20085","properties":{"n":"Jackson","f":"20085"},"geometry":{"type":"Polygon","coordinates":[[[-96.038,39.566],[-95.79,39.566],[-95.79,39.654],[-95.564,39.654],[-95.57,39.566],[-95.57,39.418],[-95.588,39.418],[-95.588,39.216],[-96.038,39.216],[-96.034,39.274],[-96.038,39.566]]]}},{"type":"Feature","id":"19087","properties":{"n":"Henry","f":"19087"},"geometry":{"type":"Polygon","coordinates":[[[-91.72,40.902],[-91.716,41.162],[-91.486,41.162],[-91.372,41.16],[-91.372,41.074],[-91.372,40.812],[-91.41,40.812],[-91.72,40.814],[-91.72,40.902]]]}},{"type":"Feature","id":"27087","properties":{"n":"Mahnomen","f":"27087"},"geometry":{"type":"Polygon","coordinates":[[[-96.066,47.5],[-95.552,47.5],[-95.552,47.152],[-96.066,47.152],[-96.066,47.5]]]}},{"type":"Feature","id":"55019","properties":{"n":"Clark","f":"55019"},"geometry":{"type":"Polygon","coordinates":[[[-90.922,45.03],[-90.434,45.03],[-90.316,45.034],[-90.316,44.684],[-90.316,44.424],[-90.56,44.422],[-90.8,44.422],[-90.8,44.51],[-90.922,44.51],[-90.922,44.596],[-90.922,44.858],[-90.922,45.03]]]}},{"type":"Feature","id":"20171","properties":{"n":"Scott","f":"20171"},"geometry":{"type":"Polygon","coordinates":[[[-101.126,38.7],[-100.818,38.7],[-100.688,38.7],[-100.686,38.264],[-101.102,38.264],[-101.126,38.264],[-101.126,38.7]]]}},{"type":"Feature","id":"27135","properties":{"n":"Roseau","f":"27135"},"geometry":{"type":"Polygon","coordinates":[[[-96.406,49],[-95.32,48.998],[-95.322,48.936],[-95.302,48.904],[-95.236,48.882],[-95.14,48.896],[-95.094,48.92],[-95.09,48.712],[-95.344,48.712],[-95.34,48.54],[-95.602,48.538],[-96.388,48.544],[-96.388,48.718],[-96.404,48.718],[-96.406,49]]]}},{"type":"Feature","id":"26095","properties":{"n":"Luce","f":"26095"},"geometry":{"type":"Polygon","coordinates":[[[-85.866,46.506],[-85.866,46.69],[-85.714,46.676],[-85.588,46.674],[-85.482,46.68],[-85.238,46.756],[-85.238,46.246],[-85.866,46.244],[-85.866,46.506]]]}},{"type":"Feature","id":"29015","properties":{"n":"Benton","f":"29015"},"geometry":{"type":"Polygon","coordinates":[[[-93.514,38.512],[-93.292,38.506],[-93.292,38.536],[-93.068,38.53],[-93.076,38.264],[-93.084,38.186],[-93.058,38.186],[-93.066,38.062],[-93.504,38.074],[-93.496,38.198],[-93.524,38.208],[-93.51,38.448],[-93.514,38.512]]]}},{"type":"Feature","id":"51199","properties":{"n":"York","f":"51199"},"geometry":{"type":"Polygon","coordinates":[[[-76.658,37.38],[-76.602,37.314],[-76.498,37.242],[-76.472,37.216],[-76.394,37.226],[-76.396,37.164],[-76.414,37.156],[-76.396,37.108],[-76.436,37.094],[-76.462,37.102],[-76.516,37.178],[-76.566,37.22],[-76.59,37.214],[-76.602,37.238],[-76.662,37.252],[-76.68,37.292],[-76.708,37.278],[-76.726,37.306],[-76.756,37.354],[-76.742,37.37],[-76.672,37.368],[-76.658,37.38]]]}},{"type":"Feature","id":"29067","properties":{"n":"Douglas","f":"29067"},"geometry":{"type":"Polygon","coordinates":[[[-92.904,37.07],[-92.684,37.066],[-92.25,37.06],[-92.09,37.056],[-92.096,36.794],[-92.114,36.794],[-92.764,36.806],[-92.91,36.808],[-92.904,37.07]]]}},{"type":"Feature","id":"30029","properties":{"n":"Flathead","f":"30029"},"geometry":{"type":"Polygon","coordinates":[[[-114.726,49],[-114.07,48.998],[-114.024,48.962],[-114.044,48.932],[-114.012,48.91],[-114.056,48.888],[-113.99,48.852],[-114.002,48.832],[-113.952,48.818],[-113.908,48.848],[-113.794,48.846],[-113.758,48.816],[-113.772,48.798],[-113.708,48.734],[-113.75,48.614],[-113.604,48.576],[-113.542,48.584],[-113.466,48.548],[-113.466,48.474],[-113.482,48.456],[-113.392,48.416],[-113.36,48.424],[-113.342,48.37],[-113.384,48.34],[-113.348,48.31],[-113.29,48.266],[-113.238,48.248],[-113.23,48.17],[-113.19,48.176],[-113.134,48.138],[-113.064,48.15],[-113.05,48.122],[-113.014,48.132],[-112.982,48.118],[-112.982,48.074],[-112.936,48.056],[-112.946,48.03],[-112.906,48.03],[-112.878,47.976],[-112.91,47.946],[-112.986,47.954],[-113.022,47.926],[-113.086,47.918],[-113.062,47.886],[-113.064,47.776],[-113.08,47.75],[-113.166,47.73],[-113.13,47.662],[-113.144,47.596],[-113.326,47.596],[-113.466,47.6],[-113.636,47.6],[-113.606,47.664],[-113.604,47.722],[-113.664,47.746],[-113.654,47.774],[-113.676,47.866],[-113.664,47.884],[-113.744,47.95],[-113.804,47.98],[-113.844,47.978],[-113.884,48.052],[-114.03,48.052],[-114.078,48.024],[-114.038,47.962],[-114.494,47.962],[-114.494,47.876],[-114.48,47.876],[-114.48,47.79],[-114.604,47.79],[-114.604,47.876],[-114.988,47.872],[-114.988,48.004],[-115.01,48.018],[-115.01,48.14],[-115.022,48.226],[-114.848,48.226],[-114.848,48.574],[-114.888,48.574],[-114.888,48.658],[-114.64,48.658],[-114.69,48.678],[-114.68,48.724],[-114.612,48.752],[-114.672,48.8],[-114.734,48.81],[-114.69,48.842],[-114.72,48.938],[-114.684,48.974],[-114.726,49]]]}},{"type":"Feature","id":"48305","properties":{"n":"Lynn","f":"48305"},"geometry":{"type":"Polygon","coordinates":[[[-102.074,33.39],[-101.558,33.396],[-101.558,32.962],[-101.69,32.962],[-102.074,32.96],[-102.074,33.39]]]}},{"type":"Feature","id":"29065","properties":{"n":"Dent","f":"29065"},"geometry":{"type":"Polygon","coordinates":[[[-91.53,37.79],[-91.306,37.788],[-91.31,37.7],[-91.152,37.698],[-91.156,37.588],[-91.314,37.594],[-91.314,37.504],[-91.21,37.502],[-91.214,37.416],[-91.648,37.424],[-91.756,37.424],[-91.756,37.598],[-91.81,37.6],[-91.806,37.792],[-91.53,37.79]]]}},{"type":"Feature","id":"48327","properties":{"n":"Menard","f":"48327"},"geometry":{"type":"Polygon","coordinates":[[[-100.114,31.088],[-99.604,31.088],[-99.604,30.94],[-99.486,30.94],[-99.482,30.71],[-100.114,30.71],[-100.114,31.088]]]}},{"type":"Feature","id":"48353","properties":{"n":"Nolan","f":"48353"},"geometry":{"type":"Polygon","coordinates":[[[-100.66,32.526],[-100.146,32.524],[-100.15,32.082],[-100.236,32.082],[-100.664,32.086],[-100.66,32.526]]]}},{"type":"Feature","id":"29203","properties":{"n":"Shannon","f":"29203"},"geometry":{"type":"Polygon","coordinates":[[[-91.654,37.048],[-91.648,37.248],[-91.648,37.424],[-91.214,37.416],[-91.174,37.414],[-91.178,37.312],[-91.16,37.314],[-91.16,37.254],[-91.124,37.254],[-91.128,37.2],[-91.088,37.204],[-91.07,37.162],[-91.034,37.17],[-91.016,37.144],[-91.02,37.096],[-91.106,37.086],[-91.216,37.086],[-91.224,36.884],[-91.658,36.888],[-91.654,37.048]]]}},{"type":"Feature","id":"48431","properties":{"n":"Sterling","f":"48431"},"geometry":{"type":"Polygon","coordinates":[[[-101.266,31.652],[-101.264,32.088],[-101.184,32.088],[-100.822,32.086],[-100.826,31.696],[-100.862,31.706],[-100.864,31.562],[-101.266,31.556],[-101.266,31.652]]]}},{"type":"Feature","id":"08089","properties":{"n":"Otero","f":"08089"},"geometry":{"type":"Polygon","coordinates":[[[-104.06,38.146],[-103.994,38.146],[-103.974,38.132],[-103.848,38.124],[-103.836,38.112],[-103.618,38.112],[-103.618,38.172],[-103.51,38.172],[-103.502,38.266],[-103.398,38.266],[-103.398,37.822],[-103.406,37.644],[-104.06,37.644],[-104.062,37.734],[-104.06,37.822],[-104.06,38.146]]]}},{"type":"Feature","id":"48169","properties":{"n":"Garza","f":"48169"},"geometry":{"type":"Polygon","coordinates":[[[-101.558,33.396],[-101.038,33.398],[-101.038,32.97],[-101.174,32.964],[-101.558,32.962],[-101.558,33.396]]]}},{"type":"Feature","id":"08119","properties":{"n":"Teller","f":"08119"},"geometry":{"type":"Polygon","coordinates":[[[-105.33,39.13],[-105.032,39.13],[-105.028,38.868],[-105.068,38.87],[-105.072,38.8],[-104.938,38.796],[-104.942,38.65],[-105.24,38.648],[-105.236,38.698],[-105.33,38.698],[-105.33,39.13]]]}},{"type":"Feature","id":"30089","properties":{"n":"Sanders","f":"30089"},"geometry":{"type":"Polygon","coordinates":[[[-116.052,48.216],[-116.016,48.206],[-116.018,48.17],[-115.958,48.15],[-115.936,48.184],[-115.8,48.224],[-115.772,48.26],[-115.71,48.248],[-115.674,48.196],[-115.696,48.176],[-115.646,48.132],[-115.638,48.076],[-115.538,47.982],[-115.556,47.938],[-115.506,47.908],[-115.43,47.912],[-115.406,47.936],[-115.38,47.904],[-115.322,47.92],[-115.284,47.89],[-115.19,47.918],[-115.172,47.974],[-115.136,47.982],[-115.146,48.018],[-115.01,48.018],[-114.988,48.004],[-114.988,47.872],[-114.604,47.876],[-114.604,47.79],[-114.584,47.746],[-114.584,47.602],[-114.35,47.602],[-114.328,47.558],[-114.364,47.542],[-114.382,47.484],[-114.3,47.496],[-114.286,47.468],[-114.324,47.468],[-114.354,47.39],[-114.288,47.356],[-114.202,47.356],[-114.202,47.182],[-114.188,47.138],[-114.252,47.122],[-114.356,47.158],[-114.346,47.176],[-114.426,47.21],[-114.454,47.208],[-114.566,47.254],[-114.688,47.274],[-114.708,47.256],[-114.798,47.268],[-114.842,47.268],[-114.842,47.298],[-114.97,47.312],[-114.978,47.396],[-115.09,47.426],[-115.128,47.424],[-115.158,47.448],[-115.284,47.488],[-115.344,47.47],[-115.402,47.486],[-115.444,47.466],[-115.528,47.496],[-115.534,47.476],[-115.628,47.48],[-115.686,47.486],[-115.702,47.534],[-115.742,47.538],[-115.736,47.568],[-115.688,47.596],[-115.732,47.642],[-115.724,47.696],[-115.772,47.718],[-115.796,47.758],[-115.826,47.752],[-115.854,47.828],[-115.908,47.846],[-116.048,47.978],[-116.052,48.216]]]}},{"type":"Feature","id":"48059","properties":{"n":"Callahan","f":"48059"},"geometry":{"type":"Polygon","coordinates":[[[-99.63,32.514],[-99.612,32.514],[-99.114,32.514],[-99.12,32.08],[-99.196,32.078],[-99.63,32.082],[-99.63,32.514]]]}},{"type":"Feature","id":"48433","properties":{"n":"Stonewall","f":"48433"},"geometry":{"type":"Polygon","coordinates":[[[-100.516,33.398],[-99.992,33.398],[-99.99,32.96],[-100.144,32.96],[-100.52,32.962],[-100.516,33.398]]]}},{"type":"Feature","id":"48159","properties":{"n":"Franklin","f":"48159"},"geometry":{"type":"Polygon","coordinates":[[[-95.308,33.376],[-95.306,33.378],[-95.254,33.368],[-95.126,33.39],[-95.126,33.034],[-95.15,33.014],[-95.172,32.962],[-95.308,32.962],[-95.308,33.376]]]}},{"type":"Feature","id":"48467","properties":{"n":"Van Zandt","f":"48467"},"geometry":{"type":"Polygon","coordinates":[[[-96.076,32.838],[-95.934,32.838],[-95.922,32.816],[-95.864,32.778],[-95.796,32.776],[-95.71,32.746],[-95.66,32.712],[-95.636,32.72],[-95.596,32.688],[-95.596,32.48],[-95.502,32.41],[-95.448,32.356],[-96.076,32.358],[-96.076,32.838]]]}},{"type":"Feature","id":"31073","properties":{"n":"Gosper","f":"31073"},"geometry":{"type":"Polygon","coordinates":[[[-99.982,40.7],[-99.698,40.7],[-99.644,40.684],[-99.64,40.35],[-100.094,40.352],[-100.096,40.438],[-99.982,40.438],[-99.982,40.7]]]}},{"type":"Feature","id":"31059","properties":{"n":"Fillmore","f":"31059"},"geometry":{"type":"Polygon","coordinates":[[[-97.824,40.698],[-97.368,40.698],[-97.368,40.35],[-97.822,40.35],[-97.824,40.35],[-97.824,40.698]]]}},{"type":"Feature","id":"48231","properties":{"n":"Hunt","f":"48231"},"geometry":{"type":"Polygon","coordinates":[[[-96.296,32.982],[-96.296,33.352],[-95.858,33.41],[-95.862,33.218],[-95.864,33],[-95.862,32.98],[-95.944,32.98],[-95.986,32.876],[-95.934,32.838],[-96.076,32.838],[-96.296,32.842],[-96.296,32.982]]]}},{"type":"Feature","id":"48313","properties":{"n":"Madison","f":"48313"},"geometry":{"type":"Polygon","coordinates":[[[-96.242,30.974],[-96.17,30.994],[-96.048,31.068],[-95.976,31.092],[-95.764,31.094],[-95.724,31.08],[-95.664,31.084],[-95.636,31.038],[-95.682,30.988],[-95.638,30.926],[-95.618,30.93],[-95.654,30.894],[-95.718,30.912],[-95.786,30.88],[-95.862,30.864],[-96.17,30.822],[-96.178,30.858],[-96.214,30.912],[-96.198,30.932],[-96.242,30.974]]]}},{"type":"Feature","id":"51157","properties":{"n":"Rappahannock","f":"51157"},"geometry":{"type":"Polygon","coordinates":[[[-78.284,38.758],[-78.252,38.758],[-78.184,38.792],[-78.152,38.854],[-78.13,38.864],[-78.052,38.8],[-78.026,38.796],[-78.016,38.728],[-77.936,38.696],[-78.09,38.598],[-78.176,38.522],[-78.23,38.532],[-78.338,38.628],[-78.314,38.682],[-78.332,38.702],[-78.32,38.738],[-78.284,38.758]]]}},{"type":"Feature","id":"01103","properties":{"n":"Morgan","f":"01103"},"geometry":{"type":"Polygon","coordinates":[[[-87.104,34.686],[-86.906,34.58],[-86.792,34.55],[-86.752,34.556],[-86.724,34.584],[-86.676,34.578],[-86.666,34.552],[-86.616,34.578],[-86.568,34.576],[-86.55,34.546],[-86.584,34.37],[-86.584,34.304],[-87.11,34.314],[-87.104,34.686]]]}},{"type":"Feature","id":"51079","properties":{"n":"Greene","f":"51079"},"geometry":{"type":"Polygon","coordinates":[[[-78.486,38.422],[-78.454,38.476],[-78.436,38.45],[-78.442,38.41],[-78.428,38.368],[-78.35,38.278],[-78.288,38.272],[-78.368,38.184],[-78.662,38.278],[-78.554,38.334],[-78.544,38.364],[-78.486,38.422]]]}},{"type":"Feature","id":"42059","properties":{"n":"Greene","f":"42059"},"geometry":{"type":"Polygon","coordinates":[[[-80.52,39.962],[-80.474,39.952],[-80.452,39.974],[-80.396,39.978],[-80.38,39.994],[-80.308,40.006],[-80.176,40.008],[-80.13,39.988],[-80.062,40.01],[-80.046,39.978],[-79.996,39.984],[-80.012,39.96],[-79.958,39.954],[-79.924,39.924],[-79.914,39.88],[-79.94,39.846],[-79.906,39.794],[-79.936,39.782],[-79.904,39.744],[-79.918,39.722],[-80.42,39.722],[-80.52,39.722],[-80.518,39.892],[-80.52,39.962]]]}},{"type":"Feature","id":"51750","properties":{"n":"Radford","f":"51750"},"geometry":{"type":"Polygon","coordinates":[[[-80.532,37.134],[-80.582,37.09],[-80.592,37.128],[-80.554,37.146],[-80.532,37.134]],[[-80.52,37.132],[-80.52,37.132],[-80.52,37.132],[-80.52,37.132]]]}},{"type":"Feature","id":"29211","properties":{"n":"Sullivan","f":"29211"},"geometry":{"type":"Polygon","coordinates":[[[-93.366,40.382],[-92.854,40.386],[-92.858,40.344],[-92.858,40.038],[-93.364,40.032],[-93.366,40.266],[-93.366,40.382]]]}},{"type":"Feature","id":"37133","properties":{"n":"Onslow","f":"37133"},"geometry":{"type":"Polygon","coordinates":[[[-77.674,34.974],[-77.638,34.984],[-77.502,34.97],[-77.366,34.908],[-77.33,34.938],[-77.268,34.926],[-77.222,34.888],[-77.198,34.81],[-77.164,34.784],[-77.126,34.756],[-77.096,34.672],[-77.108,34.64],[-77.176,34.62],[-77.322,34.536],[-77.462,34.472],[-77.516,34.44],[-77.578,34.476],[-77.614,34.578],[-77.682,34.72],[-77.678,34.784],[-77.65,34.924],[-77.674,34.974]]]}},{"type":"Feature","id":"29049","properties":{"n":"Clinton","f":"29049"},"geometry":{"type":"Polygon","coordinates":[[[-94.602,39.746],[-94.206,39.746],[-94.206,39.526],[-94.21,39.454],[-94.602,39.456],[-94.602,39.53],[-94.602,39.746]]]}},{"type":"Feature","id":"12005","properties":{"n":"Bay","f":"12005"},"geometry":{"type":"Polygon","coordinates":[[[-85.994,30.39],[-85.966,30.41],[-85.884,30.41],[-85.854,30.44],[-85.488,30.436],[-85.484,30.568],[-85.434,30.568],[-85.384,30.566],[-85.392,30.202],[-85.388,29.924],[-85.428,29.95],[-85.488,29.962],[-85.542,29.996],[-85.6,30.056],[-85.696,30.098],[-85.776,30.156],[-85.922,30.238],[-85.994,30.268],[-85.994,30.39]]]}},{"type":"Feature","id":"53033","properties":{"n":"King","f":"53033"},"geometry":{"type":"MultiPolygon","coordinates":[[[[-122.398,47.778],[-121.992,47.776],[-121.586,47.778],[-121.456,47.78],[-121.12,47.78],[-121.066,47.714],[-121.122,47.686],[-121.134,47.646],[-121.112,47.596],[-121.216,47.57],[-121.302,47.486],[-121.428,47.42],[-121.438,47.372],[-121.468,47.368],[-121.432,47.334],[-121.428,47.29],[-121.342,47.28],[-121.338,47.248],[-121.366,47.224],[-121.316,47.212],[-121.302,47.14],[-121.396,47.134],[-121.382,47.088],[-121.446,47.084],[-121.488,47.116],[-121.59,47.12],[-121.662,47.16],[-121.686,47.15],[-121.794,47.174],[-121.844,47.144],[-121.906,47.154],[-121.938,47.138],[-121.998,47.172],[-122.046,47.172],[-122.11,47.208],[-122.142,47.256],[-122.336,47.258],[-122.418,47.32],[-122.326,47.348],[-122.326,47.392],[-122.354,47.442],[-122.382,47.45],[-122.362,47.482],[-122.398,47.516],[-122.422,47.576],[-122.344,47.61],[-122.43,47.658],[-122.372,47.73],[-122.398,47.778]]],[[[-122.526,47.36],[-122.512,47.45],[-122.476,47.512],[-122.432,47.466],[-122.44,47.416],[-122.372,47.39],[-122.436,47.366],[-122.454,47.344],[-122.52,47.334],[-122.526,47.36]]]]}},{"type":"Feature","id":"53007","properties":{"n":"Chelan","f":"53007"},"geometry":{"type":"Polygon","coordinates":[[[-121,48.296],[-121.072,48.318],[-121.044,48.364],[-121.066,48.392],[-121.036,48.432],[-121.062,48.46],[-121.036,48.496],[-120.95,48.5],[-120.95,48.53],[-120.904,48.524],[-120.858,48.548],[-120.818,48.52],[-120.764,48.508],[-120.702,48.532],[-120.65,48.532],[-120.638,48.496],[-120.664,48.452],[-120.638,48.398],[-120.578,48.378],[-120.58,48.318],[-120.506,48.302],[-120.466,48.27],[-120.352,48.206],[-120.362,48.164],[-120.226,48.084],[-120.142,48.064],[-120.14,48.036],[-120.09,48.018],[-120.05,47.96],[-119.87,47.96],[-119.86,47.942],[-119.916,47.902],[-119.92,47.862],[-119.96,47.846],[-119.996,47.782],[-120.092,47.764],[-120.132,47.776],[-120.194,47.76],[-120.222,47.724],[-120.2,47.682],[-120.236,47.632],[-120.232,47.598],[-120.294,47.538],[-120.318,47.456],[-120.286,47.394],[-120.128,47.366],[-120.086,47.34],[-120.092,47.262],[-120.39,47.262],[-120.516,47.32],[-120.57,47.31],[-120.584,47.338],[-120.666,47.344],[-120.724,47.372],[-120.732,47.394],[-120.782,47.4],[-120.804,47.422],[-120.804,47.422],[-120.842,47.412],[-120.842,47.412],[-120.86,47.42],[-120.86,47.42],[-120.926,47.432],[-120.932,47.46],[-120.998,47.518],[-121.062,47.542],[-121.108,47.592],[-121.108,47.592],[-121.108,47.592],[-121.108,47.592],[-121.112,47.596],[-121.134,47.646],[-121.122,47.686],[-121.066,47.714],[-121.12,47.78],[-121.076,47.822],[-121.122,47.834],[-121.176,47.888],[-121.148,47.98],[-121.12,48],[-121.152,48.036],[-121.12,48.056],[-121.012,48.078],[-120.95,48.116],[-120.962,48.146],[-120.912,48.162],[-120.922,48.188],[-121.012,48.278],[-121,48.296]]]}},{"type":"Feature","id":"12035","properties":{"n":"Flagler","f":"12035"},"geometry":{"type":"Polygon","coordinates":[[[-81.522,29.622],[-81.324,29.626],[-81.268,29.664],[-81.214,29.67],[-81.102,29.428],[-81.156,29.41],[-81.148,29.266],[-81.418,29.262],[-81.422,29.4],[-81.432,29.398],[-81.476,29.396],[-81.486,29.446],[-81.522,29.5],[-81.522,29.622]]]}},{"type":"Feature","id":"53037","properties":{"n":"Kittitas","f":"53037"},"geometry":{"type":"Polygon","coordinates":[[[-121.112,47.596],[-121.108,47.592],[-121.108,47.592],[-121.108,47.592],[-121.108,47.592],[-121.062,47.542],[-120.998,47.518],[-120.932,47.46],[-120.926,47.432],[-120.86,47.42],[-120.86,47.42],[-120.842,47.412],[-120.842,47.412],[-120.804,47.422],[-120.804,47.422],[-120.782,47.4],[-120.732,47.394],[-120.724,47.372],[-120.666,47.344],[-120.584,47.338],[-120.57,47.31],[-120.516,47.32],[-120.39,47.262],[-120.092,47.262],[-120.074,47.226],[-120.006,47.22],[-120.002,47.126],[-120.042,47.072],[-120.01,47.04],[-119.968,46.944],[-119.964,46.86],[-119.928,46.816],[-119.974,46.738],[-120.51,46.738],[-120.51,46.824],[-120.634,46.826],[-120.634,46.912],[-121.026,46.912],[-121.09,46.97],[-121.09,46.992],[-121.224,47.066],[-121.28,47.088],[-121.36,47.07],[-121.382,47.088],[-121.396,47.134],[-121.302,47.14],[-121.316,47.212],[-121.366,47.224],[-121.338,47.248],[-121.342,47.28],[-121.428,47.29],[-121.432,47.334],[-121.468,47.368],[-121.438,47.372],[-121.428,47.42],[-121.302,47.486],[-121.216,47.57],[-121.112,47.596]]]}},{"type":"Feature","id":"12095","properties":{"n":"Orange","f":"12095"},"geometry":{"type":"Polygon","coordinates":[[[-81.414,28.786],[-81.422,28.738],[-81.462,28.714],[-81.458,28.64],[-81.328,28.64],[-81.328,28.61],[-80.988,28.612],[-80.952,28.604],[-80.934,28.54],[-80.88,28.504],[-80.872,28.472],[-80.902,28.434],[-80.862,28.348],[-81.658,28.348],[-81.658,28.768],[-81.648,28.786],[-81.414,28.786]]]}},{"type":"Feature","id":"13235","properties":{"n":"Pulaski","f":"13235"},"geometry":{"type":"Polygon","coordinates":[[[-83.614,32.288],[-83.524,32.402],[-83.496,32.402],[-83.346,32.272],[-83.374,32.25],[-83.292,32.178],[-83.324,32.15],[-83.306,32.134],[-83.338,32.106],[-83.36,32.124],[-83.418,32.134],[-83.436,32.118],[-83.608,32.118],[-83.608,32.288],[-83.614,32.288]]]}},{"type":"Feature","id":"20151","properties":{"n":"Pratt","f":"20151"},"geometry":{"type":"Polygon","coordinates":[[[-99.012,37.826],[-98.47,37.824],[-98.464,37.732],[-98.464,37.472],[-99.012,37.47],[-99.012,37.734],[-99.012,37.826]]]}},{"type":"Feature","id":"19033","properties":{"n":"Cerro Gordo","f":"19033"},"geometry":{"type":"Polygon","coordinates":[[[-93.496,43.256],[-93.026,43.256],[-93.026,43.214],[-93.026,42.908],[-93.5,42.908],[-93.496,43.256]]]}},{"type":"Feature","id":"31155","properties":{"n":"Saunders","f":"31155"},"geometry":{"type":"Polygon","coordinates":[[[-96.906,41.452],[-96.82,41.44],[-96.748,41.45],[-96.69,41.426],[-96.568,41.434],[-96.504,41.396],[-96.472,41.392],[-96.422,41.364],[-96.406,41.314],[-96.35,41.264],[-96.364,41.234],[-96.328,41.19],[-96.31,41.116],[-96.338,41.082],[-96.32,41.044],[-96.35,41.014],[-96.464,41.016],[-96.464,41.044],[-96.91,41.046],[-96.91,41.394],[-96.906,41.452]]]}},{"type":"Feature","id":"55097","properties":{"n":"Portage","f":"55097"},"geometry":{"type":"Polygon","coordinates":[[[-89.846,44.684],[-89.49,44.686],[-89.224,44.682],[-89.224,44.244],[-89.598,44.246],[-89.724,44.248],[-89.728,44.512],[-89.846,44.512],[-89.846,44.684]]]}},{"type":"Feature","id":"20037","properties":{"n":"Crawford","f":"20037"},"geometry":{"type":"Polygon","coordinates":[[[-95.09,37.674],[-94.62,37.674],[-94.616,37.654],[-94.616,37.364],[-94.616,37.338],[-95.076,37.34],[-95.09,37.384],[-95.09,37.674]]]}},{"type":"Feature","id":"48221","properties":{"n":"Hood","f":"48221"},"geometry":{"type":"Polygon","coordinates":[[[-98.066,32.56],[-97.616,32.556],[-97.616,32.318],[-97.782,32.316],[-97.946,32.234],[-98.068,32.512],[-98.066,32.56]]]}},{"type":"Feature","id":"20111","properties":{"n":"Lyon","f":"20111"},"geometry":{"type":"Polygon","coordinates":[[[-96.354,38.522],[-96.354,38.74],[-95.948,38.74],[-95.952,38.696],[-95.952,38.434],[-95.952,38.26],[-95.958,38.17],[-96.356,38.172],[-96.354,38.522]]]}},{"type":"Feature","id":"30069","properties":{"n":"Petroleum","f":"30069"},"geometry":{"type":"Polygon","coordinates":[[[-108.312,47.584],[-108.202,47.59],[-108.18,47.58],[-108.064,47.598],[-107.976,47.586],[-107.928,47.568],[-107.9,47.51],[-107.91,47.45],[-107.91,47.404],[-107.96,47.352],[-107.958,47.268],[-107.958,47.268],[-107.968,47.252],[-107.928,47.168],[-107.96,47.128],[-107.924,47.046],[-107.886,47],[-107.91,46.97],[-107.94,46.878],[-107.892,46.852],[-107.842,46.802],[-107.828,46.756],[-108.262,46.754],[-108.38,46.75],[-108.632,46.75],[-108.632,46.836],[-108.61,46.836],[-108.61,47.098],[-108.736,47.098],[-108.736,47.184],[-108.718,47.184],[-108.718,47.27],[-108.592,47.27],[-108.592,47.306],[-108.338,47.308],[-108.316,47.316],[-108.312,47.584]]]}},{"type":"Feature","id":"50015","properties":{"n":"Lamoille","f":"50015"},"geometry":{"type":"Polygon","coordinates":[[[-72.578,44.782],[-72.416,44.722],[-72.48,44.634],[-72.37,44.592],[-72.374,44.584],[-72.434,44.506],[-72.492,44.422],[-72.596,44.48],[-72.652,44.398],[-72.804,44.452],[-72.84,44.458],[-72.804,44.506],[-72.832,44.516],[-72.828,44.552],[-72.926,44.634],[-72.89,44.658],[-72.85,44.712],[-72.796,44.692],[-72.782,44.74],[-72.746,44.786],[-72.614,44.802],[-72.578,44.782]]]}},{"type":"Feature","id":"13035","properties":{"n":"Butts","f":"13035"},"geometry":{"type":"Polygon","coordinates":[[[-84.102,33.298],[-84.06,33.31],[-84.032,33.362],[-83.962,33.376],[-83.974,33.408],[-83.924,33.444],[-83.912,33.418],[-83.862,33.368],[-83.84,33.328],[-83.816,33.242],[-83.822,33.18],[-83.858,33.2],[-84.042,33.202],[-84.124,33.202],[-84.124,33.252],[-84.088,33.286],[-84.102,33.298]]]}},{"type":"Feature","id":"55141","properties":{"n":"Wood","f":"55141"},"geometry":{"type":"Polygon","coordinates":[[[-90.316,44.424],[-90.316,44.684],[-89.846,44.684],[-89.846,44.512],[-89.728,44.512],[-89.724,44.248],[-89.904,44.25],[-90.312,44.248],[-90.32,44.254],[-90.316,44.424]]]}},{"type":"Feature","id":"19197","properties":{"n":"Wright","f":"19197"},"geometry":{"type":"Polygon","coordinates":[[[-93.974,42.644],[-93.97,42.908],[-93.5,42.908],[-93.5,42.558],[-93.97,42.558],[-93.974,42.644]]]}},{"type":"Feature","id":"48319","properties":{"n":"Mason","f":"48319"},"geometry":{"type":"Polygon","coordinates":[[[-99.486,30.94],[-99.092,30.94],[-99.092,30.922],[-98.966,30.922],[-98.962,30.498],[-99.304,30.5],[-99.482,30.5],[-99.482,30.71],[-99.486,30.94]]]}},{"type":"Feature","id":"48183","properties":{"n":"Gregg","f":"48183"},"geometry":{"type":"Polygon","coordinates":[[[-94.986,32.538],[-94.974,32.536],[-94.82,32.59],[-94.746,32.668],[-94.702,32.652],[-94.702,32.422],[-94.642,32.398],[-94.58,32.396],[-94.602,32.36],[-94.638,32.37],[-94.986,32.372],[-94.986,32.538]]]}},{"type":"Feature","id":"31045","properties":{"n":"Dawes","f":"31045"},"geometry":{"type":"Polygon","coordinates":[[[-103.506,43.002],[-103,43],[-102.792,43],[-102.792,42.786],[-102.774,42.786],[-102.774,42.44],[-103.446,42.438],[-103.482,42.438],[-103.482,42.786],[-103.502,42.784],[-103.506,43.002]]]}},{"type":"Feature","id":"41033","properties":{"n":"Josephine","f":"41033"},"geometry":{"type":"Polygon","coordinates":[[[-123.718,42.784],[-123.718,42.74],[-123.582,42.74],[-123.542,42.71],[-123.466,42.7],[-123.374,42.74],[-123.272,42.732],[-123.23,42.702],[-123.23,42.004],[-123.348,42],[-123.516,42.002],[-123.656,41.996],[-123.822,41.996],[-123.848,42.04],[-123.826,42.092],[-123.858,42.14],[-123.814,42.168],[-123.796,42.22],[-123.848,42.318],[-123.89,42.354],[-124.03,42.362],[-124.038,42.402],[-124.012,42.412],[-123.99,42.502],[-123.89,42.502],[-123.854,42.55],[-123.85,42.584],[-123.818,42.612],[-123.818,42.648],[-123.754,42.724],[-123.718,42.784]]]}},{"type":"Feature","id":"31151","properties":{"n":"Saline","f":"31151"},"geometry":{"type":"Polygon","coordinates":[[[-97.368,40.698],[-96.914,40.698],[-96.914,40.524],[-96.916,40.35],[-97.368,40.35],[-97.368,40.698]]]}},{"type":"Feature","id":"48211","properties":{"n":"Hemphill","f":"48211"},"geometry":{"type":"Polygon","coordinates":[[[-100.542,36.056],[-100,36.056],[-100,35.882],[-100,35.62],[-100.542,35.62],[-100.542,36.056]]]}},{"type":"Feature","id":"13171","properties":{"n":"Lamar","f":"13171"},"geometry":{"type":"Polygon","coordinates":[[[-84.246,33.188],[-84.224,33.18],[-84.124,33.178],[-84.124,33.202],[-84.042,33.202],[-84.042,33.03],[-84.052,32.932],[-84.124,32.932],[-84.12,32.99],[-84.272,32.992],[-84.25,33.04],[-84.246,33.188]]]}},{"type":"Feature","id":"39089","properties":{"n":"Licking","f":"39089"},"geometry":{"type":"Polygon","coordinates":[[[-82.76,40.126],[-82.75,40.276],[-82.476,40.264],[-82.476,40.246],[-82.196,40.24],[-82.182,40.238],[-82.186,40.166],[-82.2,39.95],[-82.232,39.952],[-82.232,39.914],[-82.42,39.922],[-82.462,39.93],[-82.474,39.924],[-82.782,39.94],[-82.76,40.126]]]}},{"type":"Feature","id":"48069","properties":{"n":"Castro","f":"48069"},"geometry":{"type":"Polygon","coordinates":[[[-102.526,34.748],[-102.168,34.748],[-102,34.748],[-102,34.314],[-102.088,34.314],[-102.526,34.314],[-102.526,34.748]]]}},{"type":"Feature","id":"26009","properties":{"n":"Antrim","f":"26009"},"geometry":{"type":"Polygon","coordinates":[[[-85.388,45.208],[-85.222,45.206],[-85.222,45.118],[-84.856,45.116],[-84.856,45.03],[-84.846,44.858],[-85.29,44.86],[-85.326,44.85],[-85.334,44.812],[-85.374,44.83],[-85.38,44.86],[-85.442,44.86],[-85.394,44.932],[-85.366,45.068],[-85.388,45.208]]]}},{"type":"Feature","id":"20147","properties":{"n":"Phillips","f":"20147"},"geometry":{"type":"Polygon","coordinates":[[[-99.626,40.002],[-99.178,40.002],[-99.066,40.002],[-99.066,39.568],[-99.602,39.568],[-99.626,39.568],[-99.626,40.002]]]}},{"type":"Feature","id":"20067","properties":{"n":"Grant","f":"20067"},"geometry":{"type":"Polygon","coordinates":[[[-101.528,37.736],[-101.09,37.736],[-101.09,37.388],[-101.526,37.388],[-101.528,37.736]]]}},{"type":"Feature","id":"30007","properties":{"n":"Broadwater","f":"30007"},"geometry":{"type":"Polygon","coordinates":[[[-111.788,46.57],[-111.632,46.57],[-111.64,46.582],[-111.64,46.738],[-111.604,46.778],[-111.496,46.762],[-111.456,46.746],[-111.45,46.682],[-111.414,46.67],[-111.406,46.64],[-111.338,46.636],[-111.324,46.616],[-111.332,46.536],[-111.256,46.498],[-111.248,46.44],[-111.184,46.432],[-111.166,46.448],[-111.062,46.408],[-111.072,46.348],[-111.12,46.312],[-111.126,46.276],[-111.08,46.25],[-111.062,46.192],[-111.306,46.188],[-111.346,46.152],[-111.356,46.118],[-111.424,46.06],[-111.42,45.994],[-111.456,45.998],[-111.468,45.956],[-111.546,45.91],[-111.59,45.906],[-111.662,45.834],[-111.662,46.048],[-111.784,46.05],[-111.788,46.136],[-111.788,46.57]]]}},{"type":"Feature","id":"31019","properties":{"n":"Buffalo","f":"31019"},"geometry":{"type":"Polygon","coordinates":[[[-99.426,41.046],[-99.206,41.046],[-98.748,41.046],[-98.722,41.046],[-98.722,40.698],[-98.726,40.69],[-98.826,40.674],[-98.906,40.652],[-99.114,40.654],[-99.178,40.66],[-99.246,40.66],[-99.332,40.672],[-99.418,40.672],[-99.426,40.7],[-99.426,41.046]]]}},{"type":"Feature","id":"32009","properties":{"n":"Esmeralda","f":"32009"},"geometry":{"type":"Polygon","coordinates":[[[-117.692,38.474],[-117.164,38.002],[-117.164,37.37],[-117.168,36.972],[-117.832,37.466],[-118.054,37.626],[-118.428,37.896],[-118.352,37.894],[-117.692,38.474]]]}},{"type":"Feature","id":"37135","properties":{"n":"Orange","f":"37135"},"geometry":{"type":"Polygon","coordinates":[[[-79.258,36.244],[-79.154,36.242],[-78.952,36.24],[-78.98,36.056],[-79.016,35.864],[-79.082,35.86],[-79.25,35.876],[-79.264,35.914],[-79.258,36.244]]]}},{"type":"Feature","id":"19105","properties":{"n":"Jones","f":"19105"},"geometry":{"type":"Polygon","coordinates":[[[-91.364,42.296],[-91.13,42.296],[-90.898,42.294],[-90.898,42.034],[-90.898,41.946],[-91.368,41.948],[-91.364,42.296]]]}},{"type":"Feature","id":"19027","properties":{"n":"Carroll","f":"19027"},"geometry":{"type":"Polygon","coordinates":[[[-95.09,42.21],[-94.86,42.21],[-94.63,42.21],[-94.63,41.862],[-94.746,41.862],[-95.094,41.864],[-95.09,42.21]]]}},{"type":"Feature","id":"19073","properties":{"n":"Greene","f":"19073"},"geometry":{"type":"Polygon","coordinates":[[[-94.63,42.21],[-94.396,42.208],[-94.164,42.21],[-94.164,41.864],[-94.282,41.862],[-94.63,41.862],[-94.63,42.21]]]}},{"type":"Feature","id":"01003","properties":{"n":"Baldwin","f":"01003"},"geometry":{"type":"Polygon","coordinates":[[[-88.008,30.684],[-88.026,30.754],[-87.986,30.812],[-87.944,30.828],[-87.98,30.862],[-87.982,30.886],[-87.926,30.936],[-87.964,30.968],[-87.964,31.008],[-87.94,31.048],[-87.976,31.09],[-87.94,31.146],[-87.972,31.162],[-87.94,31.164],[-87.946,31.194],[-87.914,31.188],[-87.868,31.216],[-87.828,31.276],[-87.786,31.282],[-87.81,31.306],[-87.764,31.298],[-87.718,31.304],[-87.678,31.262],[-87.616,31.244],[-87.616,30.998],[-87.598,30.998],[-87.588,30.964],[-87.634,30.866],[-87.628,30.846],[-87.544,30.778],[-87.534,30.744],[-87.404,30.674],[-87.394,30.616],[-87.448,30.528],[-87.438,30.48],[-87.366,30.436],[-87.43,30.406],[-87.458,30.336],[-87.492,30.324],[-87.466,30.302],[-87.52,30.28],[-87.656,30.25],[-87.8,30.23],[-88,30.226],[-87.936,30.262],[-87.894,30.238],[-87.768,30.262],[-87.756,30.292],[-87.81,30.332],[-87.836,30.37],[-87.908,30.41],[-87.932,30.488],[-87.9,30.55],[-87.912,30.616],[-87.936,30.658],[-88.008,30.684]]]}},{"type":"Feature","id":"26075","properties":{"n":"Jackson","f":"26075"},"geometry":{"type":"Polygon","coordinates":[[[-84.72,42.422],[-84.602,42.422],[-84.142,42.424],[-84.132,42.424],[-84.132,42.072],[-84.364,42.074],[-84.71,42.07],[-84.72,42.334],[-84.72,42.422]]]}},{"type":"Feature","id":"20065","properties":{"n":"Graham","f":"20065"},"geometry":{"type":"Polygon","coordinates":[[[-100.162,39.568],[-99.626,39.568],[-99.602,39.568],[-99.604,39.132],[-100.146,39.132],[-100.164,39.132],[-100.162,39.568]]]}},{"type":"Feature","id":"20001","properties":{"n":"Allen","f":"20001"},"geometry":{"type":"Polygon","coordinates":[[[-95.52,38.038],[-95.078,38.038],[-95.078,37.82],[-95.09,37.732],[-95.524,37.732],[-95.52,38.038]]]}},{"type":"Feature","id":"48461","properties":{"n":"Upton","f":"48461"},"geometry":{"type":"Polygon","coordinates":[[[-102.318,31.652],[-102.286,31.652],[-101.776,31.652],[-101.776,31.08],[-102.3,31.086],[-102.308,31.198],[-102.318,31.652]]]}},{"type":"Feature","id":"31083","properties":{"n":"Harlan","f":"31083"},"geometry":{"type":"Polygon","coordinates":[[[-99.63,40.35],[-99.178,40.35],[-99.178,40.002],[-99.626,40.002],[-99.63,40.35]]]}},{"type":"Feature","id":"19063","properties":{"n":"Emmet","f":"19063"},"geometry":{"type":"Polygon","coordinates":[[[-94.914,43.5],[-94.852,43.5],[-94.444,43.5],[-94.444,43.256],[-94.914,43.256],[-94.914,43.5]]]}},{"type":"Feature","id":"20195","properties":{"n":"Trego","f":"20195"},"geometry":{"type":"Polygon","coordinates":[[[-100.146,39.132],[-99.604,39.132],[-99.59,39.132],[-99.598,38.696],[-100.154,38.698],[-100.146,39.132]]]}},{"type":"Feature","id":"48247","properties":{"n":"Jim Hogg","f":"48247"},"geometry":{"type":"Polygon","coordinates":[[[-98.956,27.27],[-98.798,27.268],[-98.798,27.354],[-98.59,27.358],[-98.522,27.342],[-98.524,27.264],[-98.492,27.234],[-98.492,27.142],[-98.468,27.142],[-98.468,27.054],[-98.416,27.056],[-98.424,26.784],[-98.956,26.786],[-98.956,27.27]]]}},{"type":"Feature","id":"55078","properties":{"n":"Menominee","f":"55078"},"geometry":{"type":"Polygon","coordinates":[[[-88.64,45.118],[-88.486,45.116],[-88.488,44.856],[-88.736,44.856],[-88.736,44.944],[-88.98,44.942],[-88.98,45.03],[-88.98,45.118],[-88.64,45.118]]]}},{"type":"Feature","id":"27091","properties":{"n":"Martin","f":"27091"},"geometry":{"type":"Polygon","coordinates":[[[-94.852,43.848],[-94.368,43.848],[-94.246,43.848],[-94.246,43.5],[-94.444,43.5],[-94.852,43.5],[-94.852,43.848]]]}},{"type":"Feature","id":"01085","properties":{"n":"Lowndes","f":"01085"},"geometry":{"type":"Polygon","coordinates":[[[-86.816,32.34],[-86.798,32.308],[-86.774,32.34],[-86.776,32.394],[-86.72,32.402],[-86.712,32.36],[-86.684,32.352],[-86.654,32.398],[-86.618,32.406],[-86.616,32.374],[-86.544,32.364],[-86.532,32.338],[-86.496,32.344],[-86.476,32.332],[-86.486,32.284],[-86.408,32.244],[-86.408,32.05],[-86.404,31.964],[-86.446,31.964],[-86.856,31.962],[-86.856,32.048],[-86.906,32.048],[-86.91,32.224],[-86.81,32.224],[-86.856,32.256],[-86.86,32.284],[-86.828,32.306],[-86.848,32.328],[-86.816,32.34]]]}},{"type":"Feature","id":"21073","properties":{"n":"Franklin","f":"21073"},"geometry":{"type":"Polygon","coordinates":[[[-84.996,38.336],[-84.906,38.374],[-84.87,38.356],[-84.792,38.338],[-84.742,38.352],[-84.724,38.196],[-84.864,38.142],[-84.864,38.118],[-84.904,38.094],[-85.026,38.13],[-85.004,38.162],[-85,38.276],[-84.958,38.332],[-84.996,38.336]]]}},{"type":"Feature","id":"29205","properties":{"n":"Shelby","f":"29205"},"geometry":{"type":"Polygon","coordinates":[[[-92.286,39.952],[-91.952,39.95],[-91.842,39.948],[-91.848,39.658],[-92.186,39.662],[-92.186,39.608],[-92.3,39.606],[-92.286,39.952]]]}},{"type":"Feature","id":"48285","properties":{"n":"Lavaca","f":"48285"},"geometry":{"type":"Polygon","coordinates":[[[-97.142,29.628],[-96.874,29.632],[-96.844,29.616],[-96.834,29.576],[-96.794,29.578],[-96.562,29.336],[-96.658,29.264],[-96.938,29.064],[-96.978,29.104],[-97.24,29.384],[-97.204,29.508],[-97.204,29.58],[-97.142,29.628]]]}},{"type":"Feature","id":"55047","properties":{"n":"Green Lake","f":"55047"},"geometry":{"type":"Polygon","coordinates":[[[-89.168,43.982],[-88.888,43.982],[-88.888,43.896],[-88.888,43.634],[-89.006,43.634],[-89.128,43.632],[-89.128,43.644],[-89.246,43.642],[-89.246,43.76],[-89.168,43.766],[-89.168,43.81],[-89.2,43.812],[-89.2,43.876],[-89.168,43.876],[-89.168,43.982]]]}},{"type":"Feature","id":"31047","properties":{"n":"Dawson","f":"31047"},"geometry":{"type":"Polygon","coordinates":[[[-100.226,41.046],[-99.426,41.046],[-99.426,40.7],[-99.418,40.672],[-99.444,40.678],[-99.584,40.678],[-99.644,40.684],[-99.698,40.7],[-99.982,40.7],[-100.222,40.7],[-100.226,41.046]]]}},{"type":"Feature","id":"26149","properties":{"n":"St. Joseph","f":"26149"},"geometry":{"type":"Polygon","coordinates":[[[-85.764,42.068],[-85.294,42.072],[-85.29,41.76],[-85.66,41.758],[-85.79,41.758],[-85.762,41.8],[-85.764,42.068]]]}},{"type":"Feature","id":"19131","properties":{"n":"Mitchell","f":"19131"},"geometry":{"type":"Polygon","coordinates":[[[-93.026,43.5],[-92.552,43.5],[-92.556,43.214],[-93.026,43.214],[-93.026,43.256],[-93.026,43.5]]]}},{"type":"Feature","id":"19137","properties":{"n":"Montgomery","f":"19137"},"geometry":{"type":"Polygon","coordinates":[[[-95.384,41.16],[-95.154,41.16],[-94.928,41.158],[-94.928,40.9],[-95.384,40.902],[-95.384,41.16]]]}},{"type":"Feature","id":"19017","properties":{"n":"Bremer","f":"19017"},"geometry":{"type":"Polygon","coordinates":[[[-92.556,42.908],[-92.082,42.908],[-92.082,42.642],[-92.556,42.642],[-92.556,42.908]]]}},{"type":"Feature","id":"37025","properties":{"n":"Cabarrus","f":"37025"},"geometry":{"type":"Polygon","coordinates":[[[-80.782,35.506],[-80.736,35.506],[-80.294,35.504],[-80.506,35.186],[-80.55,35.208],[-80.668,35.268],[-80.694,35.346],[-80.764,35.402],[-80.75,35.414],[-80.782,35.506]]]}},{"type":"Feature","id":"48329","properties":{"n":"Midland","f":"48329"},"geometry":{"type":"Polygon","coordinates":[[[-102.286,32.086],[-102.21,32.086],[-101.776,32.086],[-101.776,31.652],[-102.286,31.652],[-102.286,32.086]]]}},{"type":"Feature","id":"48267","properties":{"n":"Kimble","f":"48267"},"geometry":{"type":"Polygon","coordinates":[[[-100.114,30.71],[-99.482,30.71],[-99.482,30.5],[-99.304,30.5],[-99.304,30.286],[-99.756,30.29],[-100.114,30.29],[-100.114,30.71]]]}},{"type":"Feature","id":"55103","properties":{"n":"Richland","f":"55103"},"geometry":{"type":"Polygon","coordinates":[[[-90.312,43.554],[-90.19,43.556],[-90.194,43.164],[-90.262,43.198],[-90.352,43.21],[-90.43,43.202],[-90.546,43.212],[-90.668,43.172],[-90.668,43.422],[-90.672,43.552],[-90.312,43.554]]]}},{"type":"Feature","id":"48065","properties":{"n":"Carson","f":"48065"},"geometry":{"type":"Polygon","coordinates":[[[-101.622,35.62],[-101.622,35.624],[-101.088,35.626],[-101.088,35.62],[-101.088,35.182],[-101.622,35.182],[-101.622,35.62]]]}},{"type":"Feature","id":"21061","properties":{"n":"Edmonson","f":"21061"},"geometry":{"type":"Polygon","coordinates":[[[-86.468,37.32],[-86.156,37.336],[-86.048,37.216],[-86.056,37.168],[-86.074,37.052],[-86.112,37.062],[-86.192,37.076],[-86.216,37.104],[-86.282,37.08],[-86.4,37.17],[-86.468,37.32]]]}},{"type":"Feature","id":"51109","properties":{"n":"Louisa","f":"51109"},"geometry":{"type":"Polygon","coordinates":[[[-78.306,38.006],[-78.252,38.064],[-78.21,38.132],[-78.17,38.13],[-78.102,38.152],[-78.048,38.136],[-78.002,38.138],[-77.954,38.118],[-77.918,38.118],[-77.786,38.076],[-77.74,38.034],[-77.688,38.008],[-77.796,37.728],[-77.832,37.754],[-77.89,37.76],[-77.948,37.848],[-77.99,37.858],[-78.016,37.892],[-78.062,37.906],[-78.23,37.978],[-78.306,38.006]]]}},{"type":"Feature","id":"48363","properties":{"n":"Palo Pinto","f":"48363"},"geometry":{"type":"Polygon","coordinates":[[[-98.574,32.954],[-98.428,32.952],[-98.428,33.008],[-98.054,33.004],[-98.066,32.56],[-98.068,32.512],[-98.474,32.512],[-98.574,32.516],[-98.574,32.954]]]}},{"type":"Feature","id":"48279","properties":{"n":"Lamb","f":"48279"},"geometry":{"type":"Polygon","coordinates":[[[-102.616,34.312],[-102.526,34.314],[-102.088,34.314],[-102.086,33.824],[-102.616,33.826],[-102.616,34.312]]]}},{"type":"Feature","id":"12131","properties":{"n":"Walton","f":"12131"},"geometry":{"type":"Polygon","coordinates":[[[-86.39,30.994],[-86.188,30.994],[-86.034,30.994],[-86.038,30.704],[-85.844,30.702],[-85.868,30.664],[-85.916,30.636],[-85.916,30.598],[-85.88,30.556],[-85.886,30.52],[-85.858,30.49],[-85.902,30.444],[-85.962,30.44],[-85.994,30.39],[-85.994,30.268],[-86.092,30.304],[-86.3,30.364],[-86.396,30.378],[-86.39,30.994]]]}},{"type":"Feature","id":"36039","properties":{"n":"Greene","f":"36039"},"geometry":{"type":"Polygon","coordinates":[[[-74.444,42.356],[-74.38,42.374],[-74.348,42.356],[-74.244,42.378],[-74.254,42.408],[-73.784,42.464],[-73.776,42.43],[-73.794,42.374],[-73.784,42.288],[-73.802,42.254],[-73.848,42.23],[-73.856,42.192],[-73.892,42.168],[-73.91,42.128],[-74.002,42.178],[-74.042,42.17],[-74.074,42.096],[-74.308,42.114],[-74.452,42.17],[-74.538,42.202],[-74.43,42.348],[-74.444,42.356]]]}},{"type":"Feature","id":"39037","properties":{"n":"Darke","f":"39037"},"geometry":{"type":"Polygon","coordinates":[[[-84.814,39.916],[-84.81,40.006],[-84.81,40.13],[-84.802,40.31],[-84.802,40.352],[-84.434,40.354],[-84.434,40.198],[-84.426,39.92],[-84.486,39.918],[-84.814,39.916]]]}},{"type":"Feature","id":"27007","properties":{"n":"Beltrami","f":"27007"},"geometry":{"type":"Polygon","coordinates":[[[-95.602,48.538],[-95.34,48.54],[-95.212,48.54],[-95.212,48.366],[-94.43,48.368],[-94.418,47.846],[-94.414,47.444],[-94.414,47.412],[-94.67,47.41],[-95.182,47.414],[-95.194,47.674],[-95.194,47.872],[-95.248,47.884],[-95.276,47.944],[-95.23,48.02],[-95.582,48.02],[-95.592,48.02],[-95.592,48.172],[-95.592,48.366],[-95.602,48.366],[-95.602,48.538]]]}},{"type":"Feature","id":"26133","properties":{"n":"Osceola","f":"26133"},"geometry":{"type":"Polygon","coordinates":[[[-85.564,44.166],[-85.334,44.166],[-85.086,44.164],[-85.09,43.814],[-85.564,43.816],[-85.564,44.166]]]}},{"type":"Feature","id":"20049","properties":{"n":"Elk","f":"20049"},"geometry":{"type":"Polygon","coordinates":[[[-96.526,37.606],[-95.962,37.604],[-95.962,37.388],[-95.966,37.3],[-96.526,37.302],[-96.526,37.476],[-96.526,37.606]]]}},{"type":"Feature","id":"20075","properties":{"n":"Hamilton","f":"20075"},"geometry":{"type":"Polygon","coordinates":[[[-102.046,38.262],[-101.568,38.264],[-101.544,38.264],[-101.544,37.828],[-101.526,37.828],[-101.528,37.736],[-102.042,37.738],[-102.046,38.262]]]}},{"type":"Feature","id":"27137","properties":{"n":"St. Louis","f":"27137"},"geometry":{"type":"Polygon","coordinates":[[[-93.086,48.628],[-92.95,48.63],[-92.928,48.608],[-92.728,48.54],[-92.634,48.542],[-92.63,48.5],[-92.7,48.494],[-92.714,48.462],[-92.656,48.436],[-92.508,48.448],[-92.456,48.402],[-92.476,48.372],[-92.456,48.33],[-92.368,48.22],[-92.28,48.244],[-92.308,48.316],[-92.262,48.354],[-92.208,48.346],[-92.056,48.358],[-92,48.322],[-92.006,48.266],[-91.946,48.23],[-91.896,48.238],[-91.862,48.206],[-91.798,48.202],[-91.788,47.548],[-91.794,46.94],[-91.842,46.926],[-92.06,46.81],[-92.092,46.788],[-92.064,46.746],[-92.014,46.706],[-92.09,46.75],[-92.14,46.74],[-92.15,46.714],[-92.208,46.702],[-92.176,46.686],[-92.214,46.65],[-92.294,46.664],[-92.3,46.764],[-93.062,46.766],[-93.054,47.026],[-93.066,47.11],[-93.068,47.394],[-93.062,47.72],[-93.084,47.72],[-93.08,47.892],[-93.09,48.068],[-93.098,48.068],[-93.086,48.628]]]}},{"type":"Feature","id":"19183","properties":{"n":"Washington","f":"19183"},"geometry":{"type":"Polygon","coordinates":[[[-91.946,41.51],[-91.83,41.512],[-91.518,41.512],[-91.514,41.47],[-91.482,41.424],[-91.486,41.162],[-91.716,41.162],[-91.946,41.164],[-91.946,41.51]]]}},{"type":"Feature","id":"48133","properties":{"n":"Eastland","f":"48133"},"geometry":{"type":"Polygon","coordinates":[[[-99.114,32.514],[-99.096,32.514],[-98.574,32.516],[-98.474,32.512],[-98.474,32.298],[-98.55,32.262],[-98.924,32.078],[-99.12,32.08],[-99.114,32.514]]]}},{"type":"Feature","id":"48265","properties":{"n":"Kerr","f":"48265"},"geometry":{"type":"Polygon","coordinates":[[[-99.756,30.29],[-99.304,30.286],[-99.3,30.134],[-98.92,30.138],[-98.92,29.782],[-99.178,29.896],[-99.278,29.904],[-99.602,29.908],[-99.692,29.908],[-99.692,30.074],[-99.76,30.074],[-99.756,30.29]]]}},{"type":"Feature","id":"36003","properties":{"n":"Allegany","f":"36003"},"geometry":{"type":"Polygon","coordinates":[[[-78.31,42.52],[-78.036,42.522],[-77.84,42.518],[-77.84,42.474],[-77.724,42.47],[-77.724,42.404],[-77.742,42.192],[-77.75,41.998],[-78.206,42],[-78.31,42],[-78.31,42.52]]]}},{"type":"Feature","id":"48303","properties":{"n":"Lubbock","f":"48303"},"geometry":{"type":"Polygon","coordinates":[[[-102.086,33.824],[-101.564,33.83],[-101.558,33.396],[-102.074,33.39],[-102.086,33.824]]]}},{"type":"Feature","id":"51775","properties":{"n":"Salem","f":"51775"},"geometry":{"type":"Polygon","coordinates":[[[-80.022,37.308],[-80.032,37.262],[-80.076,37.258],[-80.118,37.288],[-80.032,37.324],[-80.022,37.308]]]}},{"type":"Feature","id":"51670","properties":{"n":"Hopewell","f":"51670"},"geometry":{"type":"Polygon","coordinates":[[[-77.334,37.312],[-77.284,37.314],[-77.254,37.294],[-77.304,37.262],[-77.326,37.266],[-77.334,37.312]]]}},{"type":"Feature","id":"08095","properties":{"n":"Phillips","f":"08095"},"geometry":{"type":"Polygon","coordinates":[[[-102.652,40.75],[-102.052,40.75],[-102.052,40.698],[-102.052,40.44],[-102.664,40.438],[-102.664,40.706],[-102.652,40.75]]]}},{"type":"Feature","id":"08125","properties":{"n":"Yuma","f":"08125"},"geometry":{"type":"Polygon","coordinates":[[[-102.782,40.438],[-102.664,40.438],[-102.052,40.44],[-102.052,40.35],[-102.052,40.002],[-102.05,39.574],[-102.804,39.568],[-102.804,40.002],[-102.792,40.002],[-102.792,40.352],[-102.782,40.35],[-102.782,40.438]]]}},{"type":"Feature","id":"19141","properties":{"n":"O'Brien","f":"19141"},"geometry":{"type":"Polygon","coordinates":[[[-95.862,43.258],[-95.388,43.256],[-95.388,42.91],[-95.858,42.91],[-95.862,42.996],[-95.862,43.258]]]}},{"type":"Feature","id":"31175","properties":{"n":"Valley","f":"31175"},"geometry":{"type":"Polygon","coordinates":[[[-99.214,41.74],[-98.758,41.74],[-98.75,41.74],[-98.75,41.394],[-99.202,41.394],[-99.214,41.394],[-99.214,41.74]]]}},{"type":"Feature","id":"37097","properties":{"n":"Iredell","f":"37097"},"geometry":{"type":"Polygon","coordinates":[[[-81.03,36.046],[-80.976,36.058],[-80.884,36.056],[-80.694,36.052],[-80.708,35.852],[-80.772,35.672],[-80.736,35.506],[-80.782,35.506],[-80.908,35.516],[-80.948,35.492],[-80.958,35.546],[-80.926,35.622],[-81.006,35.71],[-81.062,35.712],[-81.066,35.738],[-81.11,35.776],[-81.042,35.858],[-81.006,35.958],[-81.002,35.998],[-81.03,36.046]]]}},{"type":"Feature","id":"01057","properties":{"n":"Fayette","f":"01057"},"geometry":{"type":"Polygon","coordinates":[[[-87.95,33.92],[-87.634,33.916],[-87.634,33.872],[-87.53,33.868],[-87.528,33.692],[-87.422,33.688],[-87.422,33.602],[-87.632,33.61],[-87.632,33.58],[-87.668,33.58],[-87.668,33.522],[-87.84,33.524],[-87.946,33.524],[-87.95,33.92]]]}},{"type":"Feature","id":"20039","properties":{"n":"Decatur","f":"20039"},"geometry":{"type":"Polygon","coordinates":[[[-100.74,40.002],[-100.194,40.002],[-100.18,40.002],[-100.18,39.566],[-100.722,39.568],[-100.74,39.568],[-100.74,40.002]]]}},{"type":"Feature","id":"41001","properties":{"n":"Baker","f":"41001"},"geometry":{"type":"Polygon","coordinates":[[[-118.244,44.958],[-118.216,45.006],[-118.162,45.016],[-118.13,45.044],[-118,44.994],[-117.968,44.996],[-117.906,45.03],[-117.888,45.058],[-117.842,45.058],[-117.792,45.026],[-117.778,44.992],[-117.566,44.994],[-117.562,45.08],[-117.268,45.08],[-116.784,45.078],[-116.848,45.022],[-116.858,44.978],[-116.834,44.928],[-116.866,44.87],[-116.902,44.842],[-116.93,44.786],[-117.046,44.744],[-117.096,44.666],[-117.124,44.582],[-117.16,44.524],[-117.224,44.484],[-117.214,44.428],[-117.242,44.396],[-117.188,44.336],[-117.222,44.302],[-117.486,44.3],[-117.486,44.388],[-117.57,44.416],[-117.59,44.444],[-117.972,44.444],[-118.01,44.43],[-118.032,44.39],[-118.072,44.372],[-118.094,44.33],[-118.15,44.3],[-118.154,44.27],[-118.234,44.256],[-118.482,44.256],[-118.5,44.27],[-118.47,44.332],[-118.41,44.372],[-118.434,44.408],[-118.42,44.452],[-118.362,44.472],[-118.374,44.528],[-118.306,44.586],[-118.342,44.63],[-118.502,44.666],[-118.516,44.706],[-118.466,44.706],[-118.366,44.748],[-118.294,44.746],[-118.284,44.77],[-118.316,44.836],[-118.294,44.864],[-118.226,44.866],[-118.226,44.94],[-118.244,44.958]]]}},{"type":"Feature","id":"01133","properties":{"n":"Winston","f":"01133"},"geometry":{"type":"Polygon","coordinates":[[[-87.634,34.308],[-87.53,34.304],[-87.11,34.3],[-87.11,33.992],[-87.15,33.992],[-87.498,33.996],[-87.634,34.002],[-87.634,34.308]]]}},{"type":"Feature","id":"29221","properties":{"n":"Washington","f":"29221"},"geometry":{"type":"Polygon","coordinates":[[[-91.094,38.204],[-90.778,38.204],[-90.682,38.102],[-90.638,38.076],[-90.646,37.734],[-90.876,37.734],[-91.098,37.74],[-91.094,37.87],[-91.094,38.204]]]}},{"type":"Feature","id":"26145","properties":{"n":"Saginaw","f":"26145"},"geometry":{"type":"Polygon","coordinates":[[[-84.168,43.568],[-84.048,43.568],[-84.052,43.524],[-83.816,43.522],[-83.82,43.478],[-83.698,43.478],[-83.694,43.326],[-83.698,43.222],[-83.93,43.22],[-83.93,43.132],[-84.368,43.128],[-84.368,43.466],[-84.368,43.482],[-84.172,43.482],[-84.168,43.568]]]}},{"type":"Feature","id":"48143","properties":{"n":"Erath","f":"48143"},"geometry":{"type":"Polygon","coordinates":[[[-98.474,32.512],[-98.068,32.512],[-97.946,32.234],[-97.864,32.088],[-98.004,32.018],[-98.208,31.918],[-98.252,31.98],[-98.328,31.942],[-98.55,32.262],[-98.474,32.298],[-98.474,32.512]]]}},{"type":"Feature","id":"12101","properties":{"n":"Pasco","f":"12101"},"geometry":{"type":"MultiPolygon","coordinates":[[[[-82.678,28.434],[-82.254,28.434],[-82.25,28.478],[-82.054,28.478],[-82.056,28.312],[-82.056,28.258],[-82.108,28.26],[-82.108,28.172],[-82.412,28.172],[-82.652,28.174],[-82.804,28.172],[-82.764,28.22],[-82.76,28.254],[-82.732,28.292],[-82.732,28.324],[-82.706,28.368],[-82.706,28.402],[-82.678,28.434]]],[[[-82.828,28.172],[-82.86,28.172],[-82.86,28.218],[-82.828,28.218],[-82.828,28.172]]]]}},{"type":"Feature","id":"37169","properties":{"n":"Stokes","f":"37169"},"geometry":{"type":"Polygon","coordinates":[[[-80.442,36.55],[-80.294,36.544],[-80.054,36.542],[-80.028,36.542],[-80.036,36.258],[-80.452,36.262],[-80.442,36.55]]]}},{"type":"Feature","id":"20201","properties":{"n":"Washington","f":"20201"},"geometry":{"type":"Polygon","coordinates":[[[-97.368,40.002],[-96.916,40.002],[-96.806,40.002],[-96.806,39.566],[-96.96,39.566],[-97.368,39.568],[-97.368,39.654],[-97.368,40.002]]]}},{"type":"Feature","id":"13109","properties":{"n":"Evans","f":"13109"},"geometry":{"type":"Polygon","coordinates":[[[-81.97,32.268],[-81.892,32.274],[-81.816,32.238],[-81.78,32.152],[-81.756,32.104],[-81.72,32.09],[-81.762,32.048],[-81.888,32.05],[-81.982,32.082],[-82.024,32.28],[-81.97,32.268]]]}},{"type":"Feature","id":"45023","properties":{"n":"Chester","f":"45023"},"geometry":{"type":"Polygon","coordinates":[[[-81.48,34.822],[-80.898,34.822],[-80.862,34.696],[-80.898,34.632],[-80.876,34.544],[-81.002,34.548],[-81.246,34.564],[-81.422,34.572],[-81.414,34.634],[-81.454,34.676],[-81.458,34.724],[-81.482,34.744],[-81.454,34.76],[-81.48,34.822]]]}},{"type":"Feature","id":"04012","properties":{"n":"La Paz","f":"04012"},"geometry":{"type":"Polygon","coordinates":[[[-114.626,33.434],[-114.622,33.456],[-114.558,33.532],[-114.526,33.552],[-114.54,33.592],[-114.526,33.686],[-114.496,33.696],[-114.504,33.76],[-114.53,33.816],[-114.526,33.858],[-114.504,33.864],[-114.512,33.912],[-114.536,33.928],[-114.436,34.028],[-114.436,34.08],[-114.422,34.104],[-114.324,34.136],[-114.288,34.17],[-114.228,34.188],[-114.224,34.206],[-114.134,34.26],[-114.138,34.304],[-114.088,34.298],[-114.034,34.26],[-113.926,34.248],[-113.85,34.25],[-113.84,34.224],[-113.74,34.24],[-113.678,34.21],[-113.586,34.242],[-113.536,34.31],[-113.362,34.294],[-113.334,34.318],[-113.334,33.998],[-113.334,33.378],[-113.958,33.378],[-113.958,33.464],[-114.268,33.464],[-114.268,33.03],[-114.514,33.028],[-114.576,33.036],[-114.602,33.026],[-114.648,33.048],[-114.658,33.032],[-114.708,33.09],[-114.684,33.148],[-114.676,33.27],[-114.73,33.306],[-114.698,33.362],[-114.726,33.406],[-114.644,33.416],[-114.626,33.434]]]}},{"type":"Feature","id":"31009","properties":{"n":"Blaine","f":"31009"},"geometry":{"type":"Polygon","coordinates":[[[-100.27,42.086],[-100.168,42.086],[-99.688,42.086],[-99.688,41.74],[-100.004,41.738],[-100.252,41.74],[-100.266,41.74],[-100.27,42.086]]]}},{"type":"Feature","id":"20069","properties":{"n":"Gray","f":"20069"},"geometry":{"type":"Polygon","coordinates":[[[-100.226,38.002],[-100.226,37.914],[-100.226,37.826],[-100.216,37.826],[-100.216,37.476],[-100.654,37.474],[-100.654,37.736],[-100.654,37.828],[-100.664,37.828],[-100.664,38.002],[-100.226,38.002]]]}},{"type":"Feature","id":"48459","properties":{"n":"Upshur","f":"48459"},"geometry":{"type":"Polygon","coordinates":[[[-95.15,32.902],[-94.72,32.904],[-94.706,32.88],[-94.702,32.792],[-94.702,32.652],[-94.746,32.668],[-94.82,32.59],[-94.974,32.536],[-94.986,32.538],[-95.01,32.516],[-95.078,32.556],[-95.14,32.55],[-95.154,32.57],[-95.15,32.902]]]}},{"type":"Feature","id":"48031","properties":{"n":"Blanco","f":"48031"},"geometry":{"type":"Polygon","coordinates":[[[-98.592,30.5],[-98.41,30.502],[-98.352,30.486],[-98.126,30.426],[-98.172,30.356],[-98.298,30.038],[-98.414,29.938],[-98.59,30.14],[-98.592,30.5]]]}},{"type":"Feature","id":"20061","properties":{"n":"Geary","f":"20061"},"geometry":{"type":"Polygon","coordinates":[[[-96.964,39.132],[-96.964,39.22],[-96.848,39.22],[-96.848,39.14],[-96.83,39.14],[-96.852,39.088],[-96.704,39.092],[-96.704,39.074],[-96.5,39.072],[-96.5,39.044],[-96.5,38.87],[-96.892,38.87],[-96.928,38.87],[-96.928,38.978],[-96.964,38.966],[-96.964,39.132]]]}},{"type":"Feature","id":"21041","properties":{"n":"Carroll","f":"21041"},"geometry":{"type":"Polygon","coordinates":[[[-85.202,38.692],[-85.172,38.688],[-85.026,38.762],[-84.964,38.68],[-84.936,38.662],[-84.976,38.636],[-85.076,38.596],[-85.168,38.586],[-85.212,38.58],[-85.23,38.626],[-85.334,38.736],[-85.258,38.738],[-85.202,38.692]]]}},{"type":"Feature","id":"37081","properties":{"n":"Guilford","f":"37081"},"geometry":{"type":"Polygon","coordinates":[[[-80.044,36.01],[-80.036,36.258],[-79.534,36.242],[-79.54,35.9],[-80.046,35.92],[-80.044,36.01]]]}},{"type":"Feature","id":"51610","properties":{"n":"Falls Church","f":"51610"},"geometry":{"type":"Polygon","coordinates":[[[-77.172,38.892],[-77.15,38.876],[-77.172,38.892],[-77.172,38.892]]]}},{"type":"Feature","id":"51678","properties":{"n":"Lexington","f":"51678"},"geometry":{"type":"Polygon","coordinates":[[[-79.462,37.786],[-79.416,37.788],[-79.454,37.766],[-79.462,37.786]]]}},{"type":"Feature","id":"26059","properties":{"n":"Hillsdale","f":"26059"},"geometry":{"type":"Polygon","coordinates":[[[-84.828,42.072],[-84.71,42.07],[-84.364,42.074],[-84.362,41.706],[-84.4,41.706],[-84.806,41.696],[-84.806,41.76],[-84.824,41.76],[-84.828,42.072]]]}},{"type":"Feature","id":"20203","properties":{"n":"Wichita","f":"20203"},"geometry":{"type":"Polygon","coordinates":[[[-101.568,38.7],[-101.486,38.7],[-101.126,38.7],[-101.126,38.264],[-101.544,38.264],[-101.568,38.264],[-101.568,38.7]]]}},{"type":"Feature","id":"27039","properties":{"n":"Dodge","f":"27039"},"geometry":{"type":"Polygon","coordinates":[[[-93.048,44.196],[-93.04,44.196],[-92.678,44.196],[-92.678,43.848],[-92.688,43.848],[-93.048,43.848],[-93.044,43.878],[-93.048,44.196]]]}},{"type":"Feature","id":"48003","properties":{"n":"Andrews","f":"48003"},"geometry":{"type":"Polygon","coordinates":[[[-103.066,32.522],[-102.21,32.524],[-102.21,32.086],[-102.286,32.086],[-102.8,32.086],[-103.066,32.086],[-103.066,32.522]]]}},{"type":"Feature","id":"27079","properties":{"n":"Le Sueur","f":"27079"},"geometry":{"type":"Polygon","coordinates":[[[-93.93,44.458],[-93.884,44.518],[-93.908,44.544],[-93.524,44.544],[-93.524,44.196],[-93.768,44.196],[-93.768,44.24],[-94.012,44.24],[-94.024,44.258],[-93.96,44.308],[-93.934,44.344],[-93.962,44.366],[-93.93,44.458]]]}},{"type":"Feature","id":"55105","properties":{"n":"Rock","f":"55105"},"geometry":{"type":"Polygon","coordinates":[[[-89.368,42.844],[-89.012,42.848],[-88.776,42.842],[-88.78,42.754],[-88.776,42.492],[-88.942,42.496],[-89.364,42.5],[-89.368,42.844]]]}},{"type":"Feature","id":"27147","properties":{"n":"Steele","f":"27147"},"geometry":{"type":"Polygon","coordinates":[[[-93.406,44.196],[-93.048,44.196],[-93.044,43.878],[-93.048,43.848],[-93.05,43.848],[-93.406,43.848],[-93.406,44.196]]]}},{"type":"Feature","id":"42065","properties":{"n":"Jefferson","f":"42065"},"geometry":{"type":"Polygon","coordinates":[[[-79.214,41.05],[-79.21,41.078],[-79.21,41.332],[-79.106,41.326],[-79.096,41.34],[-79.02,41.35],[-78.97,41.376],[-78.96,41.362],[-78.736,41.264],[-78.712,41.202],[-78.766,41.204],[-78.806,41.132],[-78.806,40.906],[-79.214,40.91],[-79.214,41.05]]]}},{"type":"Feature","id":"19151","properties":{"n":"Pocahontas","f":"19151"},"geometry":{"type":"Polygon","coordinates":[[[-94.914,42.91],[-94.444,42.908],[-94.444,42.646],[-94.444,42.558],[-94.914,42.56],[-94.914,42.91]]]}},{"type":"Feature","id":"27105","properties":{"n":"Nobles","f":"27105"},"geometry":{"type":"Polygon","coordinates":[[[-96.052,43.848],[-95.462,43.848],[-95.452,43.848],[-95.456,43.5],[-95.862,43.5],[-96.052,43.5],[-96.052,43.848]]]}},{"type":"Feature","id":"13003","properties":{"n":"Atkinson","f":"13003"},"geometry":{"type":"Polygon","coordinates":[[[-83.14,31.42],[-82.958,31.418],[-82.958,31.402],[-82.84,31.402],[-82.818,31.364],[-82.628,31.364],[-82.632,31.274],[-82.7,31.278],[-82.7,31.224],[-82.67,31.184],[-82.972,31.184],[-83.048,31.184],[-83.052,31.232],[-83.034,31.274],[-83.058,31.33],[-83.112,31.368],[-83.14,31.42]]]}},{"type":"Feature","id":"12111","properties":{"n":"St. Lucie","f":"12111"},"geometry":{"type":"Polygon","coordinates":[[[-80.678,27.558],[-80.32,27.558],[-80.294,27.5],[-80.256,27.38],[-80.198,27.264],[-80.284,27.264],[-80.284,27.206],[-80.678,27.206],[-80.678,27.558]]]}},{"type":"Feature","id":"19051","properties":{"n":"Davis","f":"19051"},"geometry":{"type":"Polygon","coordinates":[[[-92.638,40.898],[-92.178,40.9],[-92.178,40.6],[-92.352,40.598],[-92.638,40.59],[-92.638,40.898]]]}},{"type":"Feature","id":"39143","properties":{"n":"Sandusky","f":"39143"},"geometry":{"type":"Polygon","coordinates":[[[-83.414,41.5],[-83.338,41.502],[-83.338,41.458],[-82.95,41.458],[-82.954,41.43],[-82.846,41.43],[-82.842,41.29],[-82.84,41.256],[-83.076,41.258],[-83.248,41.252],[-83.42,41.254],[-83.414,41.5]]]}},{"type":"Feature","id":"48243","properties":{"n":"Jeff Davis","f":"48243"},"geometry":{"type":"Polygon","coordinates":[[[-104.918,30.664],[-104.102,31.106],[-103.586,30.766],[-103.438,30.666],[-103.8,30.412],[-103.902,30.412],[-104.982,30.628],[-104.918,30.664]]]}},{"type":"Feature","id":"27143","properties":{"n":"Sibley","f":"27143"},"geometry":{"type":"Polygon","coordinates":[[[-94.498,44.718],[-94.498,44.63],[-94.254,44.63],[-94.254,44.718],[-94.01,44.718],[-93.888,44.718],[-93.888,44.674],[-93.768,44.674],[-93.768,44.64],[-93.858,44.622],[-93.902,44.588],[-93.908,44.544],[-93.884,44.518],[-93.93,44.458],[-94.624,44.456],[-94.63,44.716],[-94.498,44.718]]]}},{"type":"Feature","id":"48275","properties":{"n":"Knox","f":"48275"},"geometry":{"type":"Polygon","coordinates":[[[-99.996,33.836],[-99.834,33.836],[-99.832,33.816],[-99.756,33.822],[-99.702,33.8],[-99.694,33.828],[-99.634,33.814],[-99.602,33.788],[-99.576,33.804],[-99.522,33.77],[-99.494,33.766],[-99.476,33.734],[-99.472,33.4],[-99.992,33.398],[-99.996,33.836]]]}},{"type":"Feature","id":"26011","properties":{"n":"Arenac","f":"26011"},"geometry":{"type":"Polygon","coordinates":[[[-84.168,44.162],[-83.884,44.162],[-83.564,44.164],[-83.582,44.056],[-83.65,44.052],[-83.68,44.036],[-83.68,43.994],[-83.83,43.988],[-83.876,43.958],[-83.91,43.91],[-84.046,43.91],[-84.046,43.996],[-84.168,43.996],[-84.168,44.162]]]}},{"type":"Feature","id":"20027","properties":{"n":"Clay","f":"20027"},"geometry":{"type":"Polygon","coordinates":[[[-97.368,39.306],[-97.368,39.568],[-96.96,39.566],[-96.964,39.22],[-96.964,39.132],[-97.372,39.132],[-97.368,39.306]]]}},{"type":"Feature","id":"20179","properties":{"n":"Sheridan","f":"20179"},"geometry":{"type":"Polygon","coordinates":[[[-100.722,39.568],[-100.18,39.566],[-100.162,39.568],[-100.164,39.132],[-100.722,39.134],[-100.722,39.568]]]}},{"type":"Feature","id":"48299","properties":{"n":"Llano","f":"48299"},"geometry":{"type":"Polygon","coordinates":[[[-98.966,30.922],[-98.446,30.922],[-98.45,30.87],[-98.378,30.836],[-98.432,30.79],[-98.424,30.75],[-98.37,30.74],[-98.414,30.704],[-98.402,30.676],[-98.438,30.674],[-98.398,30.598],[-98.398,30.564],[-98.352,30.558],[-98.352,30.486],[-98.41,30.502],[-98.592,30.5],[-98.962,30.498],[-98.966,30.922]]]}},{"type":"Feature","id":"08101","properties":{"n":"Pueblo","f":"08101"},"geometry":{"type":"Polygon","coordinates":[[[-105.05,38.258],[-104.938,38.258],[-104.942,38.52],[-104.566,38.52],[-104.052,38.522],[-104.06,38.146],[-104.06,37.822],[-104.062,37.734],[-104.35,37.818],[-104.648,37.9],[-105.014,37.882],[-105.05,37.916],[-105.05,38.258]]]}},{"type":"Feature","id":"41015","properties":{"n":"Curry","f":"41015"},"geometry":{"type":"Polygon","coordinates":[[[-124.478,42.954],[-124.26,42.954],[-124.22,42.934],[-124.214,42.904],[-124.142,42.85],[-124.166,42.818],[-124.16,42.74],[-124.138,42.74],[-124.134,42.666],[-124.092,42.686],[-123.998,42.686],[-123.998,42.7],[-123.926,42.74],[-123.926,42.774],[-123.812,42.788],[-123.782,42.8],[-123.718,42.784],[-123.754,42.724],[-123.818,42.648],[-123.818,42.612],[-123.85,42.584],[-123.854,42.55],[-123.89,42.502],[-123.99,42.502],[-124.012,42.412],[-124.038,42.402],[-124.03,42.362],[-123.89,42.354],[-123.848,42.318],[-123.796,42.22],[-123.814,42.168],[-123.858,42.14],[-123.826,42.092],[-123.848,42.04],[-123.822,41.996],[-124.214,41.998],[-124.288,42.046],[-124.342,42.092],[-124.368,42.152],[-124.36,42.18],[-124.41,42.25],[-124.404,42.278],[-124.428,42.332],[-124.436,42.44],[-124.39,42.566],[-124.414,42.658],[-124.476,42.732],[-124.514,42.734],[-124.554,42.84],[-124.478,42.954]]]}},{"type":"Feature","id":"31099","properties":{"n":"Kearney","f":"31099"},"geometry":{"type":"Polygon","coordinates":[[[-99.178,40.66],[-99.114,40.654],[-98.906,40.652],[-98.826,40.674],[-98.726,40.69],[-98.726,40.35],[-99.178,40.35],[-99.178,40.66]]]}},{"type":"Feature","id":"13201","properties":{"n":"Miller","f":"13201"},"geometry":{"type":"Polygon","coordinates":[[[-84.642,31.26],[-84.538,31.256],[-84.544,31.078],[-84.644,31.08],[-84.644,31.068],[-84.73,31.07],[-84.922,31.072],[-84.918,31.256],[-84.642,31.26]]]}},{"type":"Feature","id":"08003","properties":{"n":"Alamosa","f":"08003"},"geometry":{"type":"Polygon","coordinates":[[[-106.04,37.4],[-106.038,37.748],[-105.456,37.752],[-105.478,37.708],[-105.478,37.666],[-105.502,37.598],[-105.484,37.578],[-105.496,37.564],[-105.742,37.356],[-106.04,37.356],[-106.04,37.4]]]}},{"type":"Feature","id":"20097","properties":{"n":"Kiowa","f":"20097"},"geometry":{"type":"Polygon","coordinates":[[[-99.558,37.734],[-99.012,37.734],[-99.012,37.47],[-99.012,37.384],[-99.544,37.382],[-99.554,37.382],[-99.554,37.468],[-99.558,37.734]]]}},{"type":"Feature","id":"27109","properties":{"n":"Olmsted","f":"27109"},"geometry":{"type":"Polygon","coordinates":[[[-92.688,43.848],[-92.678,43.848],[-92.678,44.196],[-92.552,44.196],[-92.318,44.194],[-92.318,44.108],[-92.078,44.106],[-92.078,43.848],[-92.448,43.848],[-92.448,43.834],[-92.688,43.834],[-92.688,43.848]]]}},{"type":"Feature","id":"19047","properties":{"n":"Crawford","f":"19047"},"geometry":{"type":"Polygon","coordinates":[[[-95.672,42.212],[-95.322,42.21],[-95.09,42.21],[-95.094,41.864],[-95.556,41.864],[-95.672,41.862],[-95.672,42.212]]]}},{"type":"Feature","id":"20139","properties":{"n":"Osage","f":"20139"},"geometry":{"type":"Polygon","coordinates":[[[-95.948,38.74],[-95.948,38.87],[-95.502,38.87],[-95.502,38.74],[-95.51,38.696],[-95.51,38.434],[-95.952,38.434],[-95.952,38.696],[-95.948,38.74]]]}},{"type":"Feature","id":"19075","properties":{"n":"Grundy","f":"19075"},"geometry":{"type":"Polygon","coordinates":[[[-93.026,42.556],[-92.556,42.556],[-92.556,42.47],[-92.534,42.47],[-92.534,42.296],[-92.768,42.296],[-92.768,42.21],[-93,42.208],[-93.004,42.47],[-93.026,42.47],[-93.026,42.556]]]}},{"type":"Feature","id":"20181","properties":{"n":"Sherman","f":"20181"},"geometry":{"type":"Polygon","coordinates":[[[-102.05,39.568],[-101.414,39.568],[-101.388,39.568],[-101.392,39.136],[-101.478,39.134],[-102.046,39.134],[-102.05,39.302],[-102.05,39.568]]]}},{"type":"Feature","id":"19009","properties":{"n":"Audubon","f":"19009"},"geometry":{"type":"Polygon","coordinates":[[[-95.094,41.864],[-94.746,41.862],[-94.746,41.602],[-94.702,41.602],[-94.702,41.504],[-95.04,41.504],[-95.04,41.602],[-95.094,41.602],[-95.094,41.864]]]}},{"type":"Feature","id":"23009","properties":{"n":"Hancock","f":"23009"},"geometry":{"type":"MultiPolygon","coordinates":[[[[-68.37,44.194],[-68.32,44.2],[-68.346,44.17],[-68.37,44.194]]],[[[-68.5,44.16],[-68.476,44.232],[-68.454,44.202],[-68.386,44.154],[-68.44,44.116],[-68.458,44.146],[-68.5,44.16]]],[[[-68.528,44.344],[-68.518,44.38],[-68.478,44.32],[-68.528,44.344]]],[[[-68.842,44.236],[-68.79,44.238],[-68.78,44.202],[-68.842,44.236]]],[[[-68.816,44.684],[-68.744,44.66],[-68.69,44.722],[-68.648,44.704],[-68.616,44.74],[-68.446,44.762],[-68.5,44.982],[-68.374,44.998],[-68.396,45.084],[-68.27,45.1],[-68.302,45.222],[-68.056,45.252],[-68.022,45.144],[-67.984,44.956],[-68.106,44.94],[-68.034,44.674],[-68.016,44.678],[-67.994,44.592],[-68.016,44.59],[-67.984,44.474],[-67.958,44.416],[-67.986,44.386],[-68.004,44.41],[-68.048,44.33],[-68.106,44.364],[-68.106,44.396],[-68.142,44.378],[-68.18,44.384],[-68.174,44.328],[-68.23,44.268],[-68.192,44.238],[-68.318,44.226],[-68.4,44.252],[-68.458,44.344],[-68.436,44.37],[-68.356,44.392],[-68.388,44.432],[-68.436,44.402],[-68.428,44.44],[-68.464,44.436],[-68.46,44.378],[-68.478,44.378],[-68.478,44.434],[-68.564,44.384],[-68.546,44.354],[-68.568,44.318],[-68.518,44.26],[-68.528,44.222],[-68.612,44.156],[-68.58,44.146],[-68.622,44.112],[-68.658,44.12],[-68.72,44.166],[-68.734,44.22],[-68.68,44.264],[-68.748,44.3],[-68.726,44.322],[-68.762,44.33],[-68.826,44.312],[-68.824,44.41],[-68.784,44.446],[-68.78,44.49],[-68.802,44.524],[-68.812,44.574],[-68.848,44.62],[-68.816,44.684]]]]}},{"type":"Feature","id":"08009","properties":{"n":"Baca","f":"08009"},"geometry":{"type":"Polygon","coordinates":[[[-103.076,37.644],[-102.75,37.644],[-102.042,37.644],[-102.042,37.388],[-102.042,36.992],[-102.698,36.996],[-102.778,37],[-103,37],[-103.086,37],[-103.084,37.382],[-103.076,37.382],[-103.076,37.644]]]}},{"type":"Feature","id":"01021","properties":{"n":"Chilton","f":"01021"},"geometry":{"type":"Polygon","coordinates":[[[-87.02,32.836],[-86.878,32.836],[-86.88,33.05],[-86.88,33.072],[-86.824,33.068],[-86.612,33.07],[-86.554,33.018],[-86.518,33.02],[-86.514,32.93],[-86.478,32.874],[-86.45,32.864],[-86.458,32.814],[-86.374,32.754],[-86.414,32.75],[-86.414,32.708],[-86.716,32.706],[-86.712,32.662],[-86.916,32.664],[-87.018,32.664],[-87.018,32.73],[-87.02,32.836]]]}},{"type":"Feature","id":"13081","properties":{"n":"Crisp","f":"13081"},"geometry":{"type":"Polygon","coordinates":[[[-83.962,32.03],[-83.612,32.028],[-83.612,31.854],[-83.612,31.804],[-83.802,31.804],[-83.844,31.832],[-83.938,31.848],[-83.924,31.91],[-83.924,31.948],[-83.962,32.03]]]}},{"type":"Feature","id":"27083","properties":{"n":"Lyon","f":"27083"},"geometry":{"type":"Polygon","coordinates":[[[-96.094,44.63],[-95.602,44.63],[-95.596,44.542],[-95.592,44.196],[-96.062,44.196],[-96.08,44.196],[-96.08,44.544],[-96.094,44.544],[-96.094,44.63]]]}},{"type":"Feature","id":"51049","properties":{"n":"Cumberland","f":"51049"},"geometry":{"type":"Polygon","coordinates":[[[-78.464,37.34],[-78.248,37.636],[-78.242,37.69],[-78.18,37.746],[-78.158,37.748],[-78.102,37.716],[-78.108,37.68],[-78.072,37.658],[-78.088,37.628],[-78.134,37.454],[-78.184,37.444],[-78.234,37.368],[-78.32,37.308],[-78.342,37.32],[-78.396,37.306],[-78.464,37.34]]]}},{"type":"Feature","id":"31133","properties":{"n":"Pawnee","f":"31133"},"geometry":{"type":"Polygon","coordinates":[[[-96.464,40.262],[-96.066,40.262],[-96.008,40.262],[-96.012,40],[-96.238,40],[-96.464,40.002],[-96.464,40.262]]]}},{"type":"Feature","id":"48483","properties":{"n":"Wheeler","f":"48483"},"geometry":{"type":"Polygon","coordinates":[[[-100.542,35.62],[-100,35.62],[-100,35.422],[-100,35.182],[-100.538,35.184],[-100.542,35.62]]]}},{"type":"Feature","id":"31185","properties":{"n":"York","f":"31185"},"geometry":{"type":"Polygon","coordinates":[[[-97.824,41.046],[-97.368,41.046],[-97.368,40.698],[-97.824,40.698],[-97.824,41.046]]]}},{"type":"Feature","id":"26079","properties":{"n":"Kalkaska","f":"26079"},"geometry":{"type":"Polygon","coordinates":[[[-85.334,44.812],[-85.326,44.85],[-85.29,44.86],[-84.846,44.858],[-84.85,44.512],[-85.334,44.512],[-85.334,44.812]]]}},{"type":"Feature","id":"20163","properties":{"n":"Rooks","f":"20163"},"geometry":{"type":"Polygon","coordinates":[[[-99.602,39.568],[-99.066,39.568],[-99.046,39.568],[-99.048,39.132],[-99.59,39.132],[-99.604,39.132],[-99.602,39.568]]]}},{"type":"Feature","id":"13069","properties":{"n":"Coffee","f":"13069"},"geometry":{"type":"Polygon","coordinates":[[[-83.144,31.472],[-83.112,31.478],[-83.058,31.566],[-83.058,31.612],[-83.016,31.636],[-82.998,31.674],[-82.998,31.78],[-82.98,31.792],[-82.868,31.782],[-82.836,31.816],[-82.836,31.672],[-82.628,31.672],[-82.628,31.558],[-82.596,31.558],[-82.598,31.468],[-82.628,31.468],[-82.628,31.364],[-82.818,31.364],[-82.84,31.402],[-82.958,31.402],[-82.958,31.418],[-83.14,31.42],[-83.144,31.472]]]}},{"type":"Feature","id":"20169","properties":{"n":"Saline","f":"20169"},"geometry":{"type":"Polygon","coordinates":[[[-97.928,38.872],[-97.928,38.958],[-97.372,38.958],[-97.372,38.61],[-97.926,38.61],[-97.928,38.872]]]}},{"type":"Feature","id":"20053","properties":{"n":"Ellsworth","f":"20053"},"geometry":{"type":"Polygon","coordinates":[[[-98.486,38.87],[-97.928,38.872],[-97.926,38.61],[-97.926,38.522],[-98.482,38.522],[-98.486,38.698],[-98.486,38.87]]]}},{"type":"Feature","id":"29001","properties":{"n":"Adair","f":"29001"},"geometry":{"type":"Polygon","coordinates":[[[-92.858,40.344],[-92.684,40.344],[-92.352,40.346],[-92.348,40.302],[-92.344,40.038],[-92.846,40.038],[-92.858,40.038],[-92.858,40.344]]]}},{"type":"Feature","id":"39075","properties":{"n":"Holmes","f":"39075"},"geometry":{"type":"Polygon","coordinates":[[[-82.126,40.668],[-81.652,40.668],[-81.648,40.636],[-81.67,40.632],[-81.67,40.444],[-81.708,40.444],[-82.186,40.456],[-82.178,40.574],[-82.218,40.568],[-82.222,40.668],[-82.126,40.668]]]}},{"type":"Feature","id":"31077","properties":{"n":"Greeley","f":"31077"},"geometry":{"type":"Polygon","coordinates":[[[-98.75,41.74],[-98.294,41.74],[-98.292,41.738],[-98.292,41.48],[-98.292,41.394],[-98.744,41.394],[-98.75,41.394],[-98.75,41.74]]]}},{"type":"Feature","id":"48107","properties":{"n":"Crosby","f":"48107"},"geometry":{"type":"Polygon","coordinates":[[[-101.564,33.83],[-101.04,33.834],[-101.038,33.398],[-101.558,33.396],[-101.564,33.83]]]}},{"type":"Feature","id":"21083","properties":{"n":"Graves","f":"21083"},"geometry":{"type":"Polygon","coordinates":[[[-88.812,36.772],[-88.812,36.948],[-88.7,36.942],[-88.486,36.942],[-88.486,36.75],[-88.488,36.502],[-88.518,36.502],[-88.816,36.504],[-88.812,36.772]]]}},{"type":"Feature","id":"21171","properties":{"n":"Monroe","f":"21171"},"geometry":{"type":"Polygon","coordinates":[[[-85.976,36.724],[-85.808,36.822],[-85.74,36.842],[-85.614,36.832],[-85.596,36.818],[-85.588,36.778],[-85.542,36.774],[-85.518,36.732],[-85.47,36.734],[-85.496,36.69],[-85.438,36.618],[-85.488,36.614],[-85.79,36.622],[-85.976,36.628],[-85.948,36.662],[-85.976,36.724]]]}},{"type":"Feature","id":"42021","properties":{"n":"Cambria","f":"42021"},"geometry":{"type":"Polygon","coordinates":[[[-78.974,40.396],[-78.858,40.604],[-78.802,40.724],[-78.35,40.724],[-78.41,40.644],[-78.442,40.642],[-78.446,40.592],[-78.486,40.54],[-78.54,40.506],[-78.56,40.438],[-78.564,40.37],[-78.622,40.326],[-78.658,40.242],[-78.884,40.244],[-78.894,40.272],[-78.934,40.284],[-79.056,40.284],[-78.974,40.396]]]}},{"type":"Feature","id":"41043","properties":{"n":"Linn","f":"41043"},"geometry":{"type":"Polygon","coordinates":[[[-123.15,44.72],[-123.144,44.75],[-123.044,44.738],[-123,44.686],[-122.956,44.72],[-122.936,44.714],[-122.802,44.792],[-122.72,44.792],[-122.684,44.776],[-122.616,44.788],[-122.502,44.75],[-122.318,44.758],[-122.282,44.75],[-122.228,44.696],[-122.134,44.724],[-122.034,44.686],[-121.802,44.684],[-121.812,44.614],[-121.794,44.594],[-121.808,44.516],[-121.848,44.492],[-121.844,44.392],[-121.84,44.286],[-121.82,44.262],[-122.328,44.252],[-122.328,44.232],[-122.386,44.218],[-122.576,44.228],[-122.648,44.266],[-122.764,44.29],[-122.868,44.288],[-122.868,44.258],[-122.904,44.26],[-122.906,44.202],[-123.166,44.2],[-123.15,44.226],[-123.18,44.25],[-123.18,44.284],[-123.216,44.324],[-123.244,44.332],[-123.218,44.36],[-123.23,44.432],[-123.204,44.444],[-123.212,44.506],[-123.258,44.556],[-123.254,44.572],[-123.184,44.588],[-123.172,44.634],[-123.072,44.65],[-123.118,44.678],[-123.15,44.72]]]}},{"type":"Feature","id":"27129","properties":{"n":"Renville","f":"27129"},"geometry":{"type":"Polygon","coordinates":[[[-95.248,44.89],[-94.76,44.892],[-94.502,44.892],[-94.498,44.718],[-94.63,44.716],[-94.624,44.456],[-94.78,44.456],[-94.814,44.484],[-94.868,44.498],[-94.99,44.546],[-95.014,44.544],[-95.186,44.624],[-95.244,44.666],[-95.29,44.662],[-95.32,44.694],[-95.358,44.698],[-95.442,44.744],[-95.484,44.752],[-95.484,44.89],[-95.248,44.89]]]}},{"type":"Feature","id":"27153","properties":{"n":"Todd","f":"27153"},"geometry":{"type":"Polygon","coordinates":[[[-95.154,46.368],[-94.73,46.368],[-94.72,46.352],[-94.652,46.348],[-94.644,45.774],[-95.14,45.774],[-95.148,45.932],[-95.148,46.106],[-95.148,46.282],[-95.154,46.368]]]}},{"type":"Feature","id":"41047","properties":{"n":"Marion","f":"41047"},"geometry":{"type":"Polygon","coordinates":[[[-123.068,45.074],[-122.996,45.116],[-123.028,45.14],[-123,45.166],[-123.04,45.22],[-123,45.224],[-123,45.262],[-122.968,45.286],[-122.9,45.256],[-122.85,45.26],[-122.834,45.274],[-122.738,45.26],[-122.756,45.172],[-122.788,45.13],[-122.748,45.108],[-122.706,45.06],[-122.594,45.02],[-122.536,44.938],[-122.39,44.886],[-121.732,44.886],[-121.754,44.83],[-121.808,44.814],[-121.812,44.782],[-121.762,44.762],[-121.804,44.73],[-121.802,44.684],[-122.034,44.686],[-122.134,44.724],[-122.228,44.696],[-122.282,44.75],[-122.318,44.758],[-122.502,44.75],[-122.616,44.788],[-122.684,44.776],[-122.72,44.792],[-122.802,44.792],[-122.936,44.714],[-122.956,44.72],[-123,44.686],[-123.044,44.738],[-123.144,44.75],[-123.148,44.77],[-123.09,44.812],[-123.176,44.832],[-123.112,44.93],[-123.044,44.944],[-123.04,44.988],[-123.076,45.014],[-123.068,45.074]]]}},{"type":"Feature","id":"42071","properties":{"n":"Lancaster","f":"42071"},"geometry":{"type":"Polygon","coordinates":[[[-76.724,40.12],[-76.698,40.156],[-76.676,40.15],[-76.604,40.19],[-76.566,40.198],[-76.436,40.238],[-76.306,40.256],[-76.152,40.316],[-75.872,40.136],[-75.938,40.112],[-75.938,40.038],[-75.994,39.952],[-75.992,39.868],[-76.066,39.76],[-76.134,39.722],[-76.232,39.722],[-76.238,39.722],[-76.274,39.776],[-76.34,39.822],[-76.382,39.874],[-76.394,39.912],[-76.48,39.95],[-76.498,39.996],[-76.536,40.052],[-76.572,40.046],[-76.662,40.064],[-76.724,40.12]]]}},{"type":"Feature","id":"13017","properties":{"n":"Ben Hill","f":"13017"},"geometry":{"type":"Polygon","coordinates":[[[-83.482,31.846],[-83.21,31.844],[-83.176,31.848],[-83.138,31.814],[-83.084,31.812],[-83.03,31.778],[-82.998,31.78],[-82.998,31.674],[-83.176,31.678],[-83.176,31.652],[-83.266,31.654],[-83.266,31.68],[-83.324,31.68],[-83.324,31.756],[-83.454,31.758],[-83.482,31.846]]]}},{"type":"Feature","id":"29169","properties":{"n":"Pulaski","f":"29169"},"geometry":{"type":"Polygon","coordinates":[[[-92.408,37.86],[-92.404,38.022],[-92.186,38.016],[-92.02,38.01],[-92.028,37.602],[-92.25,37.604],[-92.25,37.648],[-92.412,37.714],[-92.408,37.86]]]}},{"type":"Feature","id":"48311","properties":{"n":"McMullen","f":"48311"},"geometry":{"type":"Polygon","coordinates":[[[-98.8,28.646],[-98.334,28.648],[-98.334,28.612],[-98.334,28.058],[-98.804,28.058],[-98.8,28.202],[-98.8,28.646]]]}},{"type":"Feature","id":"19113","properties":{"n":"Linn","f":"19113"},"geometry":{"type":"Polygon","coordinates":[[[-91.83,42.3],[-91.598,42.296],[-91.364,42.296],[-91.368,41.948],[-91.368,41.86],[-91.83,41.862],[-91.834,41.95],[-91.83,42.3]]]}},{"type":"Feature","id":"48393","properties":{"n":"Roberts","f":"48393"},"geometry":{"type":"Polygon","coordinates":[[[-101.088,35.626],[-101.088,36.056],[-101.088,36.058],[-100.546,36.056],[-100.542,36.056],[-100.542,35.62],[-101.088,35.62],[-101.088,35.626]]]}},{"type":"Feature","id":"19107","properties":{"n":"Keokuk","f":"19107"},"geometry":{"type":"Polygon","coordinates":[[[-92.412,41.51],[-92.298,41.51],[-91.946,41.51],[-91.946,41.164],[-92.178,41.162],[-92.408,41.162],[-92.412,41.51]]]}},{"type":"Feature","id":"39073","properties":{"n":"Hocking","f":"39073"},"geometry":{"type":"Polygon","coordinates":[[[-82.742,39.468],[-82.732,39.554],[-82.732,39.57],[-82.62,39.564],[-82.616,39.608],[-82.494,39.602],[-82.492,39.662],[-82.372,39.654],[-82.38,39.596],[-82.262,39.59],[-82.266,39.562],[-82.158,39.556],[-82.168,39.466],[-82.28,39.472],[-82.29,39.384],[-82.512,39.396],[-82.516,39.37],[-82.634,39.376],[-82.634,39.362],[-82.75,39.368],[-82.742,39.468]]]}},{"type":"Feature","id":"13053","properties":{"n":"Chattahoochee","f":"13053"},"geometry":{"type":"Polygon","coordinates":[[[-84.982,32.378],[-84.946,32.376],[-84.882,32.41],[-84.766,32.42],[-84.724,32.508],[-84.696,32.518],[-84.638,32.536],[-84.656,32.494],[-84.66,32.232],[-84.922,32.23],[-84.892,32.264],[-84.936,32.298],[-85,32.322],[-84.982,32.378]]]}},{"type":"Feature","id":"30065","properties":{"n":"Musselshell","f":"30065"},"geometry":{"type":"Polygon","coordinates":[[[-109.008,46.75],[-108.632,46.75],[-108.38,46.75],[-108.262,46.754],[-107.828,46.756],[-107.824,46.704],[-107.792,46.68],[-107.838,46.598],[-107.796,46.598],[-107.796,46.496],[-107.782,46.496],[-107.782,46.396],[-107.928,46.396],[-108.03,46.308],[-108.03,46.264],[-108.32,46.264],[-108.362,46.236],[-108.406,46.236],[-108.406,46.134],[-108.78,46.132],[-108.78,46.278],[-108.834,46.322],[-108.83,46.35],[-108.862,46.364],[-108.862,46.452],[-108.904,46.49],[-108.904,46.578],[-108.988,46.578],[-109.008,46.622],[-109.008,46.75]]]}},{"type":"Feature","id":"13149","properties":{"n":"Heard","f":"13149"},"geometry":{"type":"Polygon","coordinates":[[[-85.294,33.428],[-85.014,33.426],[-84.94,33.224],[-85.086,33.172],[-85.108,33.194],[-85.118,33.164],[-85.238,33.13],[-85.294,33.428]]]}},{"type":"Feature","id":"27031","properties":{"n":"Cook","f":"27031"},"geometry":{"type":"Polygon","coordinates":[[[-91.03,48.188],[-90.976,48.22],[-90.886,48.246],[-90.836,48.234],[-90.836,48.176],[-90.776,48.162],[-90.796,48.14],[-90.76,48.098],[-90.704,48.096],[-90.578,48.122],[-90.556,48.096],[-90.466,48.108],[-90.374,48.094],[-90.306,48.104],[-90.132,48.112],[-90.028,48.088],[-89.996,48.03],[-89.874,47.986],[-89.82,48.016],[-89.748,48.024],[-89.702,48.006],[-89.62,48.012],[-89.58,47.996],[-89.49,48.014],[-89.588,47.966],[-89.624,47.984],[-89.638,47.954],[-89.698,47.942],[-89.792,47.892],[-89.924,47.862],[-89.974,47.83],[-90.162,47.792],[-90.334,47.746],[-90.388,47.742],[-90.538,47.702],[-90.552,47.69],[-90.736,47.624],[-90.868,47.556],[-91.022,47.464],[-91.02,47.888],[-91.026,47.902],[-91.03,48.188]]]}},{"type":"Feature","id":"19161","properties":{"n":"Sac","f":"19161"},"geometry":{"type":"Polygon","coordinates":[[[-95.388,42.562],[-94.914,42.56],[-94.914,42.474],[-94.856,42.474],[-94.86,42.21],[-95.09,42.21],[-95.322,42.21],[-95.322,42.474],[-95.388,42.474],[-95.388,42.562]]]}},{"type":"Feature","id":"37145","properties":{"n":"Person","f":"37145"},"geometry":{"type":"Polygon","coordinates":[[[-79.138,36.542],[-78.798,36.542],[-78.794,36.526],[-78.802,36.236],[-78.952,36.24],[-79.154,36.242],[-79.138,36.542]]]}},{"type":"Feature","id":"29093","properties":{"n":"Iron","f":"29093"},"geometry":{"type":"Polygon","coordinates":[[[-91.152,37.698],[-91.146,37.74],[-91.098,37.74],[-90.876,37.734],[-90.646,37.734],[-90.646,37.644],[-90.534,37.644],[-90.546,37.598],[-90.55,37.318],[-90.55,37.272],[-90.736,37.272],[-90.754,37.27],[-90.75,37.372],[-90.772,37.374],[-90.768,37.602],[-90.988,37.604],[-91.102,37.588],[-91.156,37.588],[-91.152,37.698]]]}},{"type":"Feature","id":"48263","properties":{"n":"Kent","f":"48263"},"geometry":{"type":"Polygon","coordinates":[[[-101.038,33.398],[-100.516,33.398],[-100.52,32.962],[-100.656,32.964],[-100.99,32.964],[-101.038,32.97],[-101.038,33.398]]]}},{"type":"Feature","id":"51155","properties":{"n":"Pulaski","f":"51155"},"geometry":{"type":"Polygon","coordinates":[[[-80.854,37.148],[-80.8,37.18],[-80.606,37.244],[-80.614,37.21],[-80.588,37.184],[-80.528,37.206],[-80.564,37.174],[-80.532,37.134],[-80.554,37.146],[-80.592,37.128],[-80.582,37.09],[-80.542,37.048],[-80.568,37.048],[-80.542,36.986],[-80.596,36.942],[-80.636,36.932],[-80.682,36.894],[-80.74,36.88],[-80.862,37.004],[-80.894,37.028],[-80.912,37.074],[-80.93,37.114],[-80.854,37.148]]]}},{"type":"Feature","id":"29025","properties":{"n":"Caldwell","f":"29025"},"geometry":{"type":"Polygon","coordinates":[[[-94.206,39.746],[-94.206,39.788],[-93.758,39.784],[-93.758,39.612],[-93.758,39.524],[-94.206,39.526],[-94.206,39.746]]]}},{"type":"Feature","id":"01073","properties":{"n":"Jefferson","f":"01073"},"geometry":{"type":"Polygon","coordinates":[[[-87.268,33.512],[-87.186,33.556],[-87.204,33.578],[-87.178,33.614],[-87.092,33.628],[-87.092,33.658],[-87.056,33.656],[-87.038,33.688],[-87.024,33.772],[-86.97,33.786],[-86.952,33.816],[-86.884,33.844],[-86.758,33.84],[-86.648,33.766],[-86.58,33.766],[-86.544,33.766],[-86.526,33.722],[-86.526,33.656],[-86.55,33.62],[-86.55,33.56],[-86.518,33.546],[-86.518,33.524],[-86.562,33.518],[-86.604,33.468],[-86.67,33.466],[-86.72,33.416],[-86.752,33.416],[-86.776,33.366],[-86.83,33.36],[-86.83,33.332],[-86.88,33.332],[-86.97,33.268],[-86.982,33.246],[-87.028,33.246],[-87.064,33.248],[-87.064,33.276],[-87.16,33.306],[-87.196,33.358],[-87.232,33.366],[-87.232,33.396],[-87.282,33.44],[-87.336,33.456],[-87.33,33.492],[-87.286,33.486],[-87.268,33.512]]]}},{"type":"Feature","id":"53023","properties":{"n":"Garfield","f":"53023"},"geometry":{"type":"Polygon","coordinates":[[[-117.852,46.624],[-117.8,46.626],[-117.742,46.694],[-117.648,46.7],[-117.598,46.672],[-117.516,46.676],[-117.466,46.7],[-117.43,46.658],[-117.394,46.654],[-117.39,46.626],[-117.336,46.582],[-117.254,46.546],[-117.228,46.462],[-117.228,46.412],[-117.358,46.412],[-117.354,46.398],[-117.418,46.384],[-117.418,46.122],[-117.48,46.122],[-117.48,45.998],[-117.602,46],[-117.602,46.122],[-117.612,46.122],[-117.612,46.338],[-117.674,46.338],[-117.674,46.384],[-117.716,46.398],[-117.738,46.472],[-117.864,46.47],[-117.852,46.624]]]}},{"type":"Feature","id":"01027","properties":{"n":"Clay","f":"01027"},"geometry":{"type":"Polygon","coordinates":[[[-85.85,33.498],[-85.868,33.476],[-85.782,33.47],[-85.764,33.498],[-85.642,33.496],[-85.65,33.324],[-85.654,33.106],[-85.976,33.106],[-86.008,33.09],[-86.008,33.104],[-86.174,33.104],[-86.174,33.196],[-86.12,33.194],[-86.116,33.296],[-85.98,33.294],[-85.976,33.382],[-85.922,33.396],[-85.922,33.454],[-85.904,33.454],[-85.904,33.498],[-85.85,33.498]]]}},{"type":"Feature","id":"19193","properties":{"n":"Woodbury","f":"19193"},"geometry":{"type":"Polygon","coordinates":[[[-96.5,42.562],[-95.862,42.56],[-95.742,42.562],[-95.742,42.476],[-95.668,42.474],[-95.672,42.212],[-96.356,42.214],[-96.324,42.23],[-96.356,42.276],[-96.374,42.318],[-96.414,42.342],[-96.414,42.408],[-96.382,42.446],[-96.396,42.484],[-96.446,42.49],[-96.494,42.518],[-96.478,42.556],[-96.5,42.562]]]}},{"type":"Feature","id":"19155","properties":{"n":"Pottawattamie","f":"19155"},"geometry":{"type":"Polygon","coordinates":[[[-95.998,41.508],[-95.498,41.506],[-95.154,41.506],[-95.154,41.16],[-95.384,41.16],[-95.88,41.16],[-95.84,41.174],[-95.922,41.19],[-95.912,41.228],[-95.93,41.282],[-95.882,41.316],[-95.954,41.34],[-95.936,41.392],[-95.934,41.464],[-96.004,41.472],[-95.998,41.508]]]}},{"type":"Feature","id":"23027","properties":{"n":"Waldo","f":"23027"},"geometry":{"type":"MultiPolygon","coordinates":[[[[-68.966,44.252],[-68.92,44.31],[-68.912,44.366],[-68.88,44.386],[-68.86,44.364],[-68.892,44.334],[-68.888,44.304],[-68.916,44.244],[-68.952,44.218],[-68.966,44.252]]],[[[-69.472,44.692],[-69.416,44.702],[-69.386,44.754],[-69.344,44.75],[-69.326,44.714],[-69.268,44.722],[-69.204,44.73],[-69.182,44.644],[-68.838,44.702],[-68.816,44.684],[-68.848,44.62],[-68.812,44.574],[-68.802,44.524],[-68.83,44.462],[-68.88,44.428],[-68.92,44.456],[-68.946,44.428],[-69,44.426],[-68.948,44.356],[-68.96,44.314],[-69.002,44.294],[-69.028,44.25],[-69.122,44.256],[-69.268,44.364],[-69.348,44.308],[-69.402,44.342],[-69.408,44.328],[-69.506,44.342],[-69.444,44.464],[-69.398,44.458],[-69.372,44.544],[-69.416,44.55],[-69.394,44.64],[-69.462,44.646],[-69.444,44.672],[-69.472,44.692]]]]}},{"type":"Feature","id":"26017","properties":{"n":"Bay","f":"26017"},"geometry":{"type":"Polygon","coordinates":[[[-84.168,43.826],[-84.168,43.996],[-84.046,43.996],[-84.046,43.91],[-83.91,43.91],[-83.926,43.788],[-83.956,43.75],[-83.91,43.672],[-83.852,43.646],[-83.82,43.674],[-83.802,43.642],[-83.73,43.622],[-83.7,43.602],[-83.698,43.478],[-83.82,43.478],[-83.816,43.522],[-84.052,43.524],[-84.048,43.568],[-84.168,43.568],[-84.168,43.826]]]}},{"type":"Feature","id":"27081","properties":{"n":"Lincoln","f":"27081"},"geometry":{"type":"Polygon","coordinates":[[[-96.454,44.196],[-96.454,44.544],[-96.45,44.632],[-96.094,44.63],[-96.094,44.544],[-96.08,44.544],[-96.08,44.196],[-96.454,44.196]]]}},{"type":"Feature","id":"26007","properties":{"n":"Alpena","f":"26007"},"geometry":{"type":"Polygon","coordinates":[[[-83.88,45.202],[-83.388,45.208],[-83.36,45.164],[-83.32,45.138],[-83.27,45.024],[-83.342,45.042],[-83.4,45.07],[-83.454,45.036],[-83.438,44.94],[-83.396,44.902],[-83.32,44.88],[-83.32,44.858],[-83.888,44.856],[-83.892,45.03],[-83.88,45.03],[-83.88,45.202]]]}},{"type":"Feature","id":"26053","properties":{"n":"Gogebic","f":"26053"},"geometry":{"type":"Polygon","coordinates":[[[-90.416,46.566],[-90.348,46.6],[-90.306,46.604],[-90.166,46.646],[-90.028,46.674],[-89.888,46.766],[-89.864,46.766],[-89.864,46.592],[-89.742,46.592],[-89.742,46.506],[-89.364,46.506],[-89.364,46.334],[-88.992,46.332],[-88.992,46.098],[-89.092,46.138],[-89.928,46.3],[-90.122,46.336],[-90.118,46.36],[-90.218,46.504],[-90.316,46.518],[-90.352,46.538],[-90.352,46.538],[-90.394,46.532],[-90.416,46.566]]]}},{"type":"Feature","id":"23025","properties":{"n":"Somerset","f":"23025"},"geometry":{"type":"Polygon","coordinates":[[[-70.554,45.668],[-70.524,45.666],[-70.47,45.702],[-70.384,45.734],[-70.416,45.796],[-70.342,45.852],[-70.258,45.89],[-70.24,45.938],[-70.266,45.964],[-70.316,45.964],[-70.316,46.02],[-70.28,46.052],[-70.31,46.064],[-70.256,46.108],[-70.238,46.148],[-70.292,46.186],[-70.234,46.284],[-70.206,46.3],[-70.208,46.332],[-70.148,46.36],[-70.098,46.41],[-70.058,46.416],[-70.022,46.574],[-69.72,46.574],[-69.72,46.394],[-69.732,46.394],[-69.728,45.976],[-69.684,45.984],[-69.648,45.864],[-69.684,45.852],[-69.698,45.886],[-69.738,45.884],[-69.706,45.854],[-69.728,45.762],[-69.782,45.77],[-69.786,45.692],[-69.738,45.678],[-69.702,45.628],[-69.732,45.568],[-69.782,45.542],[-69.656,45.1],[-69.62,45.012],[-69.516,45.024],[-69.502,45.054],[-69.354,45.074],[-69.282,44.81],[-69.268,44.722],[-69.326,44.714],[-69.344,44.75],[-69.386,44.754],[-69.416,44.702],[-69.472,44.692],[-69.484,44.72],[-69.628,44.702],[-69.628,44.672],[-69.58,44.622],[-69.606,44.578],[-69.778,44.608],[-69.792,44.578],[-69.854,44.622],[-69.928,44.61],[-69.962,44.682],[-69.996,44.678],[-70.032,44.864],[-70.13,44.85],[-70.152,44.942],[-70.112,44.948],[-70.158,45.128],[-70.294,45.11],[-70.312,45.164],[-70.416,45.144],[-70.518,45.512],[-70.506,45.514],[-70.554,45.668]]]}},{"type":"Feature","id":"36075","properties":{"n":"Oswego","f":"36075"},"geometry":{"type":"Polygon","coordinates":[[[-76.2,43.68],[-76.024,43.668],[-76.024,43.708],[-75.776,43.69],[-75.758,43.47],[-75.816,43.484],[-75.886,43.324],[-75.862,43.318],[-75.884,43.156],[-75.934,43.176],[-75.994,43.184],[-76.202,43.272],[-76.196,43.218],[-76.224,43.204],[-76.26,43.238],[-76.282,43.202],[-76.306,43.23],[-76.48,43.228],[-76.482,43.258],[-76.604,43.258],[-76.616,43.42],[-76.522,43.468],[-76.486,43.476],[-76.418,43.522],[-76.368,43.526],[-76.296,43.514],[-76.236,43.53],[-76.202,43.574],[-76.2,43.68]]]}},{"type":"Feature","id":"27127","properties":{"n":"Redwood","f":"27127"},"geometry":{"type":"Polygon","coordinates":[[[-95.596,44.542],[-95.358,44.542],[-95.358,44.698],[-95.32,44.694],[-95.29,44.662],[-95.244,44.666],[-95.186,44.624],[-95.014,44.544],[-94.99,44.546],[-94.868,44.498],[-94.868,44.282],[-95.108,44.282],[-95.108,44.196],[-95.462,44.196],[-95.592,44.196],[-95.596,44.542]]]}},{"type":"Feature","id":"39095","properties":{"n":"Lucas","f":"39095"},"geometry":{"type":"Polygon","coordinates":[[[-83.884,41.488],[-83.88,41.72],[-83.762,41.724],[-83.454,41.734],[-83.45,41.71],[-83.374,41.686],[-83.328,41.702],[-83.234,41.646],[-83.166,41.624],[-83.418,41.618],[-83.572,41.618],[-83.612,41.57],[-83.704,41.528],[-83.712,41.492],[-83.748,41.466],[-83.884,41.414],[-83.884,41.488]]]}},{"type":"Feature","id":"19139","properties":{"n":"Muscatine","f":"19139"},"geometry":{"type":"Polygon","coordinates":[[[-91.368,41.422],[-91.368,41.598],[-90.9,41.598],[-90.782,41.596],[-90.786,41.452],[-90.848,41.456],[-90.93,41.422],[-90.976,41.434],[-91.044,41.416],[-91.074,41.334],[-91.368,41.336],[-91.368,41.422]]]}},{"type":"Feature","id":"19129","properties":{"n":"Mills","f":"19129"},"geometry":{"type":"Polygon","coordinates":[[[-95.88,41.16],[-95.384,41.16],[-95.384,40.902],[-95.814,40.902],[-95.84,40.94],[-95.83,40.978],[-95.862,40.996],[-95.88,41.054],[-95.864,41.08],[-95.88,41.16]]]}},{"type":"Feature","id":"36059","properties":{"n":"Nassau","f":"36059"},"geometry":{"type":"Polygon","coordinates":[[[-73.496,40.922],[-73.46,40.868],[-73.432,40.724],[-73.424,40.61],[-73.558,40.582],[-73.752,40.59],[-73.77,40.624],[-73.726,40.654],[-73.726,40.724],[-73.702,40.752],[-73.77,40.8],[-73.716,40.87],[-73.676,40.856],[-73.64,40.892],[-73.564,40.916],[-73.496,40.922]]]}},{"type":"Feature","id":"30109","properties":{"n":"Wibaux","f":"30109"},"geometry":{"type":"Polygon","coordinates":[[[-104.604,46.86],[-104.498,46.86],[-104.412,46.904],[-104.306,47.042],[-104.318,47.18],[-104.386,47.288],[-104.45,47.32],[-104.422,47.354],[-104.132,47.354],[-104.132,47.398],[-104.044,47.396],[-104.044,47.33],[-104.044,46.642],[-104.354,46.642],[-104.354,46.67],[-104.418,46.684],[-104.608,46.684],[-104.604,46.86]]]}},{"type":"Feature","id":"29155","properties":{"n":"Pemiscot","f":"29155"},"geometry":{"type":"Polygon","coordinates":[[[-89.96,36.388],[-89.752,36.386],[-89.73,36.428],[-89.678,36.4],[-89.612,36.412],[-89.544,36.36],[-89.544,36.336],[-89.612,36.34],[-89.612,36.308],[-89.538,36.276],[-89.534,36.252],[-89.588,36.24],[-89.694,36.254],[-89.706,36.236],[-89.63,36.186],[-89.59,36.15],[-89.602,36.12],[-89.68,36.084],[-89.692,36.02],[-89.734,36],[-89.96,35.998],[-89.96,36.388]]]}},{"type":"Feature","id":"29127","properties":{"n":"Marion","f":"29127"},"geometry":{"type":"Polygon","coordinates":[[[-91.842,39.948],[-91.436,39.946],[-91.418,39.928],[-91.446,39.87],[-91.428,39.838],[-91.374,39.808],[-91.364,39.758],[-91.372,39.732],[-91.306,39.686],[-91.716,39.686],[-91.716,39.658],[-91.848,39.658],[-91.842,39.948]]]}},{"type":"Feature","id":"51107","properties":{"n":"Loudoun","f":"51107"},"geometry":{"type":"Polygon","coordinates":[[[-77.828,39.132],[-77.754,39.284],[-77.722,39.322],[-77.678,39.324],[-77.616,39.302],[-77.564,39.304],[-77.542,39.264],[-77.494,39.252],[-77.46,39.22],[-77.516,39.17],[-77.52,39.12],[-77.484,39.11],[-77.462,39.076],[-77.33,39.058],[-77.534,38.848],[-77.552,38.886],[-77.592,38.898],[-77.62,38.932],[-77.656,38.942],[-77.962,39.014],[-77.862,39.082],[-77.828,39.132]]]}},{"type":"Feature","id":"48091","properties":{"n":"Comal","f":"48091"},"geometry":{"type":"Polygon","coordinates":[[[-98.646,29.744],[-98.414,29.938],[-98.298,30.038],[-98.03,29.848],[-98,29.752],[-98.09,29.684],[-98.31,29.594],[-98.346,29.62],[-98.346,29.654],[-98.382,29.674],[-98.382,29.704],[-98.338,29.722],[-98.416,29.746],[-98.478,29.734],[-98.542,29.752],[-98.582,29.742],[-98.646,29.744]]]}},{"type":"Feature","id":"48505","properties":{"n":"Zapata","f":"48505"},"geometry":{"type":"Polygon","coordinates":[[[-99.454,27.264],[-99.372,27.318],[-99.332,27.274],[-98.956,27.27],[-98.956,26.786],[-99.012,26.676],[-99.17,26.572],[-99.178,26.62],[-99.2,26.656],[-99.21,26.724],[-99.238,26.746],[-99.242,26.788],[-99.268,26.842],[-99.328,26.88],[-99.322,26.906],[-99.368,26.928],[-99.394,26.96],[-99.376,26.978],[-99.414,27.018],[-99.448,27.024],[-99.45,27.068],[-99.43,27.094],[-99.44,27.152],[-99.426,27.176],[-99.454,27.264]]]}},{"type":"Feature","id":"48007","properties":{"n":"Aransas","f":"48007"},"geometry":{"type":"MultiPolygon","coordinates":[[[[-97.078,27.916],[-97.018,27.946],[-96.984,27.984],[-96.92,28.094],[-96.824,28.14],[-96.852,28.06],[-96.948,27.97],[-97.002,27.908],[-97.042,27.836],[-97.078,27.916]]],[[[-96.79,28.318],[-96.798,28.272],[-96.808,28.218],[-96.874,28.176],[-96.934,28.124],[-96.964,28.122],[-97.028,28.148],[-97.028,28.184],[-97.124,28.254],[-97.124,28.272],[-96.79,28.318]]],[[[-97.214,28.076],[-97.14,28.056],[-97.054,28.106],[-97.024,28.042],[-97.05,28.022],[-97.136,27.902],[-97.262,28.076],[-97.214,28.076]]]]}},{"type":"Feature","id":"48361","properties":{"n":"Orange","f":"48361"},"geometry":{"type":"Polygon","coordinates":[[[-94.116,30.242],[-93.902,30.242],[-93.704,30.244],[-93.722,30.21],[-93.69,30.142],[-93.732,30.082],[-93.7,30.066],[-93.722,30.052],[-93.74,30.022],[-93.79,29.988],[-93.816,29.92],[-93.854,29.866],[-93.84,29.944],[-93.858,29.978],[-93.998,30.012],[-94.03,30.028],[-94.03,30.06],[-94.092,30.084],[-94.082,30.128],[-94.116,30.16],[-94.092,30.204],[-94.116,30.242]]]}},{"type":"Feature","id":"48495","properties":{"n":"Winkler","f":"48495"},"geometry":{"type":"Polygon","coordinates":[[[-103.328,32],[-103.066,32],[-103.066,32.086],[-102.8,32.086],[-102.8,31.652],[-103.328,31.652],[-103.328,32]]]}},{"type":"Feature","id":"51011","properties":{"n":"Appomattox","f":"51011"},"geometry":{"type":"Polygon","coordinates":[[[-78.87,37.542],[-78.826,37.552],[-78.704,37.456],[-78.684,37.43],[-78.636,37.416],[-78.63,37.384],[-78.594,37.398],[-78.594,37.344],[-78.626,37.322],[-78.684,37.248],[-78.734,37.22],[-78.776,37.228],[-78.822,37.204],[-78.856,37.212],[-78.862,37.24],[-78.92,37.246],[-78.928,37.278],[-79.02,37.43],[-78.978,37.468],[-78.894,37.514],[-78.87,37.542]]]}},{"type":"Feature","id":"53025","properties":{"n":"Grant","f":"53025"},"geometry":{"type":"Polygon","coordinates":[[[-120.006,47.22],[-120.002,47.32],[-119.92,47.364],[-119.92,47.394],[-119.878,47.408],[-119.878,47.438],[-119.532,47.442],[-119.532,47.528],[-119.404,47.612],[-119.32,47.628],[-119.3,47.67],[-119.3,47.728],[-119.256,47.742],[-119.256,47.772],[-119.214,47.8],[-119.214,47.888],[-119.128,47.918],[-119.106,47.962],[-118.984,47.962],[-118.972,47.944],[-118.98,47.262],[-118.984,46.912],[-119.368,46.912],[-119.368,46.738],[-119.368,46.678],[-119.454,46.68],[-119.512,46.728],[-119.618,46.648],[-119.708,46.648],[-119.752,46.636],[-119.874,46.628],[-119.946,46.676],[-119.974,46.738],[-119.928,46.816],[-119.964,46.86],[-119.968,46.944],[-120.01,47.04],[-120.042,47.072],[-120.002,47.126],[-120.006,47.22]]]}},{"type":"Feature","id":"19143","properties":{"n":"Osceola","f":"19143"},"geometry":{"type":"Polygon","coordinates":[[[-95.862,43.5],[-95.456,43.5],[-95.388,43.5],[-95.388,43.256],[-95.862,43.258],[-95.862,43.5]]]}},{"type":"Feature","id":"21189","properties":{"n":"Owsley","f":"21189"},"geometry":{"type":"Polygon","coordinates":[[[-83.884,37.518],[-83.83,37.486],[-83.744,37.494],[-83.734,37.522],[-83.68,37.512],[-83.636,37.54],[-83.622,37.51],[-83.578,37.506],[-83.536,37.418],[-83.55,37.394],[-83.546,37.334],[-83.55,37.288],[-83.528,37.258],[-83.596,37.292],[-83.654,37.358],[-83.68,37.338],[-83.784,37.348],[-83.82,37.382],[-83.852,37.448],[-83.884,37.478],[-83.884,37.518]]]}},{"type":"Feature","id":"37181","properties":{"n":"Vance","f":"37181"},"geometry":{"type":"Polygon","coordinates":[[[-78.456,36.542],[-78.324,36.544],[-78.278,36.306],[-78.306,36.266],[-78.338,36.234],[-78.378,36.236],[-78.42,36.164],[-78.496,36.174],[-78.508,36.182],[-78.51,36.454],[-78.496,36.514],[-78.456,36.542]]]}},{"type":"Feature","id":"04007","properties":{"n":"Gila","f":"04007"},"geometry":{"type":"Polygon","coordinates":[[[-111.554,34.472],[-111.472,34.458],[-111.55,34.42],[-111.464,34.41],[-111.436,34.446],[-111.418,34.376],[-111.4,34.428],[-111.352,34.442],[-111.31,34.428],[-111.248,34.454],[-111.21,34.408],[-111.152,34.394],[-111.148,34.376],[-111.098,34.396],[-111.018,34.364],[-110.948,34.318],[-110.896,34.302],[-110.846,34.266],[-110.79,34.31],[-110.75,34.264],[-110.75,34],[-110,34],[-110,33.578],[-110,33.488],[-110.058,33.466],[-110.144,33.466],[-110.214,33.438],[-110.276,33.44],[-110.34,33.426],[-110.348,33.408],[-110.416,33.398],[-110.452,33.364],[-110.444,33.258],[-110.406,33.198],[-110.448,33.194],[-110.506,33.186],[-110.592,33.134],[-110.632,33.142],[-110.678,33.112],[-110.692,33.078],[-110.724,33.07],[-110.728,33.028],[-110.782,32.984],[-110.948,33.25],[-110.976,33.342],[-111.04,33.466],[-111.152,33.678],[-111.21,33.634],[-111.224,33.602],[-111.264,33.622],[-111.332,33.688],[-111.338,33.718],[-111.386,33.75],[-111.388,33.804],[-111.37,33.824],[-111.414,33.884],[-111.406,33.92],[-111.45,33.92],[-111.446,34.002],[-111.496,34],[-111.492,34.038],[-111.464,34.072],[-111.492,34.134],[-111.478,34.15],[-111.712,34.15],[-111.694,34.182],[-111.7,34.24],[-111.666,34.286],[-111.662,34.386],[-111.554,34.44],[-111.554,34.472]]]}},{"type":"Feature","id":"12133","properties":{"n":"Washington","f":"12133"},"geometry":{"type":"Polygon","coordinates":[[[-85.844,30.702],[-85.822,30.738],[-85.822,30.792],[-85.75,30.79],[-85.736,30.746],[-85.618,30.744],[-85.622,30.77],[-85.6,30.83],[-85.482,30.83],[-85.482,30.786],[-85.43,30.786],[-85.434,30.568],[-85.484,30.568],[-85.488,30.436],[-85.854,30.44],[-85.884,30.41],[-85.966,30.41],[-85.994,30.39],[-85.962,30.44],[-85.902,30.444],[-85.858,30.49],[-85.886,30.52],[-85.88,30.556],[-85.916,30.598],[-85.916,30.636],[-85.868,30.664],[-85.844,30.702]]]}},{"type":"Feature","id":"13217","properties":{"n":"Newton","f":"13217"},"geometry":{"type":"Polygon","coordinates":[[[-84.046,33.526],[-83.93,33.652],[-83.912,33.712],[-83.916,33.744],[-83.758,33.646],[-83.734,33.646],[-83.68,33.596],[-83.682,33.526],[-83.676,33.486],[-83.736,33.48],[-83.772,33.452],[-83.826,33.438],[-83.83,33.394],[-83.862,33.368],[-83.912,33.418],[-83.924,33.444],[-83.944,33.482],[-84.032,33.498],[-84.046,33.526]]]}},{"type":"Feature","id":"12119","properties":{"n":"Sumter","f":"12119"},"geometry":{"type":"Polygon","coordinates":[[[-82.312,28.96],[-81.952,28.96],[-81.952,28.552],[-81.956,28.346],[-81.956,28.308],[-82.022,28.324],[-82.056,28.312],[-82.054,28.478],[-82.054,28.522],[-82.096,28.524],[-82.14,28.566],[-82.212,28.574],[-82.276,28.656],[-82.262,28.668],[-82.25,28.718],[-82.19,28.758],[-82.168,28.794],[-82.182,28.822],[-82.272,28.896],[-82.312,28.96]]]}},{"type":"Feature","id":"19065","properties":{"n":"Fayette","f":"19065"},"geometry":{"type":"Polygon","coordinates":[[[-92.082,42.908],[-92.082,43.082],[-91.604,43.082],[-91.608,42.644],[-92.082,42.642],[-92.082,42.908]]]}},{"type":"Feature","id":"19099","properties":{"n":"Jasper","f":"19099"},"geometry":{"type":"Polygon","coordinates":[[[-93.348,41.862],[-93.23,41.862],[-92.768,41.862],[-92.768,41.602],[-92.756,41.602],[-92.756,41.508],[-92.872,41.508],[-93.328,41.508],[-93.328,41.6],[-93.348,41.6],[-93.348,41.862]]]}},{"type":"Feature","id":"21109","properties":{"n":"Jackson","f":"21109"},"geometry":{"type":"Polygon","coordinates":[[[-84.2,37.522],[-84.172,37.558],[-84.092,37.566],[-84.046,37.564],[-83.966,37.582],[-83.906,37.542],[-83.884,37.518],[-83.884,37.478],[-83.852,37.448],[-83.82,37.382],[-83.784,37.348],[-83.876,37.294],[-83.902,37.254],[-83.944,37.25],[-84.048,37.268],[-84.138,37.32],[-84.128,37.358],[-84.172,37.386],[-84.16,37.418],[-84.204,37.486],[-84.2,37.522]]]}},{"type":"Feature","id":"29063","properties":{"n":"DeKalb","f":"29063"},"geometry":{"type":"Polygon","coordinates":[[[-94.606,40.038],[-94.328,40.038],[-94.218,40.034],[-94.204,40.034],[-94.206,39.788],[-94.206,39.746],[-94.602,39.746],[-94.602,39.82],[-94.606,40.038]]]}},{"type":"Feature","id":"29071","properties":{"n":"Franklin","f":"29071"},"geometry":{"type":"Polygon","coordinates":[[[-91.368,38.7],[-91.318,38.708],[-91.228,38.644],[-91.228,38.622],[-91.134,38.598],[-91.056,38.608],[-91.008,38.562],[-90.966,38.548],[-90.894,38.54],[-90.776,38.594],[-90.732,38.64],[-90.736,38.466],[-90.736,38.416],[-90.764,38.296],[-90.778,38.204],[-91.094,38.204],[-91.368,38.204],[-91.368,38.21],[-91.368,38.7]]]}},{"type":"Feature","id":"31097","properties":{"n":"Johnson","f":"31097"},"geometry":{"type":"Polygon","coordinates":[[[-96.464,40.522],[-96.066,40.524],[-96.066,40.262],[-96.464,40.262],[-96.464,40.522]]]}},{"type":"Feature","id":"31183","properties":{"n":"Wheeler","f":"31183"},"geometry":{"type":"Polygon","coordinates":[[[-98.762,42.088],[-98.302,42.088],[-98.294,42.082],[-98.294,41.916],[-98.294,41.74],[-98.75,41.74],[-98.758,41.74],[-98.762,42.088]]]}},{"type":"Feature","id":"37107","properties":{"n":"Lenoir","f":"37107"},"geometry":{"type":"Polygon","coordinates":[[[-77.808,35.37],[-77.696,35.376],[-77.678,35.348],[-77.588,35.374],[-77.476,35.426],[-77.426,35.35],[-77.39,35.34],[-77.43,35.33],[-77.448,35.302],[-77.43,35.252],[-77.474,35.23],[-77.528,35.242],[-77.506,35.172],[-77.602,35.072],[-77.732,35.008],[-77.746,35.022],[-77.75,35.108],[-77.768,35.146],[-77.836,35.178],[-77.826,35.344],[-77.808,35.37]]]}},{"type":"Feature","id":"37045","properties":{"n":"Cleveland","f":"37045"},"geometry":{"type":"Polygon","coordinates":[[[-81.69,35.58],[-81.648,35.562],[-81.536,35.564],[-81.454,35.42],[-81.4,35.352],[-81.358,35.33],[-81.354,35.278],[-81.322,35.26],[-81.328,35.164],[-81.368,35.164],[-81.77,35.18],[-81.76,35.222],[-81.702,35.358],[-81.69,35.58]]]}},{"type":"Feature","id":"31105","properties":{"n":"Kimball","f":"31105"},"geometry":{"type":"Polygon","coordinates":[[[-104.052,41.392],[-103.378,41.394],[-103.378,41.048],[-103.38,41.002],[-103.574,41.002],[-104.052,41.002],[-104.052,41.392]]]}},{"type":"Feature","id":"42003","properties":{"n":"Allegheny","f":"42003"},"geometry":{"type":"Polygon","coordinates":[[[-80.148,40.674],[-79.692,40.67],[-79.688,40.642],[-79.72,40.608],[-79.774,40.582],[-79.766,40.55],[-79.702,40.526],[-79.706,40.434],[-79.734,40.398],[-79.764,40.392],[-79.806,40.234],[-79.782,40.228],[-79.872,40.198],[-79.96,40.216],[-79.972,40.232],[-79.914,40.252],[-80.184,40.332],[-80.36,40.478],[-80.18,40.61],[-80.144,40.614],[-80.148,40.674]]]}},{"type":"Feature","id":"45087","properties":{"n":"Union","f":"45087"},"geometry":{"type":"Polygon","coordinates":[[[-81.852,34.594],[-81.824,34.68],[-81.784,34.838],[-81.712,34.912],[-81.648,34.9],[-81.64,34.882],[-81.586,34.888],[-81.544,34.87],[-81.482,34.866],[-81.458,34.84],[-81.48,34.822],[-81.454,34.76],[-81.482,34.744],[-81.458,34.724],[-81.454,34.676],[-81.414,34.634],[-81.422,34.572],[-81.422,34.494],[-81.486,34.49],[-81.54,34.444],[-81.554,34.476],[-81.644,34.534],[-81.676,34.558],[-81.716,34.554],[-81.852,34.594]]]}},{"type":"Feature","id":"21235","properties":{"n":"Whitley","f":"21235"},"geometry":{"type":"Polygon","coordinates":[[[-84.296,36.946],[-84.264,36.962],[-84.236,36.942],[-84.222,36.96],[-84.182,36.94],[-84.124,36.97],[-84.092,36.956],[-84.066,36.854],[-84.028,36.818],[-83.984,36.802],[-83.988,36.76],[-83.96,36.728],[-83.876,36.686],[-83.956,36.646],[-83.93,36.588],[-83.988,36.59],[-84.228,36.592],[-84.308,36.676],[-84.322,36.76],[-84.35,36.78],[-84.344,36.838],[-84.314,36.86],[-84.322,36.89],[-84.296,36.946]]]}},{"type":"Feature","id":"37175","properties":{"n":"Transylvania","f":"37175"},"geometry":{"type":"Polygon","coordinates":[[[-82.922,35.292],[-82.876,35.316],[-82.832,35.318],[-82.79,35.382],[-82.746,35.424],[-82.61,35.288],[-82.592,35.164],[-82.574,35.144],[-82.656,35.12],[-82.764,35.068],[-82.782,35.086],[-82.896,35.056],[-83.008,35.028],[-83.058,35.054],[-82.982,35.132],[-82.986,35.188],[-82.926,35.238],[-82.922,35.292]]]}},{"type":"Feature","id":"37049","properties":{"n":"Craven","f":"37049"},"geometry":{"type":"Polygon","coordinates":[[[-77.39,35.34],[-77.352,35.328],[-77.294,35.38],[-77.262,35.352],[-77.226,35.4],[-77.19,35.418],[-76.96,35.302],[-76.896,35.254],[-76.964,35.198],[-76.988,35.154],[-76.932,35.118],[-76.936,35.062],[-76.96,35.048],[-76.988,35.046],[-76.978,35.004],[-76.892,34.958],[-76.762,34.92],[-76.684,34.962],[-76.652,34.938],[-76.694,34.87],[-76.76,34.846],[-76.884,34.846],[-76.956,34.824],[-76.952,34.81],[-77.078,34.812],[-77.046,34.836],[-77.108,34.83],[-77.104,35.016],[-77.114,35.072],[-77.18,35.056],[-77.186,35.082],[-77.33,35.15],[-77.474,35.23],[-77.43,35.252],[-77.448,35.302],[-77.43,35.33],[-77.39,35.34]]]}},{"type":"Feature","id":"48253","properties":{"n":"Jones","f":"48253"},"geometry":{"type":"Polygon","coordinates":[[[-100.144,32.96],[-99.99,32.96],[-99.612,32.956],[-99.612,32.514],[-99.63,32.514],[-99.63,32.52],[-100.146,32.524],[-100.144,32.96]]]}},{"type":"Feature","id":"51720","properties":{"n":"Norton","f":"51720"},"geometry":{"type":"Polygon","coordinates":[[[-82.664,36.92],[-82.634,36.952],[-82.598,36.958],[-82.614,36.906],[-82.664,36.92]]]}},{"type":"Feature","id":"39105","properties":{"n":"Meigs","f":"39105"},"geometry":{"type":"Polygon","coordinates":[[[-82.322,39.028],[-82.308,39.206],[-82.268,39.204],[-81.96,39.188],[-81.756,39.18],[-81.748,39.096],[-81.812,39.082],[-81.802,39.046],[-81.766,39.02],[-81.78,38.924],[-81.812,38.946],[-81.846,38.93],[-81.856,38.892],[-81.91,38.878],[-81.928,38.902],[-81.9,38.926],[-81.942,38.994],[-81.982,38.994],[-82.028,39.028],[-82.1,38.958],[-82.096,39.002],[-82.322,39.014],[-82.322,39.028]]]}},{"type":"Feature","id":"39053","properties":{"n":"Gallia","f":"39053"},"geometry":{"type":"Polygon","coordinates":[[[-82.574,38.844],[-82.574,38.854],[-82.456,38.844],[-82.434,39.034],[-82.322,39.028],[-82.322,39.014],[-82.096,39.002],[-82.1,38.958],[-82.144,38.898],[-82.144,38.84],[-82.218,38.796],[-82.182,38.706],[-82.172,38.618],[-82.218,38.592],[-82.286,38.582],[-82.362,38.586],[-82.354,38.676],[-82.474,38.682],[-82.466,38.742],[-82.484,38.772],[-82.58,38.778],[-82.574,38.844]]]}},{"type":"Feature","id":"13089","properties":{"n":"DeKalb","f":"13089"},"geometry":{"type":"Polygon","coordinates":[[[-84.278,33.958],[-84.26,33.92],[-84.204,33.872],[-84.156,33.852],[-84.074,33.778],[-84.024,33.754],[-84.056,33.726],[-84.118,33.614],[-84.186,33.646],[-84.246,33.63],[-84.282,33.648],[-84.35,33.648],[-84.346,33.962],[-84.278,33.958]]]}},{"type":"Feature","id":"13311","properties":{"n":"White","f":"13311"},"geometry":{"type":"Polygon","coordinates":[[[-83.856,34.722],[-83.83,34.73],[-83.826,34.778],[-83.78,34.792],[-83.682,34.8],[-83.63,34.764],[-83.622,34.732],[-83.662,34.66],[-83.64,34.622],[-83.64,34.58],[-83.614,34.554],[-83.664,34.504],[-83.844,34.506],[-83.834,34.532],[-83.866,34.55],[-83.874,34.676],[-83.856,34.722]]]}},{"type":"Feature","id":"13115","properties":{"n":"Floyd","f":"13115"},"geometry":{"type":"Polygon","coordinates":[[[-85.464,34.286],[-85.388,34.286],[-85.334,34.37],[-85.18,34.436],[-85.108,34.588],[-85.068,34.588],[-85.064,34.542],[-85.09,34.542],[-85.09,34.464],[-85.112,34.462],[-85.086,34.4],[-85.008,34.392],[-85.004,34.346],[-85.022,34.346],[-85.026,34.214],[-85.044,34.214],[-85.046,34.096],[-85.258,34.1],[-85.258,34.078],[-85.42,34.08],[-85.464,34.286]]]}},{"type":"Feature","id":"30083","properties":{"n":"Richland","f":"30083"},"geometry":{"type":"Polygon","coordinates":[[[-105.234,47.79],[-105.234,47.868],[-105.194,47.868],[-105.194,48.066],[-105.172,48.082],[-105.058,48.078],[-105.042,48.054],[-104.986,48.102],[-104.946,48.094],[-104.924,48.136],[-104.882,48.15],[-104.824,48.12],[-104.76,48.126],[-104.68,48.102],[-104.626,48.112],[-104.612,48.142],[-104.584,48.108],[-104.544,48.126],[-104.512,48.11],[-104.462,48.12],[-104.444,48.096],[-104.36,48.068],[-104.35,48.046],[-104.29,48.05],[-104.246,48.03],[-104.166,48.036],[-104.134,48.056],[-104.096,48.026],[-104.098,48],[-104.044,47.996],[-104.044,47.396],[-104.132,47.398],[-104.132,47.354],[-104.422,47.354],[-104.512,47.354],[-104.512,47.53],[-104.594,47.53],[-104.594,47.616],[-104.978,47.616],[-104.978,47.704],[-105.236,47.704],[-105.234,47.79]]]}},{"type":"Feature","id":"37065","properties":{"n":"Edgecombe","f":"37065"},"geometry":{"type":"Polygon","coordinates":[[[-77.7,36.154],[-77.646,36.138],[-77.632,36.116],[-77.542,36.096],[-77.53,36.04],[-77.474,36.038],[-77.402,36.004],[-77.344,35.906],[-77.352,35.82],[-77.39,35.834],[-77.426,35.806],[-77.474,35.802],[-77.516,35.762],[-77.664,35.674],[-77.718,35.73],[-77.75,35.828],[-77.828,35.868],[-77.772,36.01],[-77.706,36.116],[-77.7,36.154]]]}},{"type":"Feature","id":"48421","properties":{"n":"Sherman","f":"48421"},"geometry":{"type":"Polygon","coordinates":[[[-102.164,36.5],[-102.032,36.5],[-101.622,36.5],[-101.622,36.056],[-102.164,36.056],[-102.164,36.5]]]}},{"type":"Feature","id":"01017","properties":{"n":"Chambers","f":"01017"},"geometry":{"type":"Polygon","coordinates":[[[-85.592,33.108],[-85.234,33.108],[-85.186,32.87],[-85.154,32.842],[-85.168,32.812],[-85.122,32.774],[-85.13,32.752],[-85.284,32.746],[-85.294,32.73],[-85.592,32.728],[-85.592,33.108]]]}},{"type":"Feature","id":"08083","properties":{"n":"Montezuma","f":"08083"},"geometry":{"type":"Polygon","coordinates":[[[-109.044,37.484],[-108.916,37.632],[-108.162,37.636],[-107.972,37.64],[-108.022,37.592],[-108.036,37.524],[-108.032,37.464],[-108.08,37.436],[-108.104,37.386],[-108.198,37.356],[-108.22,37.292],[-108.248,37.25],[-108.294,37.216],[-108.292,37.146],[-108.31,37.13],[-108.334,37.054],[-108.38,37],[-109.044,36.998],[-109.044,37.484]]]}},{"type":"Feature","id":"13213","properties":{"n":"Murray","f":"13213"},"geometry":{"type":"Polygon","coordinates":[[[-84.81,34.988],[-84.778,34.988],[-84.62,34.988],[-84.62,34.856],[-84.584,34.826],[-84.634,34.772],[-84.656,34.73],[-84.656,34.584],[-84.706,34.598],[-84.716,34.622],[-84.802,34.608],[-84.906,34.616],[-84.914,34.634],[-84.942,34.68],[-84.888,34.678],[-84.924,34.716],[-84.864,34.708],[-84.852,34.748],[-84.864,34.814],[-84.842,34.86],[-84.818,34.876],[-84.842,34.918],[-84.81,34.988]]]}},{"type":"Feature","id":"21093","properties":{"n":"Hardin","f":"21093"},"geometry":{"type":"Polygon","coordinates":[[[-86.274,37.594],[-86.152,37.798],[-86.008,37.818],[-85.976,37.876],[-85.998,38],[-85.944,38.008],[-85.936,37.998],[-85.908,37.992],[-85.904,37.942],[-85.854,37.946],[-85.814,37.89],[-85.818,37.858],[-85.74,37.812],[-85.728,37.774],[-85.682,37.732],[-85.736,37.654],[-85.8,37.624],[-85.822,37.574],[-85.876,37.544],[-85.894,37.44],[-86.048,37.45],[-86.056,37.496],[-86.112,37.568],[-86.178,37.554],[-86.232,37.576],[-86.246,37.602],[-86.274,37.594]]]}},{"type":"Feature","id":"20121","properties":{"n":"Miami","f":"20121"},"geometry":{"type":"Polygon","coordinates":[[[-95.058,38.738],[-94.608,38.738],[-94.612,38.478],[-94.612,38.388],[-95.064,38.39],[-95.064,38.694],[-95.058,38.738]]]}},{"type":"Feature","id":"26043","properties":{"n":"Dickinson","f":"26043"},"geometry":{"type":"Polygon","coordinates":[[[-88.116,45.922],[-88.116,46.246],[-87.616,46.246],[-87.616,45.986],[-87.616,45.898],[-87.696,45.898],[-87.696,45.724],[-87.846,45.722],[-87.878,45.756],[-87.964,45.758],[-87.998,45.796],[-88.058,45.78],[-88.104,45.792],[-88.138,45.818],[-88.076,45.864],[-88.116,45.922]]]}},{"type":"Feature","id":"29097","properties":{"n":"Jasper","f":"29097"},"geometry":{"type":"Polygon","coordinates":[[[-94.616,37.338],[-94.616,37.364],[-94.082,37.35],[-94.084,37.29],[-94.052,37.29],[-94.06,37.048],[-94.62,37.058],[-94.616,37.338]]]}},{"type":"Feature","id":"20189","properties":{"n":"Stevens","f":"20189"},"geometry":{"type":"Polygon","coordinates":[[[-101.558,37.388],[-101.526,37.388],[-101.09,37.388],[-101.07,37.388],[-101.066,36.998],[-101.554,36.996],[-101.558,37.388]]]}},{"type":"Feature","id":"36055","properties":{"n":"Monroe","f":"36055"},"geometry":{"type":"Polygon","coordinates":[[[-77.994,43.366],[-77.796,43.34],[-77.714,43.324],[-77.66,43.282],[-77.578,43.244],[-77.534,43.234],[-77.502,43.25],[-77.376,43.278],[-77.372,43.034],[-77.484,43.034],[-77.484,42.944],[-77.582,42.944],[-77.732,42.946],[-77.732,42.988],[-77.912,42.988],[-77.904,43.038],[-77.95,43.04],[-77.908,43.134],[-77.998,43.134],[-77.994,43.366]]]}},{"type":"Feature","id":"27075","properties":{"n":"Lake","f":"27075"},"geometry":{"type":"Polygon","coordinates":[[[-91.798,48.202],[-91.716,48.2],[-91.698,48.142],[-91.712,48.114],[-91.64,48.096],[-91.558,48.108],[-91.568,48.044],[-91.49,48.068],[-91.44,48.048],[-91.372,48.07],[-91.25,48.084],[-91.084,48.182],[-91.03,48.188],[-91.026,47.902],[-91.02,47.888],[-91.022,47.464],[-91.128,47.4],[-91.188,47.34],[-91.386,47.188],[-91.478,47.126],[-91.572,47.09],[-91.666,47.014],[-91.704,47.006],[-91.794,46.94],[-91.788,47.548],[-91.798,48.202]]]}},{"type":"Feature","id":"41037","properties":{"n":"Lake","f":"41037"},"geometry":{"type":"Polygon","coordinates":[[[-121.334,43.616],[-120.376,43.612],[-119.896,43.61],[-119.896,43.178],[-119.932,43.178],[-119.932,42.916],[-119.942,42.916],[-119.946,42.746],[-119.364,42.75],[-119.364,42.138],[-119.36,41.994],[-119.888,41.998],[-120,41.996],[-120,41.994],[-120,41.996],[-120.33,41.994],[-120.878,41.994],[-120.882,42.336],[-120.878,42.484],[-120.882,42.744],[-121.348,42.746],[-121.348,43.356],[-121.33,43.356],[-121.334,43.616]]]}},{"type":"Feature","id":"36043","properties":{"n":"Herkimer","f":"36043"},"geometry":{"type":"Polygon","coordinates":[[[-75.112,43.616],[-75.17,44.098],[-75.062,44.05],[-74.854,44.07],[-74.774,43.486],[-74.868,43.34],[-74.714,43.286],[-74.696,43.174],[-74.728,43.126],[-74.76,43.12],[-74.774,43.084],[-74.76,43.048],[-74.742,42.996],[-74.764,42.864],[-74.878,42.898],[-74.908,42.824],[-75.1,42.908],[-75.14,42.86],[-75.212,42.856],[-75.212,42.88],[-75.202,42.88],[-75.22,43.052],[-75.068,43.226],[-75.162,43.258],[-75.148,43.306],[-75.076,43.33],[-75.112,43.616]]]}},{"type":"Feature","id":"48071","properties":{"n":"Chambers","f":"48071"},"geometry":{"type":"Polygon","coordinates":[[[-94.982,29.884],[-94.444,29.89],[-94.358,29.888],[-94.354,29.562],[-94.372,29.556],[-94.372,29.598],[-94.418,29.59],[-94.422,29.566],[-94.512,29.542],[-94.548,29.572],[-94.742,29.526],[-94.77,29.548],[-94.71,29.626],[-94.694,29.694],[-94.694,29.758],[-94.738,29.762],[-94.756,29.782],[-94.816,29.756],[-94.852,29.722],[-94.868,29.678],[-94.92,29.658],[-94.932,29.674],[-94.914,29.698],[-94.946,29.716],[-94.914,29.766],[-94.91,29.822],[-94.978,29.868],[-94.982,29.884]]]}},{"type":"Feature","id":"53047","properties":{"n":"Okanogan","f":"53047"},"geometry":{"type":"Polygon","coordinates":[[[-120.85,49],[-120.036,49],[-119.428,49],[-118.836,49],[-118.836,48.654],[-118.868,48.654],[-118.868,48.482],[-118.844,48.482],[-118.848,47.964],[-118.85,47.958],[-118.972,47.944],[-118.984,47.962],[-118.952,48.018],[-119.002,48.042],[-119.03,48.114],[-119.056,48.138],[-119.152,48.146],[-119.256,48.102],[-119.3,48.116],[-119.328,48.096],[-119.342,48.05],[-119.404,48.05],[-119.436,48.076],[-119.5,48.082],[-119.616,48],[-119.652,48],[-119.694,48.032],[-119.67,48.068],[-119.684,48.094],[-119.846,48.078],[-119.896,48.05],[-119.87,48.018],[-119.87,47.96],[-120.05,47.96],[-120.09,48.018],[-120.14,48.036],[-120.142,48.064],[-120.226,48.084],[-120.362,48.164],[-120.352,48.206],[-120.466,48.27],[-120.506,48.302],[-120.58,48.318],[-120.578,48.378],[-120.638,48.398],[-120.664,48.452],[-120.638,48.496],[-120.65,48.532],[-120.702,48.532],[-120.688,48.576],[-120.72,48.596],[-120.76,48.584],[-120.79,48.626],[-120.754,48.658],[-120.678,48.736],[-120.736,48.786],[-120.736,48.864],[-120.768,48.876],[-120.792,48.96],[-120.836,48.94],[-120.886,48.974],[-120.85,49]]]}},{"type":"Feature","id":"01115","properties":{"n":"St. Clair","f":"01115"},"geometry":{"type":"Polygon","coordinates":[[[-86.324,33.94],[-86.278,33.99],[-86.252,33.966],[-86.198,33.988],[-86.166,33.966],[-86.166,33.926],[-86.142,33.9],[-86.112,33.904],[-86.094,33.862],[-86.066,33.842],[-86.044,33.762],[-86.146,33.71],[-86.146,33.68],[-86.206,33.69],[-86.174,33.66],[-86.184,33.594],[-86.22,33.588],[-86.192,33.544],[-86.234,33.494],[-86.282,33.51],[-86.31,33.452],[-86.378,33.39],[-86.378,33.502],[-86.482,33.502],[-86.482,33.546],[-86.518,33.546],[-86.55,33.56],[-86.55,33.62],[-86.526,33.656],[-86.526,33.722],[-86.544,33.766],[-86.58,33.766],[-86.576,33.802],[-86.408,33.836],[-86.342,33.886],[-86.324,33.94]]]}},{"type":"Feature","id":"55059","properties":{"n":"Kenosha","f":"55059"},"geometry":{"type":"Polygon","coordinates":[[[-88.306,42.612],[-88.188,42.612],[-88.188,42.67],[-87.806,42.668],[-87.822,42.616],[-87.8,42.492],[-88.198,42.496],[-88.306,42.496],[-88.306,42.612]]]}},{"type":"Feature","id":"55077","properties":{"n":"Marquette","f":"55077"},"geometry":{"type":"Polygon","coordinates":[[[-89.598,43.982],[-89.168,43.982],[-89.168,43.876],[-89.2,43.876],[-89.2,43.812],[-89.168,43.81],[-89.168,43.766],[-89.246,43.76],[-89.246,43.642],[-89.598,43.642],[-89.598,43.982]]]}},{"type":"Feature","id":"55099","properties":{"n":"Price","f":"55099"},"geometry":{"type":"Polygon","coordinates":[[[-90.678,45.638],[-90.678,45.982],[-90.302,45.982],[-90.044,45.982],[-90.044,45.896],[-90.044,45.554],[-90.044,45.382],[-90.46,45.378],[-90.678,45.378],[-90.678,45.638]]]}},{"type":"Feature","id":"37027","properties":{"n":"Caldwell","f":"37027"},"geometry":{"type":"Polygon","coordinates":[[[-81.81,36.112],[-81.676,36.122],[-81.548,36.118],[-81.508,36.096],[-81.458,36.092],[-81.444,36.072],[-81.396,36.066],[-81.342,36.024],[-81.328,35.996],[-81.342,35.924],[-81.332,35.88],[-81.336,35.796],[-81.364,35.768],[-81.4,35.758],[-81.444,35.784],[-81.554,35.778],[-81.602,35.826],[-81.708,35.876],[-81.776,35.948],[-81.806,35.962],[-81.734,36.068],[-81.81,36.112]]]}},{"type":"Feature","id":"31147","properties":{"n":"Richardson","f":"31147"},"geometry":{"type":"Polygon","coordinates":[[[-96.012,40],[-96.008,40.262],[-95.552,40.262],[-95.484,40.248],[-95.478,40.182],[-95.392,40.116],[-95.42,40.048],[-95.308,40],[-95.34,40],[-95.79,40],[-96.012,40]]]}},{"type":"Feature","id":"31145","properties":{"n":"Red Willow","f":"31145"},"geometry":{"type":"Polygon","coordinates":[[[-100.758,40.35],[-100.198,40.35],[-100.194,40.002],[-100.74,40.002],[-100.758,40.002],[-100.76,40.174],[-100.758,40.35]]]}},{"type":"Feature","id":"48199","properties":{"n":"Hardin","f":"48199"},"geometry":{"type":"Polygon","coordinates":[[[-94.734,30.49],[-94.536,30.492],[-94.544,30.526],[-94.07,30.526],[-94.12,30.426],[-94.084,30.342],[-94.12,30.282],[-94.096,30.258],[-94.116,30.242],[-94.092,30.204],[-94.116,30.16],[-94.178,30.188],[-94.236,30.166],[-94.274,30.17],[-94.292,30.118],[-94.4,30.098],[-94.444,30.114],[-94.598,30.112],[-94.734,30.49]]]}},{"type":"Feature","id":"01077","properties":{"n":"Lauderdale","f":"01077"},"geometry":{"type":"Polygon","coordinates":[[[-87.986,35.006],[-87.606,35.004],[-87.226,35],[-87.212,34.998],[-87.214,34.816],[-87.28,34.774],[-87.262,34.758],[-87.298,34.75],[-87.344,34.796],[-87.426,34.8],[-87.524,34.832],[-87.584,34.82],[-87.614,34.798],[-87.706,34.772],[-87.732,34.746],[-87.806,34.732],[-87.836,34.742],[-87.922,34.804],[-87.95,34.868],[-88.04,34.906],[-88.098,34.892],[-88.156,34.922],[-88.202,34.996],[-88.202,35.008],[-87.986,35.006]]]}},{"type":"Feature","id":"26113","properties":{"n":"Missaukee","f":"26113"},"geometry":{"type":"Polygon","coordinates":[[[-85.334,44.512],[-84.85,44.512],[-84.856,44.436],[-84.852,44.162],[-85.086,44.164],[-85.334,44.166],[-85.338,44.426],[-85.334,44.512]]]}},{"type":"Feature","id":"26117","properties":{"n":"Montcalm","f":"26117"},"geometry":{"type":"Polygon","coordinates":[[[-85.564,43.468],[-85.086,43.466],[-84.846,43.466],[-84.846,43.292],[-84.836,43.292],[-84.838,43.118],[-85.312,43.118],[-85.312,43.294],[-85.564,43.294],[-85.564,43.468]]]}},{"type":"Feature","id":"29229","properties":{"n":"Wright","f":"29229"},"geometry":{"type":"Polygon","coordinates":[[[-92.688,37.482],[-92.25,37.472],[-92.254,37.254],[-92.25,37.06],[-92.684,37.066],[-92.678,37.264],[-92.692,37.264],[-92.688,37.482]]]}},{"type":"Feature","id":"29215","properties":{"n":"Texas","f":"29215"},"geometry":{"type":"Polygon","coordinates":[[[-92.25,37.472],[-92.25,37.604],[-92.028,37.602],[-91.81,37.6],[-91.756,37.598],[-91.756,37.424],[-91.648,37.424],[-91.648,37.248],[-91.654,37.048],[-92.09,37.056],[-92.25,37.06],[-92.254,37.254],[-92.25,37.472]]]}},{"type":"Feature","id":"29123","properties":{"n":"Madison","f":"29123"},"geometry":{"type":"Polygon","coordinates":[[[-90.534,37.644],[-90.148,37.642],[-90.148,37.598],[-90.14,37.54],[-90.148,37.312],[-90.218,37.314],[-90.55,37.318],[-90.546,37.598],[-90.534,37.644]]]}},{"type":"Feature","id":"37147","properties":{"n":"Pitt","f":"37147"},"geometry":{"type":"Polygon","coordinates":[[[-77.7,35.652],[-77.664,35.674],[-77.516,35.762],[-77.474,35.802],[-77.426,35.806],[-77.39,35.834],[-77.352,35.82],[-77.254,35.786],[-77.258,35.766],[-77.218,35.76],[-77.176,35.732],[-77.198,35.7],[-77.168,35.684],[-77.172,35.638],[-77.086,35.552],[-77.128,35.554],[-77.176,35.52],[-77.176,35.456],[-77.19,35.418],[-77.226,35.4],[-77.262,35.352],[-77.294,35.38],[-77.352,35.328],[-77.39,35.34],[-77.426,35.35],[-77.476,35.426],[-77.512,35.498],[-77.502,35.518],[-77.56,35.534],[-77.61,35.568],[-77.7,35.652]]]}},{"type":"Feature","id":"39077","properties":{"n":"Huron","f":"39077"},"geometry":{"type":"Polygon","coordinates":[[[-82.842,41.29],[-82.344,41.284],[-82.336,41.066],[-82.438,41.066],[-82.434,40.992],[-82.724,40.996],[-82.828,40.996],[-82.84,41.256],[-82.842,41.29]]]}},{"type":"Feature","id":"45041","properties":{"n":"Florence","f":"45041"},"geometry":{"type":"Polygon","coordinates":[[[-80.072,34.086],[-79.802,34.254],[-79.752,34.25],[-79.732,34.296],[-79.684,34.284],[-79.66,34.306],[-79.634,34.298],[-79.602,34.29],[-79.548,34.23],[-79.574,34.186],[-79.516,34.096],[-79.516,33.994],[-79.494,33.95],[-79.368,33.842],[-79.314,33.826],[-79.326,33.798],[-79.35,33.816],[-79.44,33.784],[-79.498,33.776],[-79.678,33.816],[-79.724,33.814],[-79.742,33.834],[-79.8,33.836],[-79.836,33.882],[-79.874,33.886],[-79.946,33.886],[-79.976,33.946],[-79.892,33.988],[-79.904,34.002],[-80,34.048],[-80.026,34.074],[-80.072,34.086]]]}},{"type":"Feature","id":"45081","properties":{"n":"Saluda","f":"45081"},"geometry":{"type":"Polygon","coordinates":[[[-81.87,34.136],[-81.86,34.18],[-81.784,34.166],[-81.73,34.188],[-81.636,34.146],[-81.54,34.082],[-81.472,34.076],[-81.572,33.876],[-81.652,33.814],[-81.834,33.866],[-81.87,33.892],[-81.896,33.976],[-82.006,33.962],[-81.988,33.998],[-81.946,34.04],[-81.928,34.078],[-81.87,34.136]]]}},{"type":"Feature","id":"21027","properties":{"n":"Breckinridge","f":"21027"},"geometry":{"type":"Polygon","coordinates":[[[-86.654,37.842],[-86.598,37.868],[-86.59,37.922],[-86.508,37.93],[-86.526,37.962],[-86.526,38.028],[-86.49,38.046],[-86.428,38],[-86.242,37.876],[-86.152,37.798],[-86.274,37.594],[-86.354,37.588],[-86.346,37.562],[-86.41,37.566],[-86.512,37.624],[-86.536,37.59],[-86.576,37.6],[-86.594,37.564],[-86.64,37.62],[-86.64,37.662],[-86.622,37.656],[-86.676,37.792],[-86.654,37.842]]]}},{"type":"Feature","id":"21225","properties":{"n":"Union","f":"21225"},"geometry":{"type":"Polygon","coordinates":[[[-88.03,37.8],[-87.946,37.772],[-87.904,37.812],[-87.94,37.87],[-87.926,37.902],[-87.814,37.762],[-87.756,37.728],[-87.754,37.67],[-87.736,37.638],[-87.804,37.58],[-87.932,37.48],[-87.998,37.506],[-88.016,37.546],[-88.062,37.506],[-88.072,37.528],[-88.134,37.574],[-88.158,37.664],[-88.12,37.712],[-88.058,37.742],[-88.03,37.8]]]}},{"type":"Feature","id":"21231","properties":{"n":"Wayne","f":"21231"},"geometry":{"type":"Polygon","coordinates":[[[-85.064,36.858],[-84.96,36.916],[-84.946,36.96],[-84.906,36.946],[-84.836,36.998],[-84.77,36.958],[-84.706,36.98],[-84.674,36.974],[-84.62,36.896],[-84.576,36.868],[-84.58,36.804],[-84.624,36.794],[-84.634,36.77],[-84.674,36.762],[-84.674,36.74],[-84.778,36.604],[-84.784,36.604],[-84.976,36.616],[-85,36.624],[-85,36.676],[-85.022,36.718],[-85.004,36.756],[-85.026,36.808],[-85.064,36.858]]]}},{"type":"Feature","id":"21211","properties":{"n":"Shelby","f":"21211"},"geometry":{"type":"Polygon","coordinates":[[[-85.284,38.358],[-84.996,38.336],[-84.958,38.332],[-85,38.276],[-85.004,38.162],[-85.026,38.13],[-85.046,38.072],[-85.1,38.038],[-85.234,38.09],[-85.424,38.148],[-85.406,38.264],[-85.466,38.286],[-85.388,38.308],[-85.324,38.31],[-85.284,38.358]]]}},{"type":"Feature","id":"37103","properties":{"n":"Jones","f":"37103"},"geometry":{"type":"Polygon","coordinates":[[[-77.732,35.008],[-77.602,35.072],[-77.506,35.172],[-77.528,35.242],[-77.474,35.23],[-77.33,35.15],[-77.186,35.082],[-77.18,35.056],[-77.114,35.072],[-77.104,35.016],[-77.108,34.83],[-77.046,34.836],[-77.078,34.812],[-77.164,34.784],[-77.198,34.81],[-77.222,34.888],[-77.268,34.926],[-77.33,34.938],[-77.366,34.908],[-77.502,34.97],[-77.638,34.984],[-77.674,34.974],[-77.732,35.008]]]}},{"type":"Feature","id":"48217","properties":{"n":"Hill","f":"48217"},"geometry":{"type":"Polygon","coordinates":[[[-97.476,32.174],[-97.476,32.182],[-97.086,32.266],[-96.942,32.052],[-96.896,32.074],[-96.72,31.816],[-96.93,31.708],[-97.038,31.864],[-97.276,31.746],[-97.326,31.788],[-97.282,31.822],[-97.282,31.844],[-97.326,31.842],[-97.384,31.872],[-97.362,31.89],[-97.44,31.93],[-97.38,31.972],[-97.426,32.028],[-97.488,32.018],[-97.49,32.06],[-97.47,32.086],[-97.494,32.128],[-97.458,32.17],[-97.476,32.174]]]}},{"type":"Feature","id":"51087","properties":{"n":"Henrico","f":"51087"},"geometry":{"type":"Polygon","coordinates":[[[-77.656,37.564],[-77.616,37.578],[-77.652,37.64],[-77.632,37.706],[-77.56,37.682],[-77.494,37.702],[-77.448,37.684],[-77.406,37.606],[-77.24,37.538],[-77.18,37.492],[-77.222,37.406],[-77.25,37.382],[-77.28,37.352],[-77.312,37.374],[-77.388,37.388],[-77.42,37.448],[-77.416,37.516],[-77.394,37.504],[-77.394,37.55],[-77.438,37.598],[-77.474,37.578],[-77.542,37.582],[-77.53,37.558],[-77.596,37.556],[-77.656,37.564]]]}},{"type":"Feature","id":"39019","properties":{"n":"Carroll","f":"39019"},"geometry":{"type":"Polygon","coordinates":[[[-81.318,40.652],[-81.242,40.65],[-81.238,40.724],[-81.088,40.728],[-80.916,40.728],[-80.92,40.644],[-80.862,40.642],[-80.862,40.6],[-80.866,40.556],[-80.92,40.556],[-80.926,40.468],[-80.94,40.424],[-81.27,40.434],[-81.264,40.564],[-81.322,40.566],[-81.318,40.652]]]}},{"type":"Feature","id":"55067","properties":{"n":"Langlade","f":"55067"},"geometry":{"type":"Polygon","coordinates":[[[-89.426,45.468],[-89.364,45.47],[-89.046,45.464],[-88.924,45.464],[-88.926,45.378],[-88.68,45.378],[-88.68,45.206],[-88.64,45.204],[-88.64,45.118],[-88.98,45.118],[-88.98,45.03],[-89.224,45.03],[-89.224,45.118],[-89.426,45.12],[-89.426,45.468]]]}},{"type":"Feature","id":"55017","properties":{"n":"Chippewa","f":"55017"},"geometry":{"type":"Polygon","coordinates":[[[-91.666,45.208],[-91.544,45.206],[-91.54,45.292],[-90.926,45.292],[-90.922,45.03],[-90.922,44.858],[-91.652,44.856],[-91.652,45.122],[-91.666,45.122],[-91.666,45.208]]]}},{"type":"Feature","id":"41009","properties":{"n":"Columbia","f":"41009"},"geometry":{"type":"Polygon","coordinates":[[[-123.362,46.146],[-123.28,46.146],[-123.212,46.172],[-123.166,46.188],[-123.114,46.186],[-122.904,46.084],[-122.878,46.03],[-122.814,45.962],[-122.81,45.912],[-122.784,45.85],[-122.796,45.81],[-122.77,45.78],[-122.764,45.728],[-122.784,45.72],[-122.928,45.722],[-123.032,45.752],[-123.032,45.78],[-123.362,45.78],[-123.358,45.866],[-123.366,46.04],[-123.362,46.146]]]}},{"type":"Feature","id":"41025","properties":{"n":"Harney","f":"41025"},"geometry":{"type":"Polygon","coordinates":[[[-119.896,43.61],[-119.898,43.698],[-119.776,43.698],[-119.776,43.958],[-119.658,43.958],[-118.818,43.96],[-118.818,44.048],[-118.588,44.04],[-118.226,44.04],[-118.226,43.798],[-118.234,43.77],[-118.234,43.374],[-118.23,43.348],[-118.23,42.914],[-118.216,42.916],[-118.216,42.276],[-118.194,42.276],[-118.198,41.996],[-118.696,41.992],[-119.324,41.994],[-119.36,41.994],[-119.364,42.138],[-119.364,42.75],[-119.946,42.746],[-119.942,42.916],[-119.932,42.916],[-119.932,43.178],[-119.896,43.178],[-119.896,43.61]]]}},{"type":"Feature","id":"48491","properties":{"n":"Williamson","f":"48491"},"geometry":{"type":"Polygon","coordinates":[[[-98.05,30.624],[-97.962,30.786],[-97.828,30.906],[-97.624,30.87],[-97.316,30.752],[-97.272,30.736],[-97.154,30.458],[-97.332,30.402],[-97.368,30.42],[-97.444,30.462],[-97.512,30.486],[-97.548,30.476],[-97.594,30.502],[-97.774,30.43],[-97.85,30.472],[-97.868,30.546],[-97.914,30.58],[-97.918,30.604],[-97.958,30.628],[-97.99,30.61],[-98.008,30.628],[-98.05,30.624]]]}},{"type":"Feature","id":"48271","properties":{"n":"Kinney","f":"48271"},"geometry":{"type":"Polygon","coordinates":[[[-100.796,29.242],[-100.746,29.256],[-100.746,29.328],[-100.71,29.338],[-100.7,29.42],[-100.7,29.624],[-100.112,29.622],[-100.112,29.086],[-100.668,29.084],[-100.692,29.116],[-100.776,29.174],[-100.764,29.186],[-100.796,29.242]]]}},{"type":"Feature","id":"51620","properties":{"n":"Franklin","f":"51620"},"geometry":{"type":"Polygon","coordinates":[[[-76.924,36.708],[-76.928,36.7],[-76.928,36.7],[-76.928,36.7],[-76.928,36.7],[-76.924,36.7],[-76.924,36.7],[-76.92,36.7],[-76.92,36.7],[-76.918,36.7],[-76.918,36.7],[-76.918,36.7],[-76.918,36.7],[-76.918,36.7],[-76.918,36.7],[-76.918,36.694],[-76.918,36.694],[-76.924,36.682],[-76.924,36.684],[-76.924,36.682],[-76.924,36.684],[-76.91,36.648],[-76.964,36.668],[-76.968,36.702],[-76.924,36.708]]]}},{"type":"Feature","id":"08005","properties":{"n":"Arapahoe","f":"08005"},"geometry":{"type":"MultiPolygon","coordinates":[[[[-104.942,39.71],[-104.942,39.71],[-104.942,39.71],[-104.942,39.71]]],[[[-105.054,39.622],[-105.054,39.63],[-105.054,39.632],[-105.036,39.654],[-104.974,39.668],[-104.884,39.624],[-104.848,39.656],[-104.902,39.668],[-104.902,39.692],[-104.866,39.696],[-104.884,39.74],[-104.472,39.738],[-103.708,39.74],[-103.708,39.566],[-103.714,39.566],[-104.662,39.566],[-105.05,39.566],[-105.054,39.622]]]]}},{"type":"Feature","id":"13295","properties":{"n":"Walker","f":"13295"},"geometry":{"type":"Polygon","coordinates":[[[-85.534,34.624],[-85.492,34.67],[-85.492,34.7],[-85.448,34.76],[-85.448,34.832],[-85.42,34.9],[-85.362,34.984],[-85.266,34.986],[-85.266,34.854],[-85.202,34.854],[-85.202,34.774],[-85.144,34.768],[-85.168,34.72],[-85.05,34.72],[-85.05,34.622],[-85.068,34.588],[-85.108,34.588],[-85.528,34.59],[-85.534,34.624]]]}},{"type":"Feature","id":"21227","properties":{"n":"Warren","f":"21227"},"geometry":{"type":"Polygon","coordinates":[[[-86.4,37.17],[-86.282,37.08],[-86.216,37.104],[-86.192,37.076],[-86.112,37.062],[-86.166,36.934],[-86.206,36.908],[-86.268,36.892],[-86.264,36.874],[-86.408,36.776],[-86.4,36.808],[-86.584,36.83],[-86.612,36.882],[-86.672,37],[-86.616,37.146],[-86.622,37.18],[-86.496,37.19],[-86.468,37.152],[-86.4,37.17]]]}},{"type":"Feature","id":"27015","properties":{"n":"Brown","f":"27015"},"geometry":{"type":"Polygon","coordinates":[[[-94.868,44.498],[-94.814,44.484],[-94.78,44.456],[-94.694,44.428],[-94.666,44.394],[-94.522,44.366],[-94.462,44.332],[-94.412,44.274],[-94.372,44.264],[-94.368,44.108],[-94.86,44.108],[-95.1,44.108],[-95.108,44.196],[-95.108,44.282],[-94.868,44.282],[-94.868,44.498]]]}},{"type":"Feature","id":"29139","properties":{"n":"Montgomery","f":"29139"},"geometry":{"type":"Polygon","coordinates":[[[-91.648,38.704],[-91.634,39.058],[-91.63,39.148],[-91.41,39.142],[-91.26,39.14],[-91.264,38.992],[-91.264,38.844],[-91.414,38.844],[-91.418,38.71],[-91.486,38.714],[-91.548,38.676],[-91.64,38.704],[-91.648,38.704]]]}},{"type":"Feature","id":"01049","properties":{"n":"DeKalb","f":"01049"},"geometry":{"type":"Polygon","coordinates":[[[-86.06,34.476],[-86.006,34.48],[-85.786,34.624],[-85.692,34.744],[-85.66,34.754],[-85.628,34.832],[-85.582,34.86],[-85.534,34.624],[-85.528,34.59],[-85.514,34.524],[-85.578,34.484],[-85.578,34.44],[-85.636,34.366],[-85.674,34.344],[-85.808,34.24],[-85.844,34.244],[-85.844,34.2],[-86.106,34.2],[-86.11,34.428],[-86.06,34.476]]]}},{"type":"Feature","id":"13179","properties":{"n":"Liberty","f":"13179"},"geometry":{"type":"Polygon","coordinates":[[[-81.762,32.048],[-81.72,32.09],[-81.694,32.088],[-81.64,32.05],[-81.594,31.992],[-81.594,31.972],[-81.522,31.958],[-81.476,31.974],[-81.464,31.95],[-81.404,31.938],[-81.378,31.848],[-81.346,31.824],[-81.332,31.84],[-81.31,31.79],[-81.278,31.794],[-81.26,31.754],[-81.2,31.726],[-81.184,31.702],[-81.13,31.696],[-81.134,31.624],[-81.174,31.556],[-81.196,31.568],[-81.196,31.608],[-81.26,31.65],[-81.364,31.654],[-81.432,31.64],[-81.494,31.7],[-81.64,31.766],[-81.644,31.786],[-81.688,31.81],[-81.766,31.874],[-81.744,31.936],[-81.748,31.968],[-81.794,31.978],[-81.824,32.014],[-81.762,32.048]]]}},{"type":"Feature","id":"26013","properties":{"n":"Baraga","f":"26013"},"geometry":{"type":"Polygon","coordinates":[[[-88.45,46.938],[-88.486,46.832],[-88.464,46.786],[-88.496,46.756],[-88.456,46.76],[-88.384,46.834],[-88.374,46.872],[-88.348,46.86],[-88.244,46.93],[-88.144,46.966],[-88.188,46.92],[-88.23,46.898],[-88.284,46.832],[-88.176,46.904],[-88.084,46.92],[-88.044,46.912],[-88.044,46.766],[-87.99,46.766],[-87.99,46.68],[-88.116,46.678],[-88.116,46.42],[-88.68,46.42],[-88.68,46.852],[-88.554,46.852],[-88.554,46.938],[-88.45,46.938]]]}},{"type":"Feature","id":"32017","properties":{"n":"Lincoln","f":"32017"},"geometry":{"type":"Polygon","coordinates":[[[-115,38.678],[-114.048,38.678],[-114.052,38.572],[-114.048,38.15],[-114.052,38],[-114.048,37.766],[-114.052,37.604],[-114.052,37],[-114.052,36.844],[-114.762,36.844],[-114.762,36.854],[-115.742,36.852],[-115.742,36.842],[-115.896,36.842],[-115.894,36.862],[-115.894,38.05],[-115,38.052],[-115,38.678]]]}},{"type":"Feature","id":"34011","properties":{"n":"Cumberland","f":"34011"},"geometry":{"type":"Polygon","coordinates":[[[-75.062,39.57],[-74.986,39.514],[-74.856,39.424],[-74.86,39.324],[-74.882,39.308],[-74.896,39.234],[-74.922,39.224],[-74.914,39.178],[-75.026,39.194],[-75.048,39.216],[-75.112,39.212],[-75.136,39.182],[-75.17,39.202],[-75.176,39.242],[-75.24,39.274],[-75.252,39.3],[-75.288,39.29],[-75.342,39.348],[-75.366,39.342],[-75.406,39.382],[-75.414,39.454],[-75.366,39.456],[-75.238,39.558],[-75.082,39.458],[-75.076,39.544],[-75.062,39.57]]]}},{"type":"Feature","id":"36061","properties":{"n":"New York","f":"36061"},"geometry":{"type":"Polygon","coordinates":[[[-74.046,40.69],[-74.024,40.71],[-74.01,40.764],[-73.984,40.8],[-73.934,40.882],[-73.906,40.874],[-73.934,40.836],[-73.912,40.796],[-73.964,40.736],[-73.974,40.71],[-74.02,40.68],[-74.046,40.69]]]}},{"type":"Feature","id":"36089","properties":{"n":"St. Lawrence","f":"36089"},"geometry":{"type":"Polygon","coordinates":[[[-74.728,44.994],[-74.72,44.952],[-74.642,44.952],[-74.624,44.816],[-74.526,44.172],[-74.544,44.17],[-74.534,44.098],[-74.854,44.07],[-75.062,44.05],[-75.17,44.098],[-75.446,44.218],[-75.862,44.402],[-75.822,44.432],[-75.808,44.472],[-75.764,44.516],[-75.618,44.62],[-75.506,44.706],[-75.306,44.826],[-75.31,44.836],[-75.064,44.93],[-74.972,44.984],[-74.908,44.984],[-74.828,45.016],[-74.728,44.994]]]}},{"type":"Feature","id":"19057","properties":{"n":"Des Moines","f":"19057"},"geometry":{"type":"Polygon","coordinates":[[[-91.372,41.074],[-90.948,41.072],[-90.948,41.07],[-90.944,41.012],[-90.966,40.922],[-91.006,40.904],[-91.056,40.848],[-91.092,40.826],[-91.112,40.696],[-91.282,40.752],[-91.292,40.772],[-91.41,40.812],[-91.372,40.812],[-91.372,41.074]]]}},{"type":"Feature","id":"30085","properties":{"n":"Roosevelt","f":"30085"},"geometry":{"type":"Polygon","coordinates":[[[-105.804,48.564],[-104.974,48.564],[-104.76,48.564],[-104.76,48.476],[-104.626,48.476],[-104.626,48.39],[-104.048,48.39],[-104.044,48.374],[-104.044,47.996],[-104.098,48],[-104.096,48.026],[-104.134,48.056],[-104.166,48.036],[-104.246,48.03],[-104.29,48.05],[-104.35,48.046],[-104.36,48.068],[-104.444,48.096],[-104.462,48.12],[-104.512,48.11],[-104.544,48.126],[-104.584,48.108],[-104.612,48.142],[-104.626,48.112],[-104.68,48.102],[-104.76,48.126],[-104.824,48.12],[-104.882,48.15],[-104.924,48.136],[-104.946,48.094],[-104.986,48.102],[-105.042,48.054],[-105.058,48.078],[-105.172,48.082],[-105.194,48.066],[-105.23,48.09],[-105.32,48.078],[-105.33,48.092],[-105.452,48.09],[-105.502,48.098],[-105.53,48.068],[-105.566,48.084],[-105.65,48.078],[-105.642,48.052],[-105.696,48.054],[-105.75,48.026],[-105.844,48.01],[-105.844,48.218],[-105.804,48.218],[-105.804,48.564]]]}},{"type":"Feature","id":"45007","properties":{"n":"Anderson","f":"45007"},"geometry":{"type":"Polygon","coordinates":[[[-82.994,34.48],[-82.854,34.608],[-82.846,34.62],[-82.84,34.624],[-82.79,34.672],[-82.488,34.82],[-82.452,34.776],[-82.466,34.706],[-82.456,34.626],[-82.426,34.596],[-82.416,34.554],[-82.316,34.484],[-82.39,34.432],[-82.742,34.208],[-82.742,34.252],[-82.774,34.288],[-82.792,34.34],[-82.836,34.366],[-82.846,34.42],[-82.876,34.476],[-82.904,34.486],[-82.994,34.48]]]}},{"type":"Feature","id":"34019","properties":{"n":"Hunterdon","f":"34019"},"geometry":{"type":"Polygon","coordinates":[[[-75.19,40.592],[-75.148,40.628],[-75.108,40.64],[-75.018,40.694],[-74.968,40.71],[-74.89,40.788],[-74.824,40.742],[-74.724,40.72],[-74.728,40.632],[-74.702,40.622],[-74.714,40.584],[-74.774,40.504],[-74.8,40.516],[-74.75,40.424],[-74.81,40.416],[-74.802,40.386],[-74.872,40.378],[-74.856,40.346],[-74.942,40.342],[-74.968,40.4],[-75.058,40.416],[-75.072,40.454],[-75.064,40.536],[-75.1,40.568],[-75.162,40.564],[-75.19,40.592]]]}},{"type":"Feature","id":"51089","properties":{"n":"Henry","f":"51089"},"geometry":{"type":"Polygon","coordinates":[[[-80.04,36.794],[-80.018,36.782],[-80,36.83],[-79.802,36.792],[-79.76,36.788],[-79.742,36.808],[-79.67,36.828],[-79.642,36.856],[-79.714,36.542],[-80.028,36.542],[-80.054,36.542],[-80.058,36.656],[-80.094,36.724],[-80.094,36.78],[-80.04,36.794]],[[-79.904,36.684],[-79.86,36.65],[-79.832,36.646],[-79.838,36.704],[-79.882,36.712],[-79.904,36.684]]]}},{"type":"Feature","id":"51650","properties":{"n":"Hampton","f":"51650"},"geometry":{"type":"Polygon","coordinates":[[[-76.436,37.094],[-76.396,37.108],[-76.304,37.104],[-76.288,37.118],[-76.27,37.084],[-76.304,37.002],[-76.318,37.014],[-76.39,36.99],[-76.45,37.038],[-76.436,37.094]]]}},{"type":"Feature","id":"30071","properties":{"n":"Phillips","f":"30071"},"geometry":{"type":"Polygon","coordinates":[[[-108.238,49],[-107.44,48.998],[-107.178,49],[-107.178,48.914],[-107.208,48.914],[-107.208,48.568],[-107.192,48.51],[-107.25,48.518],[-107.258,48.48],[-107.3,48.48],[-107.3,48.394],[-107.26,48.394],[-107.26,48.304],[-107.368,48.304],[-107.368,48.218],[-107.404,48.218],[-107.404,47.87],[-107.416,47.87],[-107.416,47.692],[-107.44,47.626],[-107.498,47.624],[-107.52,47.642],[-107.61,47.648],[-107.616,47.632],[-107.696,47.63],[-107.732,47.572],[-107.764,47.548],[-107.818,47.546],[-107.864,47.514],[-107.864,47.456],[-107.91,47.45],[-107.9,47.51],[-107.928,47.568],[-107.976,47.586],[-108.064,47.598],[-108.18,47.58],[-108.202,47.59],[-108.312,47.584],[-108.334,47.568],[-108.388,47.592],[-108.428,47.588],[-108.442,47.616],[-108.51,47.602],[-108.524,47.622],[-108.572,47.61],[-108.61,47.624],[-108.672,47.62],[-108.728,47.65],[-108.772,47.646],[-108.782,47.682],[-108.822,47.71],[-108.89,47.734],[-108.886,47.922],[-108.624,47.92],[-108.606,47.992],[-108.572,47.98],[-108.434,47.976],[-108.434,48.22],[-108.41,48.22],[-108.41,48.448],[-108.344,48.422],[-108.344,48.568],[-108.32,48.568],[-108.32,48.742],[-108.258,48.742],[-108.258,48.914],[-108.238,48.914],[-108.238,49]]]}},{"type":"Feature","id":"13161","properties":{"n":"Jeff Davis","f":"13161"},"geometry":{"type":"Polygon","coordinates":[[[-82.836,31.816],[-82.718,31.886],[-82.682,31.92],[-82.646,31.92],[-82.546,31.958],[-82.492,31.948],[-82.484,31.968],[-82.43,31.966],[-82.43,31.838],[-82.52,31.838],[-82.52,31.71],[-82.52,31.672],[-82.628,31.672],[-82.836,31.672],[-82.836,31.816]]]}},{"type":"Feature","id":"01063","properties":{"n":"Greene","f":"01063"},"geometry":{"type":"Polygon","coordinates":[[[-88.174,32.996],[-88.148,33.038],[-88.044,33.032],[-88.026,33.064],[-87.968,33.078],[-87.932,33.114],[-87.84,33.154],[-87.832,33.018],[-87.71,33.018],[-87.718,33.006],[-87.738,32.938],[-87.774,32.928],[-87.76,32.908],[-87.804,32.898],[-87.832,32.84],[-87.822,32.794],[-87.872,32.762],[-87.806,32.752],[-87.832,32.712],[-87.796,32.716],[-87.79,32.654],[-87.742,32.652],[-87.754,32.634],[-87.814,32.634],[-87.8,32.61],[-87.75,32.612],[-87.736,32.588],[-87.79,32.582],[-87.814,32.524],[-87.854,32.532],[-87.896,32.592],[-87.86,32.59],[-87.858,32.62],[-87.904,32.614],[-87.93,32.632],[-87.976,32.61],[-88.054,32.592],[-88.08,32.62],[-88.058,32.644],[-88.054,32.696],[-88.08,32.684],[-88.116,32.7],[-88.086,32.71],[-88.108,32.772],[-88.076,32.774],[-88.072,32.804],[-88.104,32.798],[-88.134,32.834],[-88.176,32.828],[-88.156,32.852],[-88.18,32.872],[-88.208,32.926],[-88.176,32.932],[-88.174,32.996]]]}},{"type":"Feature","id":"51091","properties":{"n":"Highland","f":"51091"},"geometry":{"type":"Polygon","coordinates":[[[-79.648,38.592],[-79.538,38.552],[-79.476,38.458],[-79.312,38.412],[-79.326,38.38],[-79.408,38.278],[-79.408,38.242],[-79.436,38.216],[-79.48,38.216],[-79.512,38.18],[-79.562,38.198],[-79.706,38.222],[-79.796,38.266],[-79.81,38.306],[-79.732,38.38],[-79.688,38.432],[-79.698,38.488],[-79.648,38.592]]]}},{"type":"Feature","id":"51101","properties":{"n":"King William","f":"51101"},"geometry":{"type":"Polygon","coordinates":[[[-77.344,37.79],[-77.248,37.876],[-77.24,37.91],[-77.182,37.892],[-77.15,37.882],[-77.104,37.786],[-77.074,37.774],[-77.032,37.722],[-76.918,37.694],[-76.906,37.656],[-76.882,37.656],[-76.778,37.554],[-76.792,37.518],[-76.816,37.55],[-76.878,37.532],[-76.852,37.572],[-76.942,37.56],[-76.968,37.586],[-76.982,37.566],[-77.09,37.618],[-77.126,37.626],[-77.11,37.662],[-77.186,37.658],[-77.182,37.684],[-77.24,37.686],[-77.23,37.714],[-77.294,37.714],[-77.294,37.74],[-77.344,37.79]]]}},{"type":"Feature","id":"55007","properties":{"n":"Bayfield","f":"55007"},"geometry":{"type":"MultiPolygon","coordinates":[[[[-90.984,46.986],[-90.93,47],[-90.934,46.962],[-90.984,46.986]]],[[[-91.55,46.756],[-91.512,46.758],[-91.338,46.818],[-91.25,46.842],[-91.228,46.864],[-91.166,46.844],[-91.142,46.872],[-91.052,46.882],[-90.972,46.942],[-90.922,46.932],[-90.872,46.962],[-90.836,46.958],[-90.75,46.888],[-90.8,46.822],[-90.886,46.756],[-90.854,46.694],[-90.912,46.664],[-90.952,46.598],[-90.926,46.586],[-90.926,46.154],[-91.238,46.158],[-91.55,46.158],[-91.55,46.756]]]]}},{"type":"Feature","id":"55123","properties":{"n":"Vernon","f":"55123"},"geometry":{"type":"Polygon","coordinates":[[[-91.256,43.726],[-90.912,43.726],[-90.434,43.726],[-90.312,43.732],[-90.312,43.642],[-90.312,43.554],[-90.672,43.552],[-90.668,43.422],[-91.206,43.422],[-91.234,43.456],[-91.216,43.5],[-91.246,43.546],[-91.232,43.584],[-91.268,43.616],[-91.274,43.676],[-91.256,43.726]]]}},{"type":"Feature","id":"31011","properties":{"n":"Boone","f":"31011"},"geometry":{"type":"Polygon","coordinates":[[[-98.294,41.916],[-97.832,41.916],[-97.832,41.742],[-97.828,41.526],[-97.886,41.512],[-98.04,41.51],[-98.04,41.496],[-98.102,41.496],[-98.102,41.48],[-98.292,41.48],[-98.292,41.738],[-98.294,41.74],[-98.294,41.916]]]}},{"type":"Feature","id":"20043","properties":{"n":"Doniphan","f":"20043"},"geometry":{"type":"Polygon","coordinates":[[[-95.34,40],[-95.308,40],[-95.252,39.948],[-95.204,39.94],[-95.2,39.902],[-95.154,39.908],[-95.136,39.876],[-95.044,39.864],[-94.992,39.898],[-94.928,39.888],[-94.942,39.864],[-94.878,39.82],[-94.882,39.798],[-94.924,39.79],[-94.914,39.758],[-94.87,39.772],[-94.874,39.73],[-94.91,39.726],[-94.956,39.746],[-94.974,39.682],[-95.028,39.666],[-95.054,39.616],[-95.096,39.62],[-95.114,39.652],[-95.34,39.654],[-95.34,40]]]}},{"type":"Feature","id":"31163","properties":{"n":"Sherman","f":"31163"},"geometry":{"type":"Polygon","coordinates":[[[-99.202,41.394],[-98.75,41.394],[-98.744,41.394],[-98.748,41.046],[-99.206,41.046],[-99.202,41.394]]]}},{"type":"Feature","id":"32021","properties":{"n":"Mineral","f":"32021"},"geometry":{"type":"Polygon","coordinates":[[[-119.156,38.414],[-118.908,38.414],[-118.908,38.764],[-118.902,38.852],[-119.016,38.85],[-119.016,38.944],[-118.93,39.072],[-118.754,39.074],[-117.864,39.074],[-118.198,39],[-118.198,38.918],[-117.692,38.474],[-118.352,37.894],[-118.428,37.896],[-118.858,38.204],[-119.084,38.362],[-119.156,38.414]]]}},{"type":"Feature","id":"48057","properties":{"n":"Calhoun","f":"48057"},"geometry":{"type":"MultiPolygon","coordinates":[[[[-96.808,28.218],[-96.798,28.272],[-96.788,28.25],[-96.808,28.218]]],[[[-96.644,28.712],[-96.586,28.726],[-96.58,28.706],[-96.428,28.704],[-96.4,28.73],[-96.404,28.674],[-96.324,28.676],[-96.324,28.642],[-96.378,28.39],[-96.442,28.318],[-96.634,28.222],[-96.72,28.164],[-96.852,28.06],[-96.824,28.14],[-96.82,28.168],[-96.79,28.19],[-96.734,28.19],[-96.608,28.282],[-96.526,28.324],[-96.44,28.342],[-96.454,28.38],[-96.422,28.404],[-96.454,28.418],[-96.512,28.384],[-96.582,28.354],[-96.622,28.318],[-96.684,28.314],[-96.704,28.348],[-96.704,28.4],[-96.766,28.41],[-96.79,28.446],[-96.812,28.43],[-96.848,28.476],[-96.892,28.506],[-96.902,28.568],[-96.93,28.586],[-96.852,28.634],[-96.722,28.67],[-96.644,28.712]]]]}},{"type":"Feature","id":"01019","properties":{"n":"Cherokee","f":"01019"},"geometry":{"type":"Polygon","coordinates":[[[-85.514,34.524],[-85.464,34.286],[-85.42,34.08],[-85.398,33.964],[-85.496,33.956],[-85.532,33.942],[-85.528,33.956],[-85.74,33.968],[-85.736,33.99],[-85.796,34.1],[-85.79,34.126],[-85.84,34.11],[-85.844,34.2],[-85.844,34.244],[-85.808,34.24],[-85.674,34.344],[-85.636,34.366],[-85.578,34.44],[-85.578,34.484],[-85.514,34.524]]]}},{"type":"Feature","id":"30111","properties":{"n":"Yellowstone","f":"30111"},"geometry":{"type":"Polygon","coordinates":[[[-108.922,46.132],[-108.78,46.132],[-108.406,46.134],[-108.406,46.236],[-108.362,46.236],[-108.32,46.264],[-108.03,46.264],[-108.03,46.308],[-107.928,46.396],[-107.782,46.396],[-107.782,46.496],[-107.738,46.482],[-107.696,46.41],[-107.656,46.396],[-107.656,46.366],[-107.612,46.352],[-107.612,46.308],[-107.57,46.294],[-107.57,46.264],[-107.53,46.25],[-107.508,46.192],[-107.466,46.178],[-107.472,46.108],[-107.512,46.044],[-107.674,46.044],[-107.674,45.986],[-107.8,45.986],[-107.8,45.958],[-107.838,45.958],[-107.838,45.928],[-107.882,45.928],[-107.882,45.9],[-108.048,45.9],[-108.048,45.784],[-108.068,45.784],[-108.068,45.518],[-108.194,45.518],[-108.194,45.49],[-108.316,45.49],[-108.316,45.46],[-108.646,45.464],[-108.696,45.464],[-108.7,45.522],[-108.762,45.524],[-108.762,45.552],[-108.8,45.552],[-108.782,45.638],[-108.844,45.61],[-108.884,45.682],[-108.904,45.682],[-108.902,45.96],[-108.922,45.96],[-108.922,46.132]]]}},{"type":"Feature","id":"31079","properties":{"n":"Hall","f":"31079"},"geometry":{"type":"Polygon","coordinates":[[[-98.722,41.046],[-98.288,41.046],[-98.284,40.868],[-98.284,40.698],[-98.722,40.698],[-98.722,41.046]]]}},{"type":"Feature","id":"31017","properties":{"n":"Brown","f":"31017"},"geometry":{"type":"Polygon","coordinates":[[[-100.198,42.846],[-100.132,42.808],[-100.058,42.786],[-100.006,42.788],[-99.968,42.772],[-99.864,42.77],[-99.856,42.752],[-99.712,42.726],[-99.676,42.732],[-99.676,42.434],[-99.662,42.434],[-99.662,42.086],[-99.688,42.086],[-100.168,42.086],[-100.168,42.434],[-100.182,42.434],[-100.182,42.782],[-100.198,42.782],[-100.198,42.846]]]}},{"type":"Feature","id":"37067","properties":{"n":"Forsyth","f":"37067"},"geometry":{"type":"Polygon","coordinates":[[[-80.452,36.242],[-80.452,36.262],[-80.036,36.258],[-80.044,36.01],[-80.152,36.028],[-80.212,36.028],[-80.216,35.998],[-80.33,35.996],[-80.396,35.974],[-80.416,36.016],[-80.464,36.062],[-80.496,36.046],[-80.518,36.094],[-80.438,36.138],[-80.452,36.242]]]}},{"type":"Feature","id":"37191","properties":{"n":"Wayne","f":"37191"},"geometry":{"type":"Polygon","coordinates":[[[-78.066,35.586],[-78.058,35.598],[-77.998,35.586],[-77.822,35.586],[-77.826,35.424],[-77.804,35.404],[-77.808,35.37],[-77.826,35.344],[-77.836,35.178],[-77.894,35.146],[-77.93,35.174],[-77.972,35.166],[-77.984,35.184],[-78.044,35.192],[-78.076,35.174],[-78.162,35.19],[-78.162,35.204],[-78.246,35.226],[-78.306,35.288],[-78.288,35.316],[-78.242,35.32],[-78.216,35.342],[-78.152,35.352],[-78.156,35.418],[-78.066,35.586]]]}},{"type":"Feature","id":"37017","properties":{"n":"Bladen","f":"37017"},"geometry":{"type":"Polygon","coordinates":[[[-78.902,34.836],[-78.798,34.852],[-78.532,34.852],[-78.496,34.856],[-78.45,34.814],[-78.392,34.73],[-78.346,34.69],[-78.314,34.644],[-78.306,34.602],[-78.266,34.584],[-78.256,34.554],[-78.274,34.538],[-78.256,34.508],[-78.176,34.466],[-78.256,34.4],[-78.334,34.368],[-78.446,34.378],[-78.668,34.47],[-78.826,34.462],[-78.87,34.486],[-78.848,34.5],[-78.862,34.564],[-78.844,34.578],[-78.806,34.69],[-78.856,34.736],[-78.902,34.836]]]}},{"type":"Feature","id":"30059","properties":{"n":"Meagher","f":"30059"},"geometry":{"type":"Polygon","coordinates":[[[-111.658,46.914],[-111.54,46.914],[-111.54,47],[-111.284,47],[-111.284,47.012],[-111.158,47.012],[-111.158,47.088],[-111.08,47.088],[-111.076,47.046],[-111.106,47.03],[-111.072,47.006],[-110.998,47.006],[-110.912,46.98],[-110.858,46.922],[-110.764,46.882],[-110.754,46.844],[-110.696,46.846],[-110.652,46.824],[-110.62,46.772],[-110.564,46.772],[-110.564,46.738],[-110.484,46.702],[-110.466,46.678],[-110.376,46.694],[-110.33,46.674],[-110.272,46.71],[-110.272,46.49],[-110.284,46.49],[-110.284,46.22],[-110.284,46.184],[-110.408,46.184],[-110.408,46.192],[-110.782,46.192],[-111.062,46.192],[-111.08,46.25],[-111.126,46.276],[-111.12,46.312],[-111.072,46.348],[-111.062,46.408],[-111.166,46.448],[-111.184,46.432],[-111.248,46.44],[-111.256,46.498],[-111.332,46.536],[-111.324,46.616],[-111.338,46.636],[-111.406,46.64],[-111.414,46.67],[-111.45,46.682],[-111.456,46.746],[-111.496,46.762],[-111.496,46.79],[-111.6,46.808],[-111.648,46.844],[-111.608,46.892],[-111.658,46.914]]]}},{"type":"Feature","id":"21203","properties":{"n":"Rockcastle","f":"21203"},"geometry":{"type":"Polygon","coordinates":[[[-84.448,37.486],[-84.376,37.472],[-84.346,37.54],[-84.304,37.538],[-84.268,37.516],[-84.2,37.522],[-84.204,37.486],[-84.16,37.418],[-84.172,37.386],[-84.128,37.358],[-84.138,37.32],[-84.15,37.302],[-84.218,37.28],[-84.218,37.242],[-84.254,37.24],[-84.3,37.17],[-84.29,37.152],[-84.502,37.328],[-84.448,37.486]]]}},{"type":"Feature","id":"45047","properties":{"n":"Greenwood","f":"45047"},"geometry":{"type":"Polygon","coordinates":[[[-82.248,34.41],[-82.178,34.358],[-82.168,34.33],[-82.122,34.304],[-82.082,34.3],[-82.006,34.242],[-81.978,34.238],[-81.946,34.204],[-81.87,34.136],[-81.928,34.078],[-81.946,34.04],[-81.988,33.998],[-82.006,33.962],[-82.046,33.954],[-82.046,33.984],[-82.15,33.986],[-82.2,33.978],[-82.236,34.014],[-82.304,33.972],[-82.326,34.064],[-82.268,34.108],[-82.24,34.164],[-82.248,34.22],[-82.308,34.278],[-82.312,34.32],[-82.334,34.342],[-82.248,34.41]]]}},{"type":"Feature","id":"21091","properties":{"n":"Hancock","f":"21091"},"geometry":{"type":"Polygon","coordinates":[[[-86.978,37.93],[-86.906,37.942],[-86.856,37.988],[-86.816,37.998],[-86.794,37.99],[-86.752,37.912],[-86.716,37.894],[-86.68,37.916],[-86.644,37.906],[-86.654,37.842],[-86.676,37.792],[-86.622,37.656],[-86.64,37.662],[-86.824,37.738],[-86.816,37.792],[-86.856,37.84],[-86.914,37.838],[-86.896,37.882],[-86.932,37.91],[-86.988,37.898],[-86.978,37.93]]]}},{"type":"Feature","id":"21045","properties":{"n":"Casey","f":"21045"},"geometry":{"type":"Polygon","coordinates":[[[-85.076,37.414],[-85.044,37.412],[-85.04,37.546],[-85.004,37.534],[-84.9,37.532],[-84.846,37.548],[-84.86,37.466],[-84.85,37.428],[-84.796,37.39],[-84.724,37.36],[-84.706,37.3],[-84.724,37.286],[-84.72,37.238],[-84.9,37.116],[-84.954,37.102],[-85.044,37.186],[-85.058,37.258],[-85.166,37.31],[-85.13,37.384],[-85.076,37.414]]]}},{"type":"Feature","id":"21113","properties":{"n":"Jessamine","f":"21113"},"geometry":{"type":"Polygon","coordinates":[[[-84.71,37.862],[-84.66,38.004],[-84.59,37.986],[-84.48,37.94],[-84.45,37.91],[-84.436,37.848],[-84.486,37.84],[-84.462,37.804],[-84.526,37.77],[-84.57,37.728],[-84.644,37.788],[-84.616,37.804],[-84.678,37.826],[-84.716,37.816],[-84.71,37.862]]]}},{"type":"Feature","id":"37149","properties":{"n":"Polk","f":"37149"},"geometry":{"type":"Polygon","coordinates":[[[-82.262,35.394],[-82.128,35.396],[-82.056,35.338],[-81.996,35.27],[-81.968,35.258],[-81.97,35.188],[-82.214,35.196],[-82.354,35.192],[-82.348,35.28],[-82.262,35.394]]]}},{"type":"Feature","id":"37121","properties":{"n":"Mitchell","f":"37121"},"geometry":{"type":"Polygon","coordinates":[[[-82.222,36.156],[-82.146,36.15],[-82.132,36.106],[-82.082,36.106],[-82.038,36.008],[-82.06,35.986],[-82.036,35.942],[-81.982,35.912],[-81.982,35.886],[-82.014,35.886],[-82.05,35.854],[-82.1,35.852],[-82.132,35.824],[-82.144,35.908],[-82.196,35.952],[-82.196,36.016],[-82.272,36.004],[-82.302,36.046],[-82.336,36.03],[-82.352,36.084],[-82.416,36.072],[-82.352,36.118],[-82.29,36.136],[-82.248,36.132],[-82.222,36.156]]]}},{"type":"Feature","id":"37053","properties":{"n":"Currituck","f":"37053"},"geometry":{"type":"Polygon","coordinates":[[[-76.314,36.55],[-76.124,36.55],[-75.866,36.55],[-75.858,36.5],[-75.798,36.29],[-75.772,36.232],[-75.794,36.228],[-75.816,36.286],[-75.844,36.306],[-75.834,36.34],[-75.852,36.416],[-75.886,36.442],[-75.902,36.482],[-75.992,36.494],[-75.994,36.528],[-76.042,36.51],[-76.02,36.458],[-75.962,36.418],[-75.922,36.426],[-75.922,36.368],[-75.868,36.252],[-75.836,36.2],[-75.84,36.178],[-75.8,36.114],[-75.8,36.072],[-75.868,36.128],[-75.866,36.16],[-75.912,36.212],[-75.922,36.244],[-75.958,36.256],[-75.948,36.284],[-75.994,36.308],[-76.016,36.344],[-76.052,36.36],[-76.114,36.358],[-76.156,36.398],[-76.16,36.424],[-76.314,36.55]]]}},{"type":"Feature","id":"51121","properties":{"n":"Montgomery","f":"51121"},"geometry":{"type":"MultiPolygon","coordinates":[[[[-80.52,37.132],[-80.52,37.132],[-80.52,37.132],[-80.52,37.132]]],[[[-80.606,37.244],[-80.478,37.284],[-80.43,37.316],[-80.324,37.37],[-80.262,37.342],[-80.258,37.308],[-80.19,37.234],[-80.18,37.114],[-80.284,37.078],[-80.348,37.022],[-80.414,37.004],[-80.434,37.016],[-80.47,36.994],[-80.518,37.01],[-80.542,36.986],[-80.568,37.048],[-80.542,37.048],[-80.582,37.09],[-80.532,37.134],[-80.564,37.174],[-80.528,37.206],[-80.588,37.184],[-80.614,37.21],[-80.606,37.244]]]]}},{"type":"Feature","id":"51760","properties":{"n":"Richmond","f":"51760"},"geometry":{"type":"Polygon","coordinates":[[[-77.596,37.556],[-77.53,37.558],[-77.542,37.582],[-77.474,37.578],[-77.438,37.598],[-77.394,37.55],[-77.394,37.504],[-77.416,37.516],[-77.42,37.448],[-77.506,37.468],[-77.528,37.532],[-77.596,37.534],[-77.596,37.556]]]}},{"type":"Feature","id":"53021","properties":{"n":"Franklin","f":"53021"},"geometry":{"type":"Polygon","coordinates":[[[-119.454,46.68],[-119.368,46.678],[-119.368,46.738],[-118.446,46.738],[-118.212,46.738],[-118.248,46.734],[-118.22,46.68],[-118.23,46.658],[-118.202,46.624],[-118.216,46.59],[-118.23,46.594],[-118.306,46.606],[-118.392,46.58],[-118.47,46.598],[-118.55,46.556],[-118.614,46.504],[-118.636,46.414],[-118.704,46.36],[-118.746,46.36],[-118.768,46.298],[-118.83,46.282],[-118.866,46.252],[-118.972,46.238],[-119.042,46.192],[-119.124,46.224],[-119.202,46.236],[-119.268,46.284],[-119.25,46.316],[-119.27,46.37],[-119.26,46.436],[-119.27,46.518],[-119.404,46.614],[-119.414,46.652],[-119.454,46.68]]]}},{"type":"Feature","id":"48139","properties":{"n":"Ellis","f":"48139"},"geometry":{"type":"Polygon","coordinates":[[[-97.086,32.55],[-97.038,32.548],[-96.528,32.546],[-96.504,32.528],[-96.512,32.482],[-96.476,32.434],[-96.436,32.412],[-96.454,32.358],[-96.382,32.328],[-96.396,32.324],[-96.896,32.074],[-96.942,32.052],[-97.086,32.266],[-97.086,32.55]]]}},{"type":"Feature","id":"48077","properties":{"n":"Clay","f":"48077"},"geometry":{"type":"Polygon","coordinates":[[[-98.424,34.084],[-98.364,34.156],[-98.294,34.132],[-98.242,34.132],[-98.17,34.114],[-98.14,34.142],[-98.108,34.154],[-98.094,34.112],[-98.122,34.082],[-98.086,34.004],[-98.018,33.994],[-97.972,34.006],[-97.946,33.988],[-97.972,33.938],[-97.954,33.938],[-97.98,33.89],[-97.98,33.468],[-98.42,33.468],[-98.424,33.836],[-98.424,34.084]]]}},{"type":"Feature","id":"51009","properties":{"n":"Amherst","f":"51009"},"geometry":{"type":"Polygon","coordinates":[[[-79.436,37.618],[-79.348,37.66],[-79.264,37.796],[-79.232,37.814],[-79.21,37.79],[-79.172,37.802],[-79.138,37.814],[-79.11,37.784],[-79.07,37.778],[-79.068,37.72],[-78.984,37.696],[-78.898,37.544],[-78.87,37.542],[-78.894,37.514],[-78.978,37.468],[-79.02,37.43],[-79.07,37.422],[-79.086,37.394],[-79.12,37.398],[-79.186,37.466],[-79.224,37.506],[-79.296,37.502],[-79.336,37.516],[-79.368,37.552],[-79.38,37.59],[-79.436,37.618]]]}},{"type":"Feature","id":"08079","properties":{"n":"Mineral","f":"08079"},"geometry":{"type":"Polygon","coordinates":[[[-106.998,37.956],[-106.966,37.974],[-106.946,37.954],[-106.88,37.96],[-106.848,37.918],[-106.802,37.914],[-106.772,37.886],[-106.694,37.874],[-106.694,37.836],[-106.694,37.664],[-106.712,37.664],[-106.712,37.404],[-106.712,37.396],[-107.128,37.392],[-107.128,37.424],[-107.124,37.674],[-107.146,37.676],[-107.138,37.938],[-107.068,37.96],[-106.998,37.956]]]}},{"type":"Feature","id":"13107","properties":{"n":"Emanuel","f":"13107"},"geometry":{"type":"Polygon","coordinates":[[[-82.434,32.762],[-82.398,32.778],[-82.42,32.81],[-82.362,32.816],[-82.316,32.836],[-82.214,32.804],[-82.146,32.812],[-82.082,32.664],[-82,32.608],[-82.032,32.538],[-82.078,32.56],[-82.146,32.52],[-82.182,32.474],[-82.186,32.434],[-82.254,32.352],[-82.232,32.318],[-82.28,32.294],[-82.354,32.292],[-82.354,32.314],[-82.408,32.354],[-82.384,32.44],[-82.488,32.492],[-82.65,32.512],[-82.564,32.532],[-82.596,32.578],[-82.462,32.648],[-82.498,32.684],[-82.452,32.718],[-82.434,32.762]]]}},{"type":"Feature","id":"19169","properties":{"n":"Story","f":"19169"},"geometry":{"type":"Polygon","coordinates":[[[-93.698,42.208],[-93.464,42.208],[-93.23,42.208],[-93.23,41.862],[-93.348,41.862],[-93.698,41.864],[-93.698,42.208]]]}},{"type":"Feature","id":"19149","properties":{"n":"Plymouth","f":"19149"},"geometry":{"type":"Polygon","coordinates":[[[-96.536,42.91],[-95.858,42.91],[-95.862,42.56],[-96.5,42.562],[-96.514,42.63],[-96.576,42.682],[-96.63,42.706],[-96.634,42.77],[-96.594,42.794],[-96.582,42.838],[-96.544,42.852],[-96.536,42.91]]]}},{"type":"Feature","id":"20173","properties":{"n":"Sedgwick","f":"20173"},"geometry":{"type":"Polygon","coordinates":[[[-97.806,37.734],[-97.7,37.734],[-97.702,37.912],[-97.688,37.912],[-97.154,37.912],[-97.154,37.476],[-97.35,37.478],[-97.806,37.474],[-97.806,37.734]]]}},{"type":"Feature","id":"21103","properties":{"n":"Henry","f":"21103"},"geometry":{"type":"Polygon","coordinates":[[[-85.312,38.492],[-85.28,38.496],[-85.168,38.586],[-85.076,38.596],[-85.004,38.552],[-85.028,38.51],[-84.978,38.514],[-84.99,38.488],[-84.958,38.474],[-84.964,38.438],[-84.882,38.416],[-84.896,38.374],[-84.87,38.356],[-84.906,38.374],[-84.996,38.336],[-85.284,38.358],[-85.326,38.404],[-85.344,38.46],[-85.312,38.492]]]}},{"type":"Feature","id":"01033","properties":{"n":"Colbert","f":"01033"},"geometry":{"type":"Polygon","coordinates":[[[-88.098,34.892],[-88.04,34.906],[-87.95,34.868],[-87.922,34.804],[-87.836,34.742],[-87.806,34.732],[-87.732,34.746],[-87.706,34.772],[-87.614,34.798],[-87.584,34.82],[-87.524,34.832],[-87.426,34.8],[-87.416,34.768],[-87.426,34.71],[-87.452,34.696],[-87.444,34.662],[-87.498,34.626],[-87.53,34.566],[-88.14,34.582],[-88.098,34.892]]]}},{"type":"Feature","id":"04019","properties":{"n":"Pima","f":"04019"},"geometry":{"type":"Polygon","coordinates":[[[-113.334,32.506],[-113.108,32.506],[-112.204,32.506],[-111.568,32.506],[-111.352,32.502],[-111.158,32.502],[-111.158,32.512],[-110.858,32.512],[-110.846,32.514],[-110.452,32.514],[-110.452,32.428],[-110.448,32.25],[-110.452,31.732],[-110.854,31.732],[-110.854,31.726],[-111.162,31.726],[-111.162,31.522],[-111.368,31.522],[-111.368,31.426],[-112.364,31.742],[-113.126,31.972],[-113.334,32.038],[-113.334,32.506]]]}},{"type":"Feature","id":"04011","properties":{"n":"Greenlee","f":"04011"},"geometry":{"type":"Polygon","coordinates":[[[-109.498,33.652],[-109.48,33.692],[-109.444,33.712],[-109.354,33.724],[-109.346,33.778],[-109.048,33.778],[-109.048,33.208],[-109.048,32.778],[-109.048,32.426],[-109.114,32.426],[-109.224,32.53],[-109.21,32.584],[-109.214,32.68],[-109.246,32.742],[-109.318,32.842],[-109.332,32.844],[-109.498,33.078],[-109.498,33.652]]]}},{"type":"Feature","id":"12099","properties":{"n":"Palm Beach","f":"12099"},"geometry":{"type":"Polygon","coordinates":[[[-80.886,26.958],[-80.14,26.956],[-80.14,26.97],[-80.08,26.97],[-80.032,26.796],[-80.036,26.594],[-80.062,26.444],[-80.076,26.32],[-80.204,26.328],[-80.298,26.356],[-80.298,26.334],[-80.88,26.334],[-80.886,26.744],[-80.886,26.958]]]}},{"type":"Feature","id":"13127","properties":{"n":"Glynn","f":"13127"},"geometry":{"type":"Polygon","coordinates":[[[-81.73,31.33],[-81.69,31.4],[-81.666,31.4],[-81.622,31.452],[-81.55,31.376],[-81.436,31.314],[-81.382,31.316],[-81.27,31.294],[-81.292,31.206],[-81.34,31.188],[-81.368,31.136],[-81.4,31.134],[-81.4,31.072],[-81.414,31.026],[-81.444,31.016],[-81.486,31.034],[-81.572,31.098],[-81.558,31.122],[-81.634,31.108],[-81.688,31.122],[-81.766,31.17],[-81.766,31.202],[-81.73,31.33]]]}},{"type":"Feature","id":"19007","properties":{"n":"Appanoose","f":"19007"},"geometry":{"type":"Polygon","coordinates":[[[-93.098,40.898],[-92.638,40.898],[-92.638,40.59],[-92.714,40.59],[-93.098,40.584],[-93.098,40.898]]]}},{"type":"Feature","id":"19061","properties":{"n":"Dubuque","f":"19061"},"geometry":{"type":"Polygon","coordinates":[[[-91.134,42.646],[-90.898,42.646],[-90.898,42.676],[-90.708,42.634],[-90.642,42.54],[-90.642,42.508],[-90.642,42.468],[-90.564,42.438],[-90.556,42.416],[-90.474,42.382],[-90.664,42.382],[-90.664,42.294],[-90.898,42.294],[-91.13,42.296],[-91.134,42.646]]]}},{"type":"Feature","id":"21057","properties":{"n":"Cumberland","f":"21057"},"geometry":{"type":"Polygon","coordinates":[[[-85.452,36.938],[-85.234,36.924],[-85.276,36.898],[-85.238,36.854],[-85.216,36.854],[-85.248,36.744],[-85.294,36.626],[-85.438,36.618],[-85.496,36.69],[-85.47,36.734],[-85.518,36.732],[-85.542,36.774],[-85.588,36.778],[-85.596,36.818],[-85.574,36.838],[-85.604,36.872],[-85.56,36.852],[-85.506,36.868],[-85.474,36.894],[-85.452,36.938]]]}},{"type":"Feature","id":"26127","properties":{"n":"Oceana","f":"26127"},"geometry":{"type":"Polygon","coordinates":[[[-86.432,43.82],[-86.038,43.816],[-86.042,43.468],[-86.462,43.472],[-86.54,43.618],[-86.54,43.66],[-86.462,43.746],[-86.432,43.82]]]}},{"type":"Feature","id":"31131","properties":{"n":"Otoe","f":"31131"},"geometry":{"type":"Polygon","coordinates":[[[-96.464,40.784],[-95.832,40.784],[-95.88,40.752],[-95.886,40.722],[-95.832,40.672],[-95.786,40.658],[-95.75,40.61],[-95.764,40.586],[-95.768,40.532],[-95.71,40.524],[-96.066,40.524],[-96.464,40.522],[-96.464,40.784]]]}},{"type":"Feature","id":"20183","properties":{"n":"Smith","f":"20183"},"geometry":{"type":"Polygon","coordinates":[[[-99.066,40.002],[-98.726,40.002],[-98.504,40.002],[-98.506,39.568],[-99.046,39.568],[-99.066,39.568],[-99.066,40.002]]]}},{"type":"Feature","id":"42049","properties":{"n":"Erie","f":"42049"},"geometry":{"type":"Polygon","coordinates":[[[-80.52,41.978],[-80.348,42.03],[-80.186,42.094],[-80.154,42.114],[-80.118,42.166],[-80.072,42.168],[-80.062,42.144],[-79.932,42.206],[-79.764,42.27],[-79.764,42],[-79.612,42],[-79.612,41.85],[-79.68,41.852],[-80.204,41.85],[-80.52,41.85],[-80.52,41.978]]]}},{"type":"Feature","id":"45019","properties":{"n":"Charleston","f":"45019"},"geometry":{"type":"Polygon","coordinates":[[[-80.402,32.858],[-80.302,32.852],[-80.158,32.818],[-80.162,32.874],[-80.098,32.886],[-80.08,32.928],[-80.14,32.98],[-80.112,32.986],[-80.168,33.002],[-80.152,33.022],[-80.098,32.988],[-80.054,33],[-80.012,32.9],[-79.95,32.91],[-79.964,32.878],[-79.932,32.852],[-79.928,32.824],[-79.896,32.83],[-79.896,32.858],[-79.864,32.87],[-79.824,32.92],[-79.764,32.958],[-79.764,32.988],[-79.728,33.014],[-79.644,33.12],[-79.558,33.156],[-79.522,33.146],[-79.494,33.192],[-79.448,33.214],[-79.35,33.154],[-79.268,33.134],[-79.29,33.11],[-79.33,33.09],[-79.362,33.006],[-79.422,33.016],[-79.484,33.002],[-79.522,33.036],[-79.58,33.006],[-79.616,32.952],[-79.606,32.926],[-79.576,32.934],[-79.576,32.906],[-79.63,32.89],[-79.696,32.85],[-79.728,32.806],[-79.85,32.756],[-79.886,32.788],[-79.924,32.782],[-79.928,32.754],[-79.868,32.736],[-79.886,32.684],[-79.976,32.64],[-80,32.606],[-80.036,32.61],[-80.122,32.59],[-80.184,32.54],[-80.204,32.556],[-80.276,32.518],[-80.284,32.53],[-80.352,32.5],[-80.416,32.546],[-80.388,32.574],[-80.388,32.652],[-80.42,32.67],[-80.424,32.714],[-80.452,32.74],[-80.434,32.788],[-80.406,32.81],[-80.402,32.858]]]}},{"type":"Feature","id":"45091","properties":{"n":"York","f":"45091"},"geometry":{"type":"Polygon","coordinates":[[[-81.368,35.164],[-81.328,35.164],[-81.042,35.15],[-81.034,35.104],[-81.06,35.062],[-81.042,35.044],[-80.934,35.108],[-80.904,35.076],[-80.908,35.016],[-80.886,34.984],[-80.886,34.984],[-80.884,34.968],[-80.884,34.966],[-80.884,34.966],[-80.884,34.968],[-80.884,34.966],[-80.868,34.93],[-80.88,34.862],[-80.866,34.848],[-80.898,34.822],[-81.48,34.822],[-81.458,34.84],[-81.494,34.946],[-81.476,34.982],[-81.49,35.028],[-81.454,35.048],[-81.41,35.048],[-81.4,35.136],[-81.368,35.164]]]}},{"type":"Feature","id":"45053","properties":{"n":"Jasper","f":"45053"},"geometry":{"type":"Polygon","coordinates":[[[-81.282,32.556],[-81.016,32.754],[-80.944,32.688],[-80.958,32.642],[-80.902,32.622],[-80.868,32.66],[-80.832,32.596],[-80.84,32.522],[-80.818,32.49],[-80.848,32.428],[-80.84,32.384],[-80.876,32.346],[-80.922,32.352],[-80.934,32.3],[-81.006,32.306],[-80.99,32.268],[-81.012,32.236],[-80.994,32.196],[-80.948,32.168],[-80.94,32.138],[-80.902,32.112],[-80.908,32.078],[-80.88,32.08],[-80.904,32.052],[-80.886,32.034],[-80.92,32.038],[-80.998,32.098],[-81.038,32.084],[-81.112,32.114],[-81.13,32.166],[-81.116,32.188],[-81.146,32.226],[-81.156,32.242],[-81.12,32.284],[-81.142,32.35],[-81.156,32.346],[-81.21,32.436],[-81.196,32.466],[-81.278,32.536],[-81.282,32.556]]]}},{"type":"Feature","id":"36071","properties":{"n":"Orange","f":"36071"},"geometry":{"type":"Polygon","coordinates":[[[-74.368,41.592],[-74.264,41.632],[-74.25,41.606],[-74.128,41.582],[-74.136,41.616],[-74.052,41.58],[-73.952,41.59],[-73.998,41.52],[-73.998,41.454],[-73.982,41.44],[-73.948,41.394],[-73.982,41.324],[-74.236,41.142],[-74.368,41.204],[-74.696,41.358],[-74.756,41.424],[-74.752,41.494],[-74.476,41.504],[-74.408,41.574],[-74.368,41.592]]]}},{"type":"Feature","id":"50025","properties":{"n":"Windham","f":"50025"},"geometry":{"type":"Polygon","coordinates":[[[-72.818,43.256],[-72.686,43.222],[-72.548,43.236],[-72.434,43.232],[-72.452,43.162],[-72.434,43.084],[-72.466,43.056],[-72.444,43.01],[-72.474,42.972],[-72.52,42.964],[-72.524,42.914],[-72.556,42.852],[-72.514,42.764],[-72.492,42.772],[-72.46,42.726],[-72.93,42.74],[-72.922,42.928],[-73.008,42.93],[-72.998,43.116],[-72.868,43.114],[-72.862,43.206],[-72.846,43.262],[-72.818,43.256]]]}},{"type":"Feature","id":"01101","properties":{"n":"Montgomery","f":"01101"},"geometry":{"type":"Polygon","coordinates":[[[-86.41,32.41],[-86.4,32.426],[-86.346,32.432],[-86.31,32.412],[-86.324,32.444],[-86.264,32.502],[-86.214,32.474],[-86.192,32.436],[-86.128,32.434],[-86.044,32.406],[-86.024,32.42],[-85.99,32.336],[-85.92,32.274],[-85.988,32.272],[-85.998,32.25],[-85.998,32.052],[-85.994,31.968],[-86.192,31.966],[-86.304,31.964],[-86.304,32.05],[-86.408,32.05],[-86.408,32.244],[-86.486,32.284],[-86.476,32.332],[-86.496,32.344],[-86.462,32.378],[-86.458,32.406],[-86.41,32.41]]]}},{"type":"Feature","id":"01055","properties":{"n":"Etowah","f":"01055"},"geometry":{"type":"Polygon","coordinates":[[[-86.304,34.1],[-86.188,34.182],[-86.106,34.186],[-86.106,34.2],[-85.844,34.2],[-85.84,34.11],[-85.79,34.126],[-85.796,34.1],[-85.736,33.99],[-85.74,33.968],[-85.74,33.936],[-85.848,33.956],[-85.902,33.944],[-85.902,33.906],[-85.97,33.914],[-85.994,33.864],[-86.066,33.842],[-86.094,33.862],[-86.112,33.904],[-86.142,33.9],[-86.166,33.926],[-86.166,33.966],[-86.198,33.988],[-86.252,33.966],[-86.278,33.99],[-86.324,33.94],[-86.372,33.94],[-86.332,33.986],[-86.332,34.04],[-86.304,34.1]]]}},{"type":"Feature","id":"01059","properties":{"n":"Franklin","f":"01059"},"geometry":{"type":"Polygon","coordinates":[[[-88.156,34.462],[-88.14,34.582],[-87.53,34.566],[-87.53,34.304],[-87.634,34.308],[-87.908,34.312],[-88.174,34.322],[-88.156,34.462]]]}},{"type":"Feature","id":"45013","properties":{"n":"Beaufort","f":"45013"},"geometry":{"type":"Polygon","coordinates":[[[-80.868,32.66],[-80.826,32.704],[-80.764,32.676],[-80.74,32.682],[-80.668,32.668],[-80.66,32.612],[-80.622,32.582],[-80.554,32.566],[-80.506,32.498],[-80.478,32.486],[-80.482,32.448],[-80.43,32.39],[-80.456,32.326],[-80.57,32.274],[-80.64,32.256],[-80.646,32.292],[-80.714,32.326],[-80.754,32.306],[-80.762,32.28],[-80.718,32.268],[-80.668,32.216],[-80.722,32.16],[-80.812,32.11],[-80.844,32.11],[-80.88,32.08],[-80.908,32.078],[-80.902,32.112],[-80.94,32.138],[-80.948,32.168],[-80.994,32.196],[-81.012,32.236],[-80.99,32.268],[-81.006,32.306],[-80.934,32.3],[-80.922,32.352],[-80.876,32.346],[-80.84,32.384],[-80.848,32.428],[-80.818,32.49],[-80.84,32.522],[-80.832,32.596],[-80.868,32.66]]]}},{"type":"Feature","id":"42017","properties":{"n":"Bucks","f":"42017"},"geometry":{"type":"Polygon","coordinates":[[[-75.484,40.418],[-75.41,40.488],[-75.334,40.538],[-75.198,40.608],[-75.19,40.592],[-75.162,40.564],[-75.1,40.568],[-75.064,40.536],[-75.072,40.454],[-75.058,40.416],[-74.968,40.4],[-74.942,40.342],[-74.868,40.294],[-74.842,40.25],[-74.77,40.216],[-74.724,40.15],[-74.782,40.12],[-74.818,40.128],[-74.86,40.084],[-74.976,40.05],[-74.964,40.118],[-75.014,40.138],[-75.108,40.192],[-75.484,40.418]]]}},{"type":"Feature","id":"48257","properties":{"n":"Kaufman","f":"48257"},"geometry":{"type":"Polygon","coordinates":[[[-96.518,32.814],[-96.296,32.814],[-96.296,32.842],[-96.076,32.838],[-96.076,32.358],[-96.454,32.358],[-96.436,32.412],[-96.476,32.434],[-96.512,32.482],[-96.504,32.528],[-96.528,32.546],[-96.522,32.546],[-96.518,32.814]]]}},{"type":"Feature","id":"48155","properties":{"n":"Foard","f":"48155"},"geometry":{"type":"Polygon","coordinates":[[[-99.996,34.224],[-99.774,34.094],[-99.748,34.102],[-99.674,34.088],[-99.622,34.096],[-99.548,34.056],[-99.534,34.074],[-99.49,34.066],[-99.476,34.086],[-99.476,33.834],[-99.476,33.734],[-99.494,33.766],[-99.522,33.77],[-99.576,33.804],[-99.602,33.788],[-99.634,33.814],[-99.694,33.828],[-99.702,33.8],[-99.756,33.822],[-99.832,33.816],[-99.834,33.836],[-99.996,33.836],[-100.05,33.836],[-100.046,34.23],[-100.01,34.242],[-99.996,34.224]]]}},{"type":"Feature","id":"23023","properties":{"n":"Sagadahoc","f":"23023"},"geometry":{"type":"Polygon","coordinates":[[[-70.004,44.124],[-69.896,44.108],[-69.854,44.168],[-69.764,44.154],[-69.756,44.14],[-69.788,44.042],[-69.814,44.026],[-69.698,44.006],[-69.72,43.97],[-69.706,43.928],[-69.742,43.894],[-69.698,43.824],[-69.752,43.744],[-69.836,43.72],[-69.854,43.704],[-69.86,43.758],[-69.886,43.776],[-69.874,43.852],[-69.896,43.866],[-69.856,43.946],[-69.874,43.954],[-69.932,43.912],[-69.978,43.916],[-70.032,43.976],[-70.05,43.99],[-70.004,44.124]]]}},{"type":"Feature","id":"48085","properties":{"n":"Collin","f":"48085"},"geometry":{"type":"Polygon","coordinates":[[[-96.834,33.406],[-96.386,33.398],[-96.386,33.34],[-96.296,33.352],[-96.296,32.982],[-96.518,32.982],[-96.844,32.988],[-96.834,33.406]]]}},{"type":"Feature","id":"48093","properties":{"n":"Comanche","f":"48093"},"geometry":{"type":"Polygon","coordinates":[[[-98.924,32.078],[-98.55,32.262],[-98.328,31.942],[-98.252,31.98],[-98.208,31.918],[-98.154,31.842],[-98.464,31.684],[-98.492,31.724],[-98.668,31.7],[-98.924,32.078]]]}},{"type":"Feature","id":"48095","properties":{"n":"Concho","f":"48095"},"geometry":{"type":"Polygon","coordinates":[[[-100.112,31.58],[-99.724,31.576],[-99.652,31.528],[-99.676,31.498],[-99.626,31.468],[-99.602,31.492],[-99.604,31.088],[-100.114,31.088],[-100.112,31.58]]]}},{"type":"Feature","id":"48103","properties":{"n":"Crane","f":"48103"},"geometry":{"type":"Polygon","coordinates":[[[-102.768,31.652],[-102.318,31.652],[-102.308,31.198],[-102.3,31.086],[-102.39,31.088],[-102.43,31.128],[-102.43,31.194],[-102.502,31.254],[-102.58,31.272],[-102.678,31.33],[-102.752,31.28],[-102.768,31.294],[-102.768,31.652]]]}},{"type":"Feature","id":"29161","properties":{"n":"Phelps","f":"29161"},"geometry":{"type":"Polygon","coordinates":[[[-92.02,38.01],[-91.966,38.01],[-91.896,38.052],[-91.634,38.052],[-91.63,38.154],[-91.532,38.152],[-91.526,38.152],[-91.53,37.79],[-91.806,37.792],[-91.81,37.6],[-92.028,37.602],[-92.02,38.01]]]}},{"type":"Feature","id":"29177","properties":{"n":"Ray","f":"29177"},"geometry":{"type":"Polygon","coordinates":[[[-94.21,39.454],[-94.206,39.526],[-93.758,39.524],[-93.758,39.208],[-93.84,39.216],[-93.898,39.184],[-93.942,39.18],[-93.962,39.144],[-93.988,39.152],[-93.962,39.184],[-93.98,39.206],[-94.028,39.192],[-94.024,39.154],[-94.064,39.134],[-94.106,39.144],[-94.134,39.172],[-94.188,39.184],[-94.17,39.212],[-94.214,39.208],[-94.21,39.454]]]}},{"type":"Feature","id":"42005","properties":{"n":"Armstrong","f":"42005"},"geometry":{"type":"Polygon","coordinates":[[[-79.692,40.67],[-79.692,41.17],[-79.666,41.05],[-79.598,41.032],[-79.62,40.99],[-79.452,40.982],[-79.418,41.004],[-79.376,40.984],[-79.364,41.002],[-79.286,41.01],[-79.214,41.05],[-79.214,40.91],[-79.214,40.776],[-79.452,40.53],[-79.498,40.526],[-79.562,40.564],[-79.588,40.628],[-79.67,40.68],[-79.692,40.67]]]}},{"type":"Feature","id":"37109","properties":{"n":"Lincoln","f":"37109"},"geometry":{"type":"Polygon","coordinates":[[[-81.536,35.568],[-80.958,35.546],[-80.948,35.492],[-80.94,35.456],[-80.956,35.4],[-81.454,35.42],[-81.536,35.564],[-81.536,35.568]]]}},{"type":"Feature","id":"37087","properties":{"n":"Haywood","f":"37087"},"geometry":{"type":"Polygon","coordinates":[[[-83.256,35.716],[-83.184,35.73],[-83.156,35.764],[-83.08,35.79],[-82.994,35.774],[-82.962,35.792],[-82.948,35.738],[-82.918,35.744],[-82.9,35.686],[-82.882,35.678],[-82.846,35.614],[-82.814,35.628],[-82.768,35.568],[-82.768,35.54],[-82.8,35.472],[-82.782,35.44],[-82.746,35.424],[-82.79,35.382],[-82.832,35.318],[-82.876,35.316],[-82.922,35.292],[-82.966,35.316],[-82.99,35.368],[-83.044,35.394],[-83.044,35.414],[-83.138,35.488],[-83.188,35.514],[-83.156,35.552],[-83.184,35.598],[-83.176,35.628],[-83.202,35.65],[-83.18,35.672],[-83.256,35.696],[-83.256,35.716]]]}},{"type":"Feature","id":"42023","properties":{"n":"Cameron","f":"42023"},"geometry":{"type":"Polygon","coordinates":[[[-78.418,41.602],[-78.42,41.618],[-78.202,41.618],[-78.052,41.476],[-77.99,41.474],[-77.99,41.368],[-78.094,41.216],[-78.238,41.23],[-78.234,41.324],[-78.256,41.324],[-78.252,41.404],[-78.42,41.404],[-78.418,41.602]]]}},{"type":"Feature","id":"42025","properties":{"n":"Carbon","f":"42025"},"geometry":{"type":"Polygon","coordinates":[[[-75.998,40.912],[-75.852,40.972],[-75.732,41.008],[-75.768,41.05],[-75.768,41.094],[-75.694,41.132],[-75.65,41.122],[-75.578,41.068],[-75.496,40.988],[-75.574,40.952],[-75.474,40.814],[-75.61,40.788],[-75.694,40.77],[-75.758,40.736],[-75.886,40.816],[-75.998,40.912]]]}},{"type":"Feature","id":"45025","properties":{"n":"Chesterfield","f":"45025"},"geometry":{"type":"Polygon","coordinates":[[[-80.56,34.818],[-80.32,34.814],[-79.928,34.806],[-79.924,34.766],[-79.892,34.742],[-79.874,34.696],[-79.832,34.656],[-79.796,34.648],[-79.778,34.614],[-79.802,34.608],[-79.832,34.532],[-79.886,34.492],[-79.964,34.488],[-79.982,34.502],[-80.046,34.492],[-80.288,34.366],[-80.284,34.394],[-80.32,34.426],[-80.326,34.498],[-80.374,34.548],[-80.38,34.584],[-80.41,34.614],[-80.43,34.66],[-80.488,34.704],[-80.518,34.762],[-80.56,34.818]]]}},{"type":"Feature","id":"45035","properties":{"n":"Dorchester","f":"45035"},"geometry":{"type":"Polygon","coordinates":[[[-80.79,33.182],[-80.502,33.334],[-80.484,33.28],[-80.428,33.258],[-80.362,33.258],[-80.33,33.198],[-80.298,33.182],[-80.33,33.148],[-80.28,33.12],[-80.152,33.022],[-80.168,33.002],[-80.112,32.986],[-80.14,32.98],[-80.08,32.928],[-80.098,32.886],[-80.162,32.874],[-80.158,32.818],[-80.302,32.852],[-80.402,32.858],[-80.384,32.886],[-80.406,32.914],[-80.416,32.976],[-80.388,33.032],[-80.474,33.064],[-80.532,33.07],[-80.592,33.058],[-80.672,33.104],[-80.71,33.156],[-80.79,33.182]]]}},{"type":"Feature","id":"29041","properties":{"n":"Chariton","f":"29041"},"geometry":{"type":"Polygon","coordinates":[[[-93.266,39.704],[-93.084,39.706],[-92.858,39.7],[-92.688,39.698],[-92.692,39.61],[-92.696,39.608],[-92.706,39.322],[-92.788,39.344],[-92.85,39.226],[-92.896,39.222],[-92.958,39.284],[-92.962,39.312],[-93.044,39.318],[-93.104,39.384],[-93.116,39.416],[-93.212,39.442],[-93.226,39.472],[-93.262,39.46],[-93.284,39.52],[-93.266,39.55],[-93.278,39.616],[-93.262,39.624],[-93.288,39.682],[-93.266,39.704]]]}},{"type":"Feature","id":"50011","properties":{"n":"Franklin","f":"50011"},"geometry":{"type":"Polygon","coordinates":[[[-73.192,45.014],[-72.674,45.016],[-72.556,45.008],[-72.538,44.936],[-72.53,44.834],[-72.578,44.782],[-72.614,44.802],[-72.746,44.786],[-72.782,44.74],[-72.796,44.692],[-72.85,44.712],[-72.89,44.658],[-72.926,44.634],[-73.038,44.652],[-73.228,44.722],[-73.26,44.772],[-73.21,44.824],[-73.192,44.908],[-73.242,44.95],[-73.192,45.014]]]}},{"type":"Feature","id":"42047","properties":{"n":"Elk","f":"42047"},"geometry":{"type":"Polygon","coordinates":[[[-78.956,41.624],[-78.956,41.624],[-78.672,41.624],[-78.482,41.63],[-78.482,41.602],[-78.418,41.602],[-78.42,41.404],[-78.252,41.404],[-78.256,41.324],[-78.234,41.324],[-78.238,41.23],[-78.648,41.254],[-78.648,41.218],[-78.712,41.202],[-78.736,41.264],[-78.96,41.362],[-78.97,41.376],[-79.02,41.35],[-79.096,41.34],[-79.092,41.422],[-79.064,41.452],[-78.978,41.452],[-78.96,41.436],[-78.956,41.624]]]}},{"type":"Feature","id":"51115","properties":{"n":"Mathews","f":"51115"},"geometry":{"type":"Polygon","coordinates":[[[-76.436,37.514],[-76.404,37.536],[-76.354,37.528],[-76.328,37.496],[-76.292,37.516],[-76.264,37.482],[-76.246,37.388],[-76.274,37.31],[-76.34,37.364],[-76.404,37.4],[-76.446,37.42],[-76.45,37.484],[-76.436,37.514]]]}},{"type":"Feature","id":"29131","properties":{"n":"Miller","f":"29131"},"geometry":{"type":"Polygon","coordinates":[[[-92.624,38.43],[-92.494,38.428],[-92.404,38.426],[-92.408,38.342],[-92.282,38.338],[-92.25,38.322],[-92.194,38.336],[-92.196,38.292],[-92.196,38.162],[-92.182,38.162],[-92.186,38.016],[-92.404,38.022],[-92.516,38.022],[-92.588,38.096],[-92.606,38.17],[-92.642,38.172],[-92.642,38.212],[-92.696,38.222],[-92.688,38.348],[-92.634,38.348],[-92.624,38.43]]]}},{"type":"Feature","id":"30017","properties":{"n":"Custer","f":"30017"},"geometry":{"type":"Polygon","coordinates":[[[-106.088,46.846],[-106.088,46.86],[-105.832,46.86],[-105.832,46.832],[-105.618,46.832],[-105.618,46.744],[-105.578,46.744],[-105.578,46.658],[-105.492,46.658],[-105.492,46.6],[-105.448,46.6],[-105.448,46.572],[-105.24,46.57],[-105.24,46.542],[-104.986,46.54],[-104.986,46.57],[-104.86,46.568],[-104.86,46.612],[-104.734,46.612],[-104.734,46.482],[-104.906,46.482],[-104.906,46.314],[-104.884,46.314],[-104.884,46.136],[-104.938,46.136],[-104.938,45.786],[-104.982,45.786],[-105.66,45.788],[-106.192,45.788],[-106.192,46.138],[-106.152,46.138],[-106.156,46.484],[-106.12,46.484],[-106.12,46.832],[-106.088,46.846]]]}},{"type":"Feature","id":"30075","properties":{"n":"Powder River","f":"30075"},"geometry":{"type":"Polygon","coordinates":[[[-106.192,45.788],[-105.66,45.788],[-104.982,45.786],[-104.988,45.352],[-105.04,45.352],[-105.04,45],[-105.076,45],[-105.846,45],[-106.026,44.994],[-106.264,44.994],[-106.264,45.18],[-106.282,45.18],[-106.282,45.352],[-106.234,45.352],[-106.23,45.756],[-106.234,45.788],[-106.192,45.788]]]}},{"type":"Feature","id":"21107","properties":{"n":"Hopkins","f":"21107"},"geometry":{"type":"Polygon","coordinates":[[[-87.814,37.35],[-87.596,37.462],[-87.498,37.488],[-87.376,37.57],[-87.352,37.518],[-87.362,37.488],[-87.352,37.424],[-87.298,37.392],[-87.348,37.31],[-87.38,37.312],[-87.388,37.262],[-87.308,37.192],[-87.334,37.156],[-87.372,37.132],[-87.488,37.126],[-87.52,37.106],[-87.682,37.15],[-87.75,37.21],[-87.804,37.242],[-87.806,37.294],[-87.85,37.322],[-87.814,37.35]]]}},{"type":"Feature","id":"26003","properties":{"n":"Alger","f":"26003"},"geometry":{"type":"Polygon","coordinates":[[[-87.118,46.494],[-87.018,46.534],[-86.978,46.526],[-86.928,46.464],[-86.884,46.442],[-86.816,46.438],[-86.788,46.478],[-86.73,46.472],[-86.698,46.438],[-86.684,46.498],[-86.708,46.544],[-86.652,46.56],[-86.626,46.534],[-86.648,46.486],[-86.586,46.464],[-86.494,46.524],[-86.35,46.578],[-86.138,46.672],[-86.098,46.654],[-85.866,46.69],[-85.866,46.506],[-86.364,46.506],[-86.364,46.332],[-86.616,46.334],[-86.616,46.158],[-87.118,46.158],[-87.118,46.494]]]}},{"type":"Feature","id":"21115","properties":{"n":"Johnson","f":"21115"},"geometry":{"type":"Polygon","coordinates":[[[-82.99,37.964],[-82.95,38],[-82.832,37.968],[-82.678,37.892],[-82.614,37.88],[-82.67,37.852],[-82.646,37.822],[-82.674,37.788],[-82.652,37.778],[-82.642,37.72],[-82.764,37.756],[-82.872,37.728],[-82.9,37.704],[-82.94,37.716],[-82.95,37.796],[-82.99,37.818],[-83.004,37.86],[-82.962,37.912],[-82.99,37.964]]]}},{"type":"Feature","id":"21119","properties":{"n":"Knott","f":"21119"},"geometry":{"type":"Polygon","coordinates":[[[-82.948,37.504],[-82.926,37.486],[-82.832,37.466],[-82.836,37.414],[-82.782,37.43],[-82.756,37.414],[-82.764,37.352],[-82.754,37.308],[-82.71,37.286],[-82.732,37.272],[-82.818,37.268],[-82.876,37.242],[-82.894,37.216],[-82.98,37.172],[-83,37.196],[-83.054,37.216],[-83.066,37.244],[-83.116,37.242],[-83.126,37.268],[-83.112,37.332],[-83.122,37.406],[-83.134,37.458],[-83.062,37.526],[-83.03,37.506],[-82.948,37.504]]]}},{"type":"Feature","id":"20079","properties":{"n":"Harvey","f":"20079"},"geometry":{"type":"Polygon","coordinates":[[[-97.702,38.174],[-97.372,38.174],[-97.154,38.174],[-97.154,38.088],[-97.154,37.912],[-97.688,37.912],[-97.702,37.912],[-97.702,38.174]]]}},{"type":"Feature","id":"29510","properties":{"n":"St. Louis","f":"29510"},"geometry":{"type":"Polygon","coordinates":[[[-90.166,38.772],[-90.212,38.722],[-90.184,38.66],[-90.184,38.612],[-90.258,38.532],[-90.298,38.562],[-90.32,38.6],[-90.302,38.656],[-90.252,38.718],[-90.166,38.772]]]}},{"type":"Feature","id":"42009","properties":{"n":"Bedford","f":"42009"},"geometry":{"type":"Polygon","coordinates":[[[-78.658,40.242],[-78.622,40.326],[-78.508,40.288],[-78.446,40.244],[-78.436,40.302],[-78.288,40.242],[-78.256,40.298],[-78.238,40.224],[-78.134,40.166],[-78.158,40.122],[-78.206,40.086],[-78.18,40.058],[-78.206,40.042],[-78.22,39.994],[-78.298,39.826],[-78.382,39.722],[-78.808,39.722],[-78.758,39.824],[-78.762,40.058],[-78.74,40.07],[-78.658,40.242]]]}},{"type":"Feature","id":"20013","properties":{"n":"Brown","f":"20013"},"geometry":{"type":"Polygon","coordinates":[[[-95.79,40],[-95.34,40],[-95.34,39.654],[-95.564,39.654],[-95.79,39.654],[-95.79,40]]]}},{"type":"Feature","id":"51730","properties":{"n":"Petersburg","f":"51730"},"geometry":{"type":"Polygon","coordinates":[[[-77.448,37.222],[-77.416,37.234],[-77.406,37.238],[-77.376,37.244],[-77.33,37.196],[-77.344,37.174],[-77.398,37.17],[-77.456,37.188],[-77.448,37.222]]]}},{"type":"Feature","id":"29163","properties":{"n":"Pike","f":"29163"},"geometry":{"type":"Polygon","coordinates":[[[-91.178,39.598],[-91.148,39.546],[-91.102,39.54],[-91.062,39.474],[-91.006,39.428],[-90.936,39.4],[-90.794,39.31],[-90.722,39.224],[-91.184,39.228],[-91.184,39.138],[-91.26,39.14],[-91.41,39.142],[-91.44,39.32],[-91.46,39.45],[-91.202,39.598],[-91.178,39.598]]]}},{"type":"Feature","id":"45027","properties":{"n":"Clarendon","f":"45027"},"geometry":{"type":"Polygon","coordinates":[[[-80.536,33.644],[-80.5,33.674],[-80.478,33.714],[-80.43,33.738],[-80.434,33.712],[-80.392,33.716],[-80.398,33.768],[-80.274,33.786],[-80.256,33.804],[-80.136,33.868],[-80.122,33.87],[-79.976,33.946],[-79.946,33.886],[-79.874,33.886],[-79.914,33.818],[-79.996,33.768],[-79.976,33.722],[-79.994,33.704],[-80.1,33.498],[-80.152,33.478],[-80.152,33.448],[-80.222,33.444],[-80.276,33.446],[-80.356,33.43],[-80.434,33.478],[-80.448,33.524],[-80.496,33.558],[-80.502,33.592],[-80.542,33.628],[-80.536,33.644]]]}},{"type":"Feature","id":"45031","properties":{"n":"Darlington","f":"45031"},"geometry":{"type":"Polygon","coordinates":[[[-80.288,34.366],[-80.046,34.492],[-79.982,34.502],[-79.964,34.488],[-79.886,34.492],[-79.832,34.532],[-79.81,34.486],[-79.756,34.506],[-79.72,34.488],[-79.75,34.468],[-79.75,34.438],[-79.716,34.394],[-79.684,34.4],[-79.692,34.358],[-79.66,34.306],[-79.684,34.284],[-79.732,34.296],[-79.752,34.25],[-79.802,34.254],[-80.072,34.086],[-80.134,34.128],[-80.158,34.162],[-80.112,34.198],[-80.136,34.284],[-80.176,34.326],[-80.176,34.366],[-80.244,34.324],[-80.288,34.364],[-80.288,34.366]]]}},{"type":"Feature","id":"42029","properties":{"n":"Chester","f":"42029"},"geometry":{"type":"Polygon","coordinates":[[[-76.134,39.722],[-76.066,39.76],[-75.992,39.868],[-75.994,39.952],[-75.938,40.038],[-75.938,40.112],[-75.872,40.136],[-75.696,40.242],[-75.614,40.222],[-75.6,40.238],[-75.574,40.196],[-75.556,40.208],[-75.528,40.15],[-75.46,40.124],[-75.456,40.088],[-75.42,40.098],[-75.392,40.062],[-75.36,40.066],[-75.416,40.042],[-75.406,40.026],[-75.452,39.994],[-75.434,39.984],[-75.524,39.944],[-75.596,39.874],[-75.596,39.838],[-75.664,39.822],[-75.718,39.792],[-75.79,39.722],[-76.134,39.722]]]}},{"type":"Feature","id":"45033","properties":{"n":"Dillon","f":"45033"},"geometry":{"type":"Polygon","coordinates":[[[-79.634,34.298],[-79.452,34.62],[-79.358,34.546],[-79.246,34.446],[-79.07,34.3],[-79.128,34.254],[-79.174,34.288],[-79.214,34.256],[-79.304,34.27],[-79.376,34.298],[-79.48,34.288],[-79.548,34.23],[-79.602,34.29],[-79.634,34.298]]]}},{"type":"Feature","id":"42031","properties":{"n":"Clarion","f":"42031"},"geometry":{"type":"Polygon","coordinates":[[[-79.476,41.386],[-79.4,41.386],[-79.4,41.436],[-79.208,41.43],[-79.21,41.332],[-79.21,41.078],[-79.214,41.05],[-79.286,41.01],[-79.364,41.002],[-79.376,40.984],[-79.418,41.004],[-79.452,40.982],[-79.62,40.99],[-79.598,41.032],[-79.666,41.05],[-79.692,41.17],[-79.696,41.172],[-79.648,41.218],[-79.652,41.254],[-79.606,41.276],[-79.606,41.322],[-79.54,41.32],[-79.54,41.336],[-79.48,41.336],[-79.476,41.386]]]}},{"type":"Feature","id":"55037","properties":{"n":"Florence","f":"55037"},"geometry":{"type":"Polygon","coordinates":[[[-88.682,46.014],[-88.664,45.994],[-88.614,45.988],[-88.604,46.016],[-88.506,46.018],[-88.5,45.996],[-88.424,45.978],[-88.382,45.992],[-88.296,45.952],[-88.244,45.964],[-88.116,45.922],[-88.076,45.864],[-88.138,45.818],[-88.104,45.792],[-88.058,45.78],[-88.058,45.714],[-88.424,45.722],[-88.676,45.722],[-88.676,45.982],[-88.682,46.014]]]}},{"type":"Feature","id":"42053","properties":{"n":"Forest","f":"42053"},"geometry":{"type":"Polygon","coordinates":[[[-79.512,41.624],[-78.956,41.624],[-78.96,41.436],[-78.978,41.452],[-79.064,41.452],[-79.092,41.422],[-79.096,41.34],[-79.106,41.326],[-79.21,41.332],[-79.208,41.43],[-79.4,41.436],[-79.4,41.386],[-79.476,41.386],[-79.48,41.44],[-79.522,41.44],[-79.512,41.466],[-79.512,41.624]]]}},{"type":"Feature","id":"13049","properties":{"n":"Charlton","f":"13049"},"geometry":{"type":"Polygon","coordinates":[[[-82.132,31.012],[-82.082,31.012],[-82.06,31.076],[-81.934,31.048],[-81.906,31.04],[-81.914,30.976],[-81.892,30.96],[-81.914,30.912],[-81.892,30.91],[-81.902,30.82],[-81.95,30.828],[-81.982,30.776],[-82.024,30.784],[-82.01,30.762],[-82.038,30.75],[-82.036,30.708],[-82.05,30.656],[-82.006,30.578],[-82.018,30.476],[-82.038,30.434],[-82.036,30.384],[-82.05,30.362],[-82.104,30.368],[-82.172,30.36],[-82.212,30.424],[-82.2,30.486],[-82.226,30.508],[-82.232,30.556],[-82.214,30.568],[-82.15,30.784],[-82.178,30.792],[-82.42,30.796],[-82.416,31.014],[-82.132,31.012]]]}},{"type":"Feature","id":"37063","properties":{"n":"Durham","f":"37063"},"geometry":{"type":"Polygon","coordinates":[[[-78.952,36.24],[-78.802,36.236],[-78.806,36.092],[-78.752,36.07],[-78.74,36.024],[-78.7,36.012],[-78.716,35.962],[-78.762,35.918],[-78.806,35.928],[-78.83,35.868],[-78.906,35.868],[-79.016,35.864],[-78.98,36.056],[-78.952,36.24]]]}},{"type":"Feature","id":"20023","properties":{"n":"Cheyenne","f":"20023"},"geometry":{"type":"Polygon","coordinates":[[[-102.052,40.002],[-101.41,40.002],[-101.414,39.568],[-102.05,39.568],[-102.05,39.574],[-102.052,40.002]]]}},{"type":"Feature","id":"13001","properties":{"n":"Appling","f":"13001"},"geometry":{"type":"Polygon","coordinates":[[[-82.43,31.966],[-82.372,31.942],[-82.316,31.932],[-82.29,31.942],[-82.226,31.914],[-82.118,31.888],[-82.108,31.864],[-82.05,31.828],[-82.108,31.8],[-82.09,31.774],[-82.132,31.774],[-82.132,31.472],[-82.154,31.47],[-82.226,31.53],[-82.24,31.554],[-82.318,31.594],[-82.348,31.622],[-82.452,31.662],[-82.494,31.71],[-82.52,31.71],[-82.52,31.838],[-82.43,31.838],[-82.43,31.966]]]}},{"type":"Feature","id":"01051","properties":{"n":"Elmore","f":"01051"},"geometry":{"type":"Polygon","coordinates":[[[-86.374,32.754],[-86.008,32.756],[-85.88,32.754],[-85.912,32.678],[-85.886,32.648],[-85.894,32.602],[-85.886,32.492],[-85.872,32.474],[-85.894,32.448],[-85.972,32.454],[-86.024,32.42],[-86.044,32.406],[-86.128,32.434],[-86.192,32.436],[-86.214,32.474],[-86.264,32.502],[-86.324,32.444],[-86.31,32.412],[-86.346,32.432],[-86.4,32.426],[-86.41,32.41],[-86.414,32.708],[-86.414,32.75],[-86.374,32.754]]]}},{"type":"Feature","id":"08033","properties":{"n":"Dolores","f":"08033"},"geometry":{"type":"Polygon","coordinates":[[[-109.042,37.882],[-108.822,37.882],[-108.816,37.896],[-108.256,37.894],[-108.208,37.82],[-108.14,37.832],[-108.112,37.856],[-108.09,37.84],[-107.99,37.856],[-107.86,37.776],[-107.874,37.722],[-107.968,37.696],[-107.972,37.64],[-108.162,37.636],[-108.916,37.632],[-109.044,37.484],[-109.042,37.53],[-109.042,37.882]]]}},{"type":"Feature","id":"27069","properties":{"n":"Kittson","f":"27069"},"geometry":{"type":"Polygon","coordinates":[[[-97.228,49],[-96.93,49],[-96.406,49],[-96.404,48.718],[-96.388,48.718],[-96.388,48.544],[-97.164,48.544],[-97.14,48.612],[-97.106,48.634],[-97.096,48.686],[-97.15,48.754],[-97.178,48.862],[-97.2,48.882],[-97.24,48.966],[-97.228,49]]]}},{"type":"Feature","id":"48241","properties":{"n":"Jasper","f":"48241"},"geometry":{"type":"Polygon","coordinates":[[[-94.458,31.034],[-94.132,31.1],[-94.042,31.118],[-94.038,31.134],[-93.912,31.158],[-93.866,30.948],[-93.902,30.242],[-94.116,30.242],[-94.096,30.258],[-94.12,30.282],[-94.084,30.342],[-94.12,30.426],[-94.07,30.526],[-94.092,30.586],[-94.052,30.63],[-94.092,30.688],[-94.12,30.684],[-94.146,30.788],[-94.182,30.798],[-94.182,30.836],[-94.214,30.9],[-94.204,30.936],[-94.242,30.964],[-94.256,31.018],[-94.286,31.04],[-94.322,31.022],[-94.35,31.038],[-94.45,31.008],[-94.458,31.034]]]}},{"type":"Feature","id":"45043","properties":{"n":"Georgetown","f":"45043"},"geometry":{"type":"Polygon","coordinates":[[[-79.318,33.78],[-79.282,33.716],[-79.246,33.696],[-79.19,33.706],[-79.138,33.664],[-79.1,33.572],[-79.002,33.572],[-79.028,33.534],[-79.086,33.484],[-79.136,33.404],[-79.182,33.254],[-79.172,33.206],[-79.196,33.166],[-79.246,33.126],[-79.29,33.11],[-79.268,33.134],[-79.35,33.154],[-79.448,33.214],[-79.678,33.304],[-79.678,33.336],[-79.634,33.372],[-79.592,33.444],[-79.538,33.498],[-79.498,33.516],[-79.434,33.578],[-79.444,33.596],[-79.394,33.712],[-79.318,33.78]]]}},{"type":"Feature","id":"19071","properties":{"n":"Fremont","f":"19071"},"geometry":{"type":"Polygon","coordinates":[[[-95.832,40.784],[-95.848,40.812],[-95.84,40.872],[-95.814,40.902],[-95.384,40.902],[-95.384,40.728],[-95.37,40.728],[-95.374,40.58],[-95.764,40.586],[-95.75,40.61],[-95.786,40.658],[-95.832,40.672],[-95.886,40.722],[-95.88,40.752],[-95.832,40.784]]]}},{"type":"Feature","id":"50027","properties":{"n":"Windsor","f":"50027"},"geometry":{"type":"Polygon","coordinates":[[[-72.792,43.962],[-72.782,43.928],[-72.46,43.838],[-72.204,43.77],[-72.272,43.734],[-72.304,43.696],[-72.33,43.6],[-72.38,43.574],[-72.398,43.51],[-72.38,43.48],[-72.416,43.364],[-72.394,43.312],[-72.434,43.232],[-72.548,43.236],[-72.686,43.222],[-72.818,43.256],[-72.822,43.3],[-72.868,43.3],[-72.854,43.372],[-72.826,43.38],[-72.76,43.354],[-72.728,43.468],[-72.79,43.494],[-72.772,43.592],[-72.758,43.588],[-72.7,43.684],[-72.822,43.716],[-72.782,43.804],[-72.79,43.824],[-72.872,43.84],[-72.876,43.858],[-72.958,43.826],[-72.98,43.882],[-72.954,43.874],[-72.876,43.904],[-72.864,43.862],[-72.792,43.962]]]}},{"type":"Feature","id":"37079","properties":{"n":"Greene","f":"37079"},"geometry":{"type":"Polygon","coordinates":[[[-77.822,35.586],[-77.808,35.584],[-77.7,35.652],[-77.61,35.568],[-77.56,35.534],[-77.502,35.518],[-77.512,35.498],[-77.476,35.426],[-77.588,35.374],[-77.678,35.348],[-77.696,35.376],[-77.808,35.37],[-77.804,35.404],[-77.826,35.424],[-77.822,35.586]]]}},{"type":"Feature","id":"20071","properties":{"n":"Greeley","f":"20071"},"geometry":{"type":"Polygon","coordinates":[[[-102.046,38.616],[-102.046,38.698],[-101.568,38.7],[-101.568,38.264],[-102.046,38.262],[-102.046,38.268],[-102.046,38.616]]]}},{"type":"Feature","id":"21121","properties":{"n":"Knox","f":"21121"},"geometry":{"type":"Polygon","coordinates":[[[-84.092,36.956],[-84.032,36.988],[-83.96,36.978],[-83.93,36.996],[-83.924,37.036],[-83.87,37.054],[-83.816,37.028],[-83.776,37.038],[-83.736,37.006],[-83.64,36.96],[-83.59,36.956],[-83.564,36.932],[-83.582,36.904],[-83.682,36.854],[-83.74,36.802],[-83.786,36.8],[-83.808,36.748],[-83.876,36.686],[-83.96,36.728],[-83.988,36.76],[-83.984,36.802],[-84.028,36.818],[-84.066,36.854],[-84.092,36.956]]]}},{"type":"Feature","id":"19053","properties":{"n":"Decatur","f":"19053"},"geometry":{"type":"Polygon","coordinates":[[[-94.016,40.898],[-93.558,40.898],[-93.558,40.58],[-93.776,40.578],[-94.016,40.574],[-94.016,40.898]]]}},{"type":"Feature","id":"21127","properties":{"n":"Lawrence","f":"21127"},"geometry":{"type":"Polygon","coordinates":[[[-83.022,38.008],[-82.982,38.05],[-82.89,38.112],[-82.926,38.174],[-82.882,38.196],[-82.854,38.19],[-82.792,38.244],[-82.736,38.238],[-82.7,38.262],[-82.614,38.266],[-82.606,38.246],[-82.61,38.172],[-82.638,38.172],[-82.638,38.138],[-82.584,38.106],[-82.548,38.068],[-82.516,38],[-82.462,37.98],[-82.498,37.946],[-82.534,37.962],[-82.58,37.954],[-82.614,37.88],[-82.678,37.892],[-82.832,37.968],[-82.95,38],[-82.99,37.964],[-83.022,38.008]]]}},{"type":"Feature","id":"29027","properties":{"n":"Callaway","f":"29027"},"geometry":{"type":"Polygon","coordinates":[[[-92.11,39.064],[-91.634,39.058],[-91.648,38.704],[-91.726,38.706],[-91.758,38.686],[-91.82,38.68],[-91.878,38.658],[-91.946,38.598],[-92.01,38.57],[-92.064,38.558],[-92.168,38.582],[-92.204,38.606],[-92.222,38.644],[-92.214,38.714],[-92.164,38.764],[-92.136,38.814],[-92.16,38.866],[-92.154,38.944],[-92.128,39.024],[-92.132,39.064],[-92.11,39.064]]]}},{"type":"Feature","id":"27073","properties":{"n":"Lac qui Parle","f":"27073"},"geometry":{"type":"Polygon","coordinates":[[[-96.454,45.268],[-96.284,45.246],[-96.274,45.222],[-96.224,45.22],[-96.174,45.192],[-96.102,45.178],[-96.038,45.152],[-95.98,45.098],[-95.826,44.988],[-95.804,44.95],[-95.736,44.936],[-95.736,44.892],[-95.848,44.892],[-95.85,44.806],[-96.45,44.806],[-96.454,44.978],[-96.454,45.268]]]}},{"type":"Feature","id":"51075","properties":{"n":"Goochland","f":"51075"},"geometry":{"type":"Polygon","coordinates":[[[-78.062,37.906],[-78.016,37.892],[-77.99,37.858],[-77.948,37.848],[-77.89,37.76],[-77.832,37.754],[-77.796,37.728],[-77.71,37.706],[-77.632,37.706],[-77.652,37.64],[-77.616,37.578],[-77.656,37.564],[-77.76,37.612],[-77.822,37.608],[-77.832,37.634],[-77.912,37.69],[-77.948,37.678],[-77.944,37.644],[-77.984,37.624],[-78.072,37.658],[-78.108,37.68],[-78.102,37.716],[-78.158,37.748],[-78.156,37.764],[-78.062,37.906]]]}},{"type":"Feature","id":"30053","properties":{"n":"Lincoln","f":"30053"},"geometry":{"type":"Polygon","coordinates":[[[-116.048,48.502],[-116.048,49],[-115.208,48.998],[-114.726,49],[-114.684,48.974],[-114.72,48.938],[-114.69,48.842],[-114.734,48.81],[-114.672,48.8],[-114.612,48.752],[-114.68,48.724],[-114.69,48.678],[-114.64,48.658],[-114.888,48.658],[-114.888,48.574],[-114.848,48.574],[-114.848,48.226],[-115.022,48.226],[-115.01,48.14],[-115.01,48.018],[-115.146,48.018],[-115.136,47.982],[-115.172,47.974],[-115.19,47.918],[-115.284,47.89],[-115.322,47.92],[-115.38,47.904],[-115.406,47.936],[-115.43,47.912],[-115.506,47.908],[-115.556,47.938],[-115.538,47.982],[-115.638,48.076],[-115.646,48.132],[-115.696,48.176],[-115.674,48.196],[-115.71,48.248],[-115.772,48.26],[-115.8,48.224],[-115.936,48.184],[-115.958,48.15],[-116.018,48.17],[-116.016,48.206],[-116.052,48.216],[-116.048,48.502]]]}},{"type":"Feature","id":"12001","properties":{"n":"Alachua","f":"12001"},"geometry":{"type":"Polygon","coordinates":[[[-82.66,29.83],[-82.588,29.866],[-82.578,29.914],[-82.53,29.94],[-82.42,29.922],[-82.398,29.888],[-82.336,29.878],[-82.272,29.842],[-82.19,29.848],[-82.132,29.836],[-82.11,29.782],[-82.078,29.776],[-82.056,29.718],[-82.054,29.67],[-82.056,29.47],[-82.056,29.44],[-82.136,29.434],[-82.194,29.42],[-82.212,29.43],[-82.212,29.484],[-82.406,29.486],[-82.556,29.48],[-82.556,29.538],[-82.656,29.536],[-82.656,29.564],[-82.656,29.822],[-82.66,29.83]]]}},{"type":"Feature","id":"21151","properties":{"n":"Madison","f":"21151"},"geometry":{"type":"Polygon","coordinates":[[[-84.526,37.77],[-84.462,37.804],[-84.486,37.84],[-84.436,37.848],[-84.412,37.872],[-84.386,37.846],[-84.364,37.858],[-84.38,37.902],[-84.336,37.892],[-84.272,37.918],[-84.264,37.876],[-84.186,37.88],[-84.082,37.852],[-84.12,37.814],[-84.074,37.802],[-84.096,37.734],[-84.088,37.668],[-84.128,37.642],[-84.092,37.566],[-84.172,37.558],[-84.2,37.522],[-84.268,37.516],[-84.304,37.538],[-84.346,37.54],[-84.372,37.592],[-84.43,37.644],[-84.526,37.77]]]}},{"type":"Feature","id":"48177","properties":{"n":"Gonzales","f":"48177"},"geometry":{"type":"Polygon","coordinates":[[[-97.84,29.378],[-97.634,29.65],[-97.598,29.63],[-97.318,29.784],[-97.132,29.644],[-97.142,29.628],[-97.204,29.58],[-97.204,29.508],[-97.24,29.384],[-97.336,29.316],[-97.612,29.11],[-97.728,29.222],[-97.858,29.354],[-97.84,29.378]]]}},{"type":"Feature","id":"31089","properties":{"n":"Holt","f":"31089"},"geometry":{"type":"Polygon","coordinates":[[[-99.256,42.804],[-99.152,42.842],[-99.056,42.862],[-98.984,42.896],[-98.956,42.894],[-98.888,42.844],[-98.84,42.846],[-98.798,42.824],[-98.762,42.828],[-98.712,42.804],[-98.658,42.81],[-98.582,42.78],[-98.464,42.766],[-98.416,42.776],[-98.306,42.762],[-98.306,42.436],[-98.298,42.436],[-98.302,42.088],[-98.762,42.088],[-99.22,42.088],[-99.236,42.088],[-99.236,42.434],[-99.246,42.434],[-99.246,42.782],[-99.256,42.804]]]}},{"type":"Feature","id":"37101","properties":{"n":"Johnston","f":"37101"},"geometry":{"type":"Polygon","coordinates":[[[-78.708,35.52],[-78.472,35.702],[-78.256,35.818],[-78.248,35.774],[-78.192,35.73],[-78.162,35.696],[-78.124,35.602],[-78.066,35.586],[-78.156,35.418],[-78.152,35.352],[-78.216,35.342],[-78.242,35.32],[-78.288,35.316],[-78.306,35.288],[-78.41,35.254],[-78.492,35.264],[-78.54,35.316],[-78.528,35.334],[-78.662,35.496],[-78.708,35.52]]]}},{"type":"Feature","id":"19191","properties":{"n":"Winneshiek","f":"19191"},"geometry":{"type":"Polygon","coordinates":[[[-92.082,43.214],[-92.078,43.5],[-91.73,43.5],[-91.612,43.5],[-91.612,43.342],[-91.604,43.082],[-92.082,43.082],[-92.082,43.214]]]}},{"type":"Feature","id":"26061","properties":{"n":"Houghton","f":"26061"},"geometry":{"type":"Polygon","coordinates":[[[-88.934,47.032],[-88.906,47.086],[-88.816,47.142],[-88.766,47.156],[-88.658,47.226],[-88.576,47.246],[-88.514,47.286],[-88.298,47.286],[-88.298,47.2],[-88.226,47.2],[-88.248,47.136],[-88.274,47.144],[-88.298,47.098],[-88.348,47.076],[-88.366,47.018],[-88.41,46.978],[-88.442,46.972],[-88.45,46.938],[-88.554,46.938],[-88.554,46.852],[-88.68,46.852],[-88.68,46.42],[-88.992,46.42],[-88.988,46.68],[-88.866,46.68],[-88.862,46.766],[-88.934,46.764],[-88.934,47.032]]]}},{"type":"Feature","id":"26065","properties":{"n":"Ingham","f":"26065"},"geometry":{"type":"Polygon","coordinates":[[[-84.602,42.77],[-84.364,42.77],[-84.364,42.776],[-84.156,42.776],[-84.142,42.508],[-84.142,42.424],[-84.602,42.422],[-84.602,42.77]]]}},{"type":"Feature","id":"20191","properties":{"n":"Sumner","f":"20191"},"geometry":{"type":"Polygon","coordinates":[[[-97.806,37.474],[-97.35,37.478],[-97.154,37.476],[-97.146,36.998],[-97.462,36.998],[-97.804,36.998],[-97.804,37.384],[-97.806,37.386],[-97.806,37.474]]]}},{"type":"Feature","id":"21135","properties":{"n":"Lewis","f":"21135"},"geometry":{"type":"Polygon","coordinates":[[[-83.266,38.618],[-83.138,38.628],[-83.12,38.666],[-83.044,38.706],[-83.022,38.684],[-83.072,38.632],[-83.072,38.594],[-83.122,38.536],[-83.166,38.504],[-83.238,38.426],[-83.23,38.338],[-83.342,38.32],[-83.414,38.396],[-83.454,38.382],[-83.468,38.4],[-83.582,38.432],[-83.6,38.502],[-83.644,38.526],[-83.626,38.612],[-83.646,38.636],[-83.614,38.684],[-83.522,38.704],[-83.468,38.676],[-83.368,38.658],[-83.328,38.638],[-83.31,38.6],[-83.266,38.618]]]}},{"type":"Feature","id":"48245","properties":{"n":"Jefferson","f":"48245"},"geometry":{"type":"Polygon","coordinates":[[[-94.444,30.114],[-94.4,30.098],[-94.292,30.118],[-94.274,30.17],[-94.236,30.166],[-94.178,30.188],[-94.116,30.16],[-94.082,30.128],[-94.092,30.084],[-94.03,30.06],[-94.03,30.028],[-93.998,30.012],[-93.858,29.978],[-93.84,29.944],[-93.854,29.866],[-93.924,29.818],[-93.93,29.798],[-93.898,29.772],[-93.838,29.69],[-93.838,29.678],[-94.002,29.682],[-94.134,29.646],[-94.354,29.562],[-94.358,29.888],[-94.444,29.89],[-94.444,30.114]]]}},{"type":"Feature","id":"31177","properties":{"n":"Washington","f":"31177"},"geometry":{"type":"Polygon","coordinates":[[[-96.446,41.684],[-96.124,41.684],[-96.094,41.648],[-96.12,41.614],[-96.08,41.58],[-96.092,41.532],[-96.038,41.508],[-96.03,41.54],[-95.998,41.538],[-95.998,41.508],[-96.004,41.472],[-95.934,41.464],[-95.936,41.392],[-96.328,41.392],[-96.328,41.436],[-96.368,41.436],[-96.386,41.466],[-96.424,41.48],[-96.442,41.524],[-96.446,41.684]]]}},{"type":"Feature","id":"53039","properties":{"n":"Klickitat","f":"53039"},"geometry":{"type":"Polygon","coordinates":[[[-121.522,46.044],[-121.134,46.044],[-121.068,46.042],[-120.574,46.042],[-119.866,46.042],[-119.866,45.836],[-120,45.812],[-120.072,45.786],[-120.172,45.762],[-120.212,45.726],[-120.282,45.722],[-120.404,45.7],[-120.484,45.694],[-120.592,45.746],[-120.652,45.738],[-120.688,45.716],[-120.858,45.672],[-120.914,45.64],[-120.944,45.656],[-121.066,45.652],[-121.134,45.61],[-121.184,45.606],[-121.216,45.67],[-121.338,45.706],[-121.442,45.698],[-121.524,45.726],[-121.54,45.77],[-121.518,45.782],[-121.61,45.782],[-121.61,46.044],[-121.522,46.044]]]}},{"type":"Feature","id":"29173","properties":{"n":"Ralls","f":"29173"},"geometry":{"type":"Polygon","coordinates":[[[-91.72,39.338],[-91.712,39.6],[-91.716,39.658],[-91.716,39.686],[-91.306,39.686],[-91.224,39.618],[-91.178,39.598],[-91.202,39.598],[-91.46,39.45],[-91.44,39.32],[-91.72,39.324],[-91.72,39.338]]]}},{"type":"Feature","id":"51003","properties":{"n":"Albemarle","f":"51003"},"geometry":{"type":"Polygon","coordinates":[[[-78.838,38.048],[-78.78,38.082],[-78.788,38.126],[-78.748,38.206],[-78.712,38.24],[-78.654,38.26],[-78.662,38.278],[-78.368,38.184],[-78.21,38.132],[-78.252,38.064],[-78.306,38.006],[-78.492,37.796],[-78.5,37.762],[-78.614,37.756],[-78.644,37.734],[-78.686,37.738],[-78.668,37.76],[-78.838,38.048]],[[-78.522,38.026],[-78.518,38.01],[-78.454,38.022],[-78.45,38.058],[-78.486,38.07],[-78.522,38.026]]]}},{"type":"Feature","id":"29107","properties":{"n":"Lafayette","f":"29107"},"geometry":{"type":"Polygon","coordinates":[[[-94.106,39.144],[-94.064,39.134],[-94.024,39.154],[-94.028,39.192],[-93.98,39.206],[-93.962,39.184],[-93.988,39.152],[-93.962,39.144],[-93.942,39.18],[-93.898,39.184],[-93.84,39.216],[-93.758,39.208],[-93.712,39.206],[-93.65,39.248],[-93.586,39.24],[-93.56,39.218],[-93.492,39.224],[-93.492,39.284],[-93.478,39.292],[-93.496,38.942],[-93.496,38.928],[-93.834,38.938],[-93.838,38.908],[-94.114,38.918],[-94.106,39.144]]]}},{"type":"Feature","id":"29125","properties":{"n":"Maries","f":"29125"},"geometry":{"type":"Polygon","coordinates":[[[-92.196,38.292],[-92.024,38.29],[-91.862,38.294],[-91.644,38.288],[-91.644,38.154],[-91.63,38.154],[-91.634,38.052],[-91.896,38.052],[-91.966,38.01],[-92.02,38.01],[-92.186,38.016],[-92.182,38.162],[-92.196,38.162],[-92.196,38.292]]]}},{"type":"Feature","id":"29151","properties":{"n":"Osage","f":"29151"},"geometry":{"type":"Polygon","coordinates":[[[-92.194,38.336],[-92.194,38.37],[-92.114,38.402],[-92.168,38.464],[-92.118,38.458],[-92.042,38.466],[-92.01,38.5],[-92.024,38.524],[-92.01,38.57],[-91.946,38.598],[-91.878,38.658],[-91.82,38.68],[-91.758,38.686],[-91.726,38.706],[-91.648,38.704],[-91.64,38.704],[-91.644,38.288],[-91.862,38.294],[-92.024,38.29],[-92.196,38.292],[-92.194,38.336]]]}},{"type":"Feature","id":"27161","properties":{"n":"Waseca","f":"27161"},"geometry":{"type":"Polygon","coordinates":[[[-93.768,44.196],[-93.524,44.196],[-93.406,44.196],[-93.406,43.848],[-93.646,43.848],[-93.768,43.848],[-93.768,44.196]]]}},{"type":"Feature","id":"51147","properties":{"n":"Prince Edward","f":"51147"},"geometry":{"type":"Polygon","coordinates":[[[-78.684,37.248],[-78.626,37.322],[-78.594,37.344],[-78.594,37.398],[-78.55,37.346],[-78.51,37.33],[-78.464,37.34],[-78.396,37.306],[-78.342,37.32],[-78.32,37.308],[-78.234,37.368],[-78.23,37.296],[-78.238,37.12],[-78.274,37.104],[-78.36,37.106],[-78.442,37.08],[-78.482,37.086],[-78.514,37.132],[-78.546,37.15],[-78.582,37.14],[-78.636,37.17],[-78.644,37.194],[-78.694,37.204],[-78.684,37.248]]]}},{"type":"Feature","id":"37129","properties":{"n":"New Hanover","f":"37129"},"geometry":{"type":"Polygon","coordinates":[[[-78.03,34.332],[-77.994,34.336],[-77.986,34.372],[-77.962,34.382],[-77.93,34.362],[-77.822,34.388],[-77.81,34.358],[-77.74,34.292],[-77.71,34.298],[-77.764,34.244],[-77.828,34.164],[-77.878,34.068],[-77.936,33.93],[-77.948,33.972],[-77.932,34.028],[-77.936,34.122],[-77.954,34.154],[-77.958,34.234],[-78.016,34.292],[-78.03,34.332]]]}},{"type":"Feature","id":"26071","properties":{"n":"Iron","f":"26071"},"geometry":{"type":"Polygon","coordinates":[[[-88.992,46.42],[-88.68,46.42],[-88.116,46.42],[-88.116,46.246],[-88.116,45.922],[-88.244,45.964],[-88.296,45.952],[-88.382,45.992],[-88.424,45.978],[-88.5,45.996],[-88.506,46.018],[-88.604,46.016],[-88.614,45.988],[-88.664,45.994],[-88.682,46.014],[-88.74,46.028],[-88.812,46.022],[-88.934,46.074],[-88.992,46.098],[-88.992,46.332],[-88.992,46.42]]]}},{"type":"Feature","id":"21139","properties":{"n":"Livingston","f":"21139"},"geometry":{"type":"Polygon","coordinates":[[[-88.564,37.078],[-88.488,37.068],[-88.46,37.074],[-88.424,37.15],[-88.45,37.206],[-88.51,37.262],[-88.518,37.284],[-88.486,37.34],[-88.478,37.388],[-88.414,37.424],[-88.414,37.424],[-88.36,37.406],[-88.316,37.398],[-88.296,37.336],[-88.22,37.272],[-88.198,37.22],[-88.22,37.182],[-88.194,37.148],[-88.23,37.082],[-88.226,37.028],[-88.208,37],[-88.242,36.982],[-88.31,37.048],[-88.366,37.064],[-88.428,37.05],[-88.482,37.022],[-88.528,37.034],[-88.564,37.078]]]}},{"type":"Feature","id":"21145","properties":{"n":"McCracken","f":"21145"},"geometry":{"type":"Polygon","coordinates":[[[-88.934,37.228],[-88.926,37.226],[-88.804,37.188],[-88.754,37.156],[-88.628,37.12],[-88.564,37.078],[-88.528,37.034],[-88.482,37.022],[-88.486,36.942],[-88.7,36.942],[-88.812,36.948],[-88.816,36.954],[-88.934,37.228]]]}},{"type":"Feature","id":"45049","properties":{"n":"Hampton","f":"45049"},"geometry":{"type":"Polygon","coordinates":[[[-81.41,32.744],[-81.34,32.768],[-81.328,32.788],[-81.26,32.84],[-81.278,32.892],[-81.238,32.908],[-81.238,32.94],[-81.08,33.026],[-80.998,32.932],[-80.988,32.902],[-80.902,32.834],[-80.826,32.704],[-80.868,32.66],[-80.902,32.622],[-80.958,32.642],[-80.944,32.688],[-81.016,32.754],[-81.282,32.556],[-81.322,32.56],[-81.39,32.596],[-81.418,32.63],[-81.392,32.654],[-81.408,32.694],[-81.428,32.702],[-81.41,32.744]]]}},{"type":"Feature","id":"31037","properties":{"n":"Colfax","f":"31037"},"geometry":{"type":"Polygon","coordinates":[[[-97.254,41.744],[-97.02,41.744],[-96.906,41.742],[-96.906,41.456],[-97.018,41.414],[-97.178,41.376],[-97.254,41.384],[-97.254,41.744]]]}},{"type":"Feature","id":"30031","properties":{"n":"Gallatin","f":"30031"},"geometry":{"type":"Polygon","coordinates":[[[-111.806,45.798],[-111.704,45.796],[-111.662,45.834],[-111.59,45.906],[-111.546,45.91],[-111.468,45.956],[-111.456,45.998],[-111.42,45.994],[-111.424,46.06],[-111.356,46.118],[-111.346,46.152],[-111.306,46.188],[-111.062,46.192],[-110.782,46.192],[-110.792,45.988],[-110.79,45.786],[-110.796,45.786],[-110.796,45.592],[-110.858,45.592],[-110.858,45.524],[-110.918,45.524],[-110.918,45.352],[-111.036,45.352],[-111.036,45.176],[-111.044,45.002],[-111.054,45],[-111.058,44.866],[-111.054,44.666],[-111.048,44.474],[-111.124,44.494],[-111.144,44.536],[-111.23,44.586],[-111.224,44.624],[-111.324,44.724],[-111.378,44.752],[-111.374,45.35],[-111.35,45.35],[-111.352,45.642],[-111.536,45.642],[-111.596,45.7],[-111.64,45.714],[-111.662,45.744],[-111.722,45.744],[-111.722,45.772],[-111.806,45.798]]]}},{"type":"Feature","id":"31013","properties":{"n":"Box Butte","f":"31013"},"geometry":{"type":"Polygon","coordinates":[[[-103.446,42.438],[-102.774,42.44],[-102.75,42.44],[-102.752,42.356],[-102.742,42.178],[-102.742,42.092],[-102.702,42.092],[-102.698,42.004],[-102.864,42.002],[-103.362,42.002],[-103.402,42.004],[-103.402,42.09],[-103.446,42.09],[-103.446,42.438]]]}},{"type":"Feature","id":"21095","properties":{"n":"Harlan","f":"21095"},"geometry":{"type":"Polygon","coordinates":[[[-83.49,36.896],[-83.41,36.89],[-83.4,36.92],[-83.324,36.94],[-83.26,36.968],[-83.23,37.004],[-83.18,37.022],[-83.122,37.002],[-83.152,36.956],[-83.036,36.984],[-82.94,37.016],[-82.868,36.974],[-82.858,36.928],[-82.878,36.894],[-82.968,36.858],[-83.072,36.854],[-83.13,36.786],[-83.138,36.742],[-83.194,36.74],[-83.314,36.71],[-83.432,36.666],[-83.46,36.664],[-83.46,36.698],[-83.5,36.734],[-83.486,36.784],[-83.51,36.808],[-83.482,36.85],[-83.49,36.896]]]}},{"type":"Feature","id":"37037","properties":{"n":"Chatham","f":"37037"},"geometry":{"type":"Polygon","coordinates":[[[-79.54,35.844],[-79.236,35.844],[-79.25,35.876],[-79.082,35.86],[-79.016,35.864],[-78.906,35.868],[-78.996,35.61],[-78.916,35.584],[-78.97,35.522],[-79.016,35.544],[-79.052,35.596],[-79.118,35.628],[-79.15,35.62],[-79.2,35.558],[-79.242,35.57],[-79.276,35.532],[-79.286,35.556],[-79.35,35.518],[-79.556,35.516],[-79.54,35.844]]]}},{"type":"Feature","id":"48127","properties":{"n":"Dimmit","f":"48127"},"geometry":{"type":"Polygon","coordinates":[[[-100.114,28.648],[-99.408,28.64],[-99.396,28.64],[-99.396,28.252],[-99.394,28.204],[-100.114,28.198],[-100.114,28.648]]]}},{"type":"Feature","id":"21153","properties":{"n":"Magoffin","f":"21153"},"geometry":{"type":"Polygon","coordinates":[[[-83.004,37.86],[-82.99,37.818],[-82.95,37.796],[-82.94,37.716],[-82.948,37.678],[-82.904,37.64],[-82.89,37.564],[-82.896,37.51],[-82.926,37.486],[-82.948,37.504],[-83.018,37.55],[-83.012,37.584],[-83.04,37.584],[-83.09,37.632],[-83.134,37.606],[-83.174,37.642],[-83.248,37.67],[-83.262,37.712],[-83.242,37.744],[-83.27,37.77],[-83.228,37.79],[-83.21,37.82],[-83.112,37.864],[-83.13,37.894],[-83.058,37.87],[-83.034,37.886],[-83.004,37.86]]]}},{"type":"Feature","id":"21159","properties":{"n":"Martin","f":"21159"},"geometry":{"type":"Polygon","coordinates":[[[-82.614,37.88],[-82.58,37.954],[-82.534,37.962],[-82.498,37.946],[-82.474,37.9],[-82.42,37.884],[-82.424,37.854],[-82.376,37.802],[-82.34,37.786],[-82.334,37.74],[-82.376,37.74],[-82.412,37.712],[-82.388,37.698],[-82.406,37.672],[-82.456,37.668],[-82.52,37.694],[-82.564,37.686],[-82.642,37.72],[-82.652,37.778],[-82.674,37.788],[-82.646,37.822],[-82.67,37.852],[-82.614,37.88]]]}},{"type":"Feature","id":"27055","properties":{"n":"Houston","f":"27055"},"geometry":{"type":"Polygon","coordinates":[[[-91.73,43.848],[-91.286,43.848],[-91.246,43.774],[-91.256,43.726],[-91.274,43.676],[-91.268,43.616],[-91.232,43.584],[-91.246,43.546],[-91.216,43.5],[-91.612,43.5],[-91.73,43.5],[-91.73,43.848]]]}},{"type":"Feature","id":"53011","properties":{"n":"Clark","f":"53011"},"geometry":{"type":"Polygon","coordinates":[[[-122.784,45.85],[-122.72,45.868],[-122.738,45.914],[-122.72,45.932],[-122.66,45.928],[-122.558,45.954],[-122.534,45.98],[-122.476,45.988],[-122.372,45.96],[-122.332,45.964],[-122.328,46.01],[-122.272,46.06],[-122.246,46.054],[-122.25,45.818],[-122.25,45.548],[-122.332,45.548],[-122.38,45.576],[-122.44,45.564],[-122.48,45.58],[-122.644,45.61],[-122.764,45.656],[-122.764,45.728],[-122.77,45.78],[-122.796,45.81],[-122.784,45.85]]]}},{"type":"Feature","id":"55089","properties":{"n":"Ozaukee","f":"55089"},"geometry":{"type":"Polygon","coordinates":[[[-88.04,43.542],[-87.792,43.544],[-87.806,43.462],[-87.878,43.37],[-87.912,43.25],[-87.894,43.192],[-88.062,43.192],[-88.062,43.366],[-88.04,43.366],[-88.04,43.542]]]}},{"type":"Feature","id":"30043","properties":{"n":"Jefferson","f":"30043"},"geometry":{"type":"Polygon","coordinates":[[[-112.558,46.266],[-112.57,46.304],[-112.498,46.342],[-112.454,46.33],[-112.404,46.386],[-112.35,46.386],[-112.312,46.42],[-112.268,46.414],[-112.214,46.45],[-112.174,46.456],[-112.208,46.5],[-112.136,46.522],[-112.084,46.516],[-112.02,46.568],[-111.788,46.57],[-111.788,46.136],[-111.784,46.05],[-111.662,46.048],[-111.662,45.834],[-111.704,45.796],[-111.806,45.798],[-111.844,45.822],[-111.912,45.83],[-111.93,45.858],[-111.984,45.846],[-112.024,45.86],[-112.106,45.842],[-112.136,45.772],[-112.19,45.748],[-112.214,45.766],[-112.416,45.836],[-112.404,45.888],[-112.436,45.94],[-112.444,46.034],[-112.472,46.04],[-112.466,46.092],[-112.52,46.136],[-112.504,46.184],[-112.576,46.178],[-112.598,46.238],[-112.558,46.266]]]}},{"type":"Feature","id":"32011","properties":{"n":"Eureka","f":"32011"},"geometry":{"type":"Polygon","coordinates":[[[-116.586,41],[-116.158,41],[-116.158,40.666],[-116,40.128],[-115.836,40.128],[-115.826,40.052],[-115.832,40.002],[-115.804,39.91],[-115.796,39.854],[-115.814,39.816],[-115.81,39.764],[-115.832,39.728],[-115.814,39.588],[-115.832,39.57],[-115.842,39.508],[-115.868,39.472],[-115.908,39.458],[-115.908,39.162],[-116.6,39.162],[-116.594,39.398],[-116.6,40.074],[-116.594,40.32],[-116.596,40.946],[-116.586,41]]]}},{"type":"Feature","id":"31085","properties":{"n":"Hayes","f":"31085"},"geometry":{"type":"Polygon","coordinates":[[[-101.346,40.698],[-101.248,40.698],[-100.778,40.7],[-100.782,40.656],[-100.778,40.35],[-101.324,40.35],[-101.342,40.35],[-101.346,40.698]]]}},{"type":"Feature","id":"42097","properties":{"n":"Northumberland","f":"42097"},"geometry":{"type":"Polygon","coordinates":[[[-76.938,40.638],[-76.86,40.712],[-76.86,40.782],[-76.798,40.878],[-76.798,40.882],[-76.852,40.912],[-76.882,40.968],[-76.86,41.072],[-76.888,41.102],[-76.896,41.14],[-76.882,41.158],[-76.788,41.176],[-76.734,41.172],[-76.734,41.092],[-76.778,41.008],[-76.792,40.948],[-76.662,40.968],[-76.602,40.942],[-76.558,40.938],[-76.568,40.916],[-76.53,40.882],[-76.504,40.882],[-76.5,40.826],[-76.41,40.834],[-76.378,40.776],[-76.702,40.664],[-76.702,40.658],[-76.748,40.654],[-76.918,40.604],[-76.95,40.628],[-76.938,40.638]]]}},{"type":"Feature","id":"19041","properties":{"n":"Clay","f":"19041"},"geometry":{"type":"Polygon","coordinates":[[[-95.388,43.256],[-94.914,43.256],[-94.914,42.91],[-95.388,42.91],[-95.388,43.256]]]}},{"type":"Feature","id":"20149","properties":{"n":"Pottawatomie","f":"20149"},"geometry":{"type":"Polygon","coordinates":[[[-96.58,39.566],[-96.238,39.566],[-96.038,39.566],[-96.034,39.274],[-96.038,39.216],[-96.04,39.126],[-96.084,39.194],[-96.178,39.188],[-96.232,39.212],[-96.27,39.18],[-96.306,39.198],[-96.332,39.16],[-96.388,39.174],[-96.46,39.19],[-96.46,39.168],[-96.554,39.18],[-96.562,39.242],[-96.64,39.292],[-96.648,39.326],[-96.726,39.404],[-96.708,39.462],[-96.668,39.476],[-96.644,39.52],[-96.58,39.566]]]}},{"type":"Feature","id":"23001","properties":{"n":"Androscoggin","f":"23001"},"geometry":{"type":"Polygon","coordinates":[[[-70.238,44.458],[-70.202,44.478],[-70.13,44.488],[-70.1,44.384],[-70.134,44.372],[-70.076,44.298],[-70.076,44.206],[-69.994,44.18],[-70.026,44.13],[-70.004,44.124],[-70.05,43.99],[-70.032,43.976],[-70.08,43.926],[-70.118,43.908],[-70.198,43.946],[-70.316,44.038],[-70.364,43.986],[-70.402,43.99],[-70.482,44.032],[-70.486,44.06],[-70.334,44.21],[-70.324,44.208],[-70.266,44.362],[-70.274,44.44],[-70.238,44.458]]]}},{"type":"Feature","id":"27063","properties":{"n":"Jackson","f":"27063"},"geometry":{"type":"Polygon","coordinates":[[[-95.452,43.848],[-94.86,43.848],[-94.852,43.848],[-94.852,43.5],[-94.914,43.5],[-95.388,43.5],[-95.456,43.5],[-95.452,43.848]]]}},{"type":"Feature","id":"55027","properties":{"n":"Dodge","f":"55027"},"geometry":{"type":"Polygon","coordinates":[[[-89.006,43.634],[-88.888,43.634],[-88.402,43.63],[-88.4,43.544],[-88.402,43.37],[-88.418,43.37],[-88.418,43.194],[-88.536,43.196],[-89.01,43.198],[-89.01,43.284],[-89.006,43.372],[-89.006,43.634]]]}},{"type":"Feature","id":"42057","properties":{"n":"Fulton","f":"42057"},"geometry":{"type":"Polygon","coordinates":[[[-78.382,39.722],[-78.298,39.826],[-78.22,39.994],[-78.206,40.042],[-78.18,40.058],[-78.206,40.086],[-78.158,40.122],[-78.134,40.166],[-78.08,40.134],[-77.926,40.102],[-77.864,40.062],[-77.918,40.004],[-78.002,39.826],[-78.098,39.722],[-78.342,39.722],[-78.382,39.722]]]}},{"type":"Feature","id":"55093","properties":{"n":"Pierce","f":"55093"},"geometry":{"type":"Polygon","coordinates":[[[-92.768,44.862],[-92.376,44.862],[-92.136,44.858],[-92.136,44.684],[-92.136,44.54],[-92.316,44.542],[-92.336,44.554],[-92.434,44.566],[-92.542,44.568],[-92.574,44.604],[-92.624,44.618],[-92.62,44.64],[-92.732,44.714],[-92.804,44.746],[-92.806,44.768],[-92.764,44.836],[-92.768,44.862]]]}},{"type":"Feature","id":"30045","properties":{"n":"Judith Basin","f":"30045"},"geometry":{"type":"Polygon","coordinates":[[[-110.638,47.416],[-110.214,47.416],[-110.214,47.36],[-110.128,47.36],[-110.128,47.272],[-110,47.272],[-110,47.228],[-109.874,47.23],[-109.87,47.186],[-109.756,47.186],[-109.756,46.896],[-109.798,46.866],[-109.798,46.83],[-109.834,46.83],[-109.83,46.802],[-109.756,46.78],[-109.744,46.694],[-109.82,46.694],[-109.97,46.752],[-110.028,46.736],[-110.05,46.75],[-110.114,46.738],[-110.128,46.72],[-110.19,46.726],[-110.212,46.708],[-110.272,46.71],[-110.33,46.674],[-110.376,46.694],[-110.466,46.678],[-110.484,46.702],[-110.564,46.738],[-110.564,46.772],[-110.62,46.772],[-110.652,46.824],[-110.634,46.838],[-110.646,47.096],[-110.772,47.096],[-110.768,47.234],[-110.79,47.25],[-110.79,47.308],[-110.768,47.298],[-110.768,47.36],[-110.638,47.36],[-110.638,47.416]]]}},{"type":"Feature","id":"45057","properties":{"n":"Lancaster","f":"45057"},"geometry":{"type":"Polygon","coordinates":[[[-80.904,35.076],[-80.84,35.002],[-80.782,34.936],[-80.798,34.82],[-80.56,34.818],[-80.518,34.762],[-80.488,34.704],[-80.43,34.66],[-80.41,34.614],[-80.55,34.56],[-80.528,34.504],[-80.55,34.492],[-80.614,34.5],[-80.658,34.478],[-80.69,34.516],[-80.74,34.48],[-80.744,34.54],[-80.88,34.458],[-80.898,34.486],[-80.876,34.544],[-80.898,34.632],[-80.862,34.696],[-80.898,34.822],[-80.866,34.848],[-80.88,34.862],[-80.868,34.93],[-80.884,34.966],[-80.884,34.968],[-80.884,34.966],[-80.884,34.966],[-80.884,34.968],[-80.886,34.984],[-80.886,34.984],[-80.908,35.016],[-80.904,35.076]]]}},{"type":"Feature","id":"51033","properties":{"n":"Caroline","f":"51033"},"geometry":{"type":"Polygon","coordinates":[[[-77.642,37.99],[-77.516,38.106],[-77.37,38.246],[-77.326,38.246],[-77.226,38.242],[-77.25,38.23],[-77.254,38.19],[-77.214,38.198],[-77.19,38.174],[-77.114,38.15],[-77.108,38.126],[-77.144,38.12],[-77.168,38.08],[-77.09,38.014],[-77.072,37.964],[-77.15,37.972],[-77.182,37.95],[-77.182,37.892],[-77.24,37.91],[-77.248,37.876],[-77.344,37.79],[-77.398,37.778],[-77.394,37.802],[-77.426,37.83],[-77.424,37.864],[-77.444,37.894],[-77.484,37.884],[-77.528,37.92],[-77.546,37.916],[-77.578,37.958],[-77.61,37.954],[-77.642,37.99]]]}},{"type":"Feature","id":"27163","properties":{"n":"Washington","f":"27163"},"geometry":{"type":"Polygon","coordinates":[[[-93.018,44.89],[-92.982,44.894],[-92.986,45.124],[-93.022,45.124],[-93.018,45.298],[-92.746,45.296],[-92.76,45.292],[-92.756,45.21],[-92.768,45.186],[-92.746,45.108],[-92.804,45.058],[-92.764,45.028],[-92.77,44.972],[-92.75,44.938],[-92.774,44.902],[-92.768,44.862],[-92.764,44.836],[-92.806,44.768],[-92.804,44.746],[-92.854,44.748],[-92.882,44.774],[-92.928,44.782],[-93.004,44.772],[-93.018,44.89]]]}},{"type":"Feature","id":"29133","properties":{"n":"Mississippi","f":"29133"},"geometry":{"type":"Polygon","coordinates":[[[-89.31,37.01],[-89.268,36.994],[-89.258,37.016],[-89.31,37.054],[-89.26,37.064],[-89.2,37.016],[-89.17,36.97],[-89.132,36.982],[-89.1,36.944],[-89.138,36.848],[-89.174,36.84],[-89.178,36.808],[-89.124,36.784],[-89.128,36.752],[-89.186,36.754],[-89.2,36.716],[-89.168,36.686],[-89.174,36.65],[-89.214,36.58],[-89.26,36.564],[-89.328,36.632],[-89.376,36.704],[-89.43,36.746],[-89.484,36.832],[-89.52,36.87],[-89.502,36.906],[-89.466,36.906],[-89.466,36.936],[-89.43,36.936],[-89.412,36.964],[-89.376,36.966],[-89.376,36.994],[-89.31,37.01]]]}},{"type":"Feature","id":"42095","properties":{"n":"Northampton","f":"42095"},"geometry":{"type":"Polygon","coordinates":[[[-75.61,40.788],[-75.474,40.814],[-75.378,40.832],[-75.284,40.866],[-75.22,40.928],[-75.118,40.968],[-75.098,40.924],[-75.05,40.87],[-75.134,40.774],[-75.172,40.778],[-75.204,40.692],[-75.176,40.672],[-75.202,40.648],[-75.198,40.608],[-75.334,40.538],[-75.402,40.582],[-75.378,40.616],[-75.432,40.674],[-75.482,40.656],[-75.532,40.736],[-75.556,40.722],[-75.592,40.734],[-75.61,40.788]]]}},{"type":"Feature","id":"21169","properties":{"n":"Metcalfe","f":"21169"},"geometry":{"type":"Polygon","coordinates":[[[-85.744,37.17],[-85.686,37.182],[-85.632,37.126],[-85.528,37.11],[-85.502,37.008],[-85.442,36.954],[-85.452,36.938],[-85.474,36.894],[-85.506,36.868],[-85.56,36.852],[-85.604,36.872],[-85.574,36.838],[-85.596,36.818],[-85.614,36.832],[-85.74,36.842],[-85.758,37.11],[-85.776,37.138],[-85.744,37.17]]]}},{"type":"Feature","id":"04021","properties":{"n":"Pinal","f":"04021"},"geometry":{"type":"Polygon","coordinates":[[[-111.04,33.466],[-110.976,33.342],[-110.948,33.25],[-110.782,32.984],[-110.728,33.028],[-110.724,33.07],[-110.692,33.078],[-110.678,33.112],[-110.632,33.142],[-110.592,33.134],[-110.506,33.186],[-110.448,33.194],[-110.448,32.52],[-110.452,32.514],[-110.846,32.514],[-110.858,32.512],[-111.158,32.512],[-111.158,32.502],[-111.352,32.502],[-111.568,32.506],[-112.204,32.506],[-112.204,33.31],[-112.192,33.266],[-112.15,33.254],[-112.084,33.204],[-111.582,33.206],[-111.578,33.466],[-111.04,33.466]]]}},{"type":"Feature","id":"04017","properties":{"n":"Navajo","f":"04017"},"geometry":{"type":"Polygon","coordinates":[[[-110.75,37.004],[-110.492,37.004],[-110.47,36.998],[-110,36.998],[-110,35.662],[-109.828,35.662],[-109.828,35.518],[-109.846,35.518],[-109.842,35.17],[-109.846,34.822],[-109.852,34.822],[-109.848,34.648],[-109.866,34.56],[-109.848,34.488],[-109.848,34.126],[-109.86,34.126],[-109.86,33.778],[-109.892,33.778],[-109.892,33.568],[-110,33.578],[-110,34],[-110.75,34],[-110.75,34.264],[-110.75,37.004]]]}},{"type":"Feature","id":"04027","properties":{"n":"Yuma","f":"04027"},"geometry":{"type":"Polygon","coordinates":[[[-114.72,32.718],[-114.702,32.746],[-114.616,32.734],[-114.526,32.756],[-114.532,32.792],[-114.468,32.846],[-114.464,32.914],[-114.482,32.936],[-114.514,33.028],[-114.268,33.03],[-114.268,33.464],[-113.958,33.464],[-113.958,33.378],[-113.334,33.378],[-113.334,32.506],[-113.334,32.038],[-113.492,32.09],[-114.812,32.494],[-114.794,32.55],[-114.812,32.566],[-114.81,32.616],[-114.78,32.63],[-114.72,32.718]]]}},{"type":"Feature","id":"27025","properties":{"n":"Chisago","f":"27025"},"geometry":{"type":"Polygon","coordinates":[[[-93.14,45.73],[-92.842,45.73],[-92.864,45.722],[-92.886,45.644],[-92.886,45.58],[-92.81,45.562],[-92.774,45.568],[-92.724,45.542],[-92.728,45.514],[-92.646,45.442],[-92.648,45.398],[-92.702,45.358],[-92.7,45.334],[-92.746,45.296],[-93.018,45.298],[-93.018,45.412],[-93.022,45.558],[-93.14,45.558],[-93.14,45.73]]]}},{"type":"Feature","id":"21181","properties":{"n":"Nicholas","f":"21181"},"geometry":{"type":"Polygon","coordinates":[[[-84.192,38.372],[-84.102,38.46],[-84.01,38.432],[-83.98,38.44],[-83.948,38.424],[-83.916,38.36],[-83.874,38.362],[-83.834,38.314],[-83.848,38.296],[-83.978,38.192],[-83.988,38.218],[-84.028,38.214],[-84.064,38.234],[-84.056,38.256],[-84.096,38.26],[-84.168,38.356],[-84.192,38.372]]]}},{"type":"Feature","id":"27043","properties":{"n":"Faribault","f":"27043"},"geometry":{"type":"Polygon","coordinates":[[[-94.246,43.848],[-93.768,43.848],[-93.646,43.848],[-93.646,43.5],[-93.97,43.5],[-94.246,43.5],[-94.246,43.848]]]}},{"type":"Feature","id":"21193","properties":{"n":"Perry","f":"21193"},"geometry":{"type":"Polygon","coordinates":[[[-83.546,37.334],[-83.45,37.378],[-83.402,37.338],[-83.382,37.338],[-83.332,37.38],[-83.27,37.4],[-83.216,37.444],[-83.198,37.414],[-83.122,37.406],[-83.112,37.332],[-83.126,37.268],[-83.116,37.242],[-83.066,37.244],[-83.054,37.216],[-83,37.196],[-83.058,37.124],[-83.044,37.062],[-83.072,37.042],[-83.054,37.018],[-83.122,37.002],[-83.18,37.022],[-83.166,37.102],[-83.228,37.138],[-83.202,37.174],[-83.256,37.204],[-83.324,37.226],[-83.352,37.296],[-83.4,37.32],[-83.46,37.294],[-83.508,37.236],[-83.528,37.258],[-83.55,37.288],[-83.546,37.334]]]}},{"type":"Feature","id":"48037","properties":{"n":"Bowie","f":"48037"},"geometry":{"type":"Polygon","coordinates":[[[-94.738,33.706],[-94.71,33.688],[-94.648,33.688],[-94.644,33.668],[-94.588,33.68],[-94.518,33.616],[-94.486,33.638],[-94.458,33.644],[-94.458,33.598],[-94.418,33.578],[-94.386,33.582],[-94.394,33.552],[-94.358,33.544],[-94.34,33.566],[-94.31,33.552],[-94.3,33.576],[-94.224,33.554],[-94.186,33.592],[-94.142,33.578],[-94.124,33.552],[-94.102,33.57],[-94.046,33.552],[-94.046,33.552],[-94.046,33.552],[-94.042,33.542],[-94.042,33.298],[-94.092,33.306],[-94.138,33.294],[-94.168,33.31],[-94.218,33.298],[-94.24,33.274],[-94.232,33.242],[-94.378,33.256],[-94.414,33.284],[-94.518,33.282],[-94.53,33.268],[-94.62,33.248],[-94.652,33.268],[-94.692,33.312],[-94.73,33.31],[-94.748,33.328],[-94.746,33.704],[-94.738,33.706]]]}},{"type":"Feature","id":"45061","properties":{"n":"Lee","f":"45061"},"geometry":{"type":"Polygon","coordinates":[[[-80.482,34.17],[-80.43,34.226],[-80.438,34.284],[-80.352,34.304],[-80.362,34.34],[-80.326,34.34],[-80.288,34.364],[-80.244,34.324],[-80.176,34.366],[-80.176,34.326],[-80.136,34.284],[-80.112,34.198],[-80.158,34.162],[-80.134,34.128],[-80.072,34.086],[-80.026,34.074],[-80,34.048],[-80.026,34.008],[-80.072,34.008],[-80.18,33.952],[-80.186,34.004],[-80.252,33.992],[-80.27,34.036],[-80.294,34.04],[-80.324,34.08],[-80.406,34.082],[-80.482,34.112],[-80.482,34.17]]]}},{"type":"Feature","id":"21123","properties":{"n":"Larue","f":"21123"},"geometry":{"type":"Polygon","coordinates":[[[-85.682,37.732],[-85.64,37.696],[-85.592,37.694],[-85.6,37.64],[-85.574,37.638],[-85.624,37.552],[-85.564,37.522],[-85.552,37.554],[-85.52,37.554],[-85.502,37.55],[-85.466,37.466],[-85.5,37.484],[-85.528,37.454],[-85.586,37.47],[-85.636,37.472],[-85.656,37.422],[-85.894,37.44],[-85.876,37.544],[-85.822,37.574],[-85.8,37.624],[-85.736,37.654],[-85.682,37.732]]]}},{"type":"Feature","id":"13233","properties":{"n":"Polk","f":"13233"},"geometry":{"type":"Polygon","coordinates":[[[-85.42,34.08],[-85.258,34.078],[-85.258,34.1],[-85.046,34.096],[-85.046,34.084],[-84.922,34.082],[-84.978,33.952],[-85.05,33.952],[-85.05,33.904],[-85.212,33.906],[-85.212,33.9],[-85.388,33.902],[-85.398,33.964],[-85.42,34.08]]]}},{"type":"Feature","id":"31031","properties":{"n":"Cherry","f":"31031"},"geometry":{"type":"Polygon","coordinates":[[[-102.082,43],[-101.626,42.996],[-101.228,42.998],[-100.886,42.998],[-100.198,42.998],[-100.198,42.846],[-100.198,42.782],[-100.182,42.782],[-100.182,42.434],[-100.168,42.434],[-100.168,42.086],[-100.27,42.086],[-100.846,42.088],[-101.424,42.092],[-102.006,42.096],[-102.038,42.096],[-102.038,42.444],[-102.068,42.444],[-102.068,42.786],[-102.086,42.786],[-102.082,43]]]}},{"type":"Feature","id":"13247","properties":{"n":"Rockdale","f":"13247"},"geometry":{"type":"Polygon","coordinates":[[[-84.186,33.646],[-84.118,33.614],[-84.056,33.726],[-84.024,33.754],[-83.98,33.786],[-83.916,33.744],[-83.912,33.712],[-83.93,33.652],[-84.046,33.526],[-84.048,33.542],[-84.124,33.562],[-84.186,33.646]]]}},{"type":"Feature","id":"21195","properties":{"n":"Pike","f":"21195"},"geometry":{"type":"Polygon","coordinates":[[[-82.71,37.286],[-82.67,37.308],[-82.652,37.352],[-82.668,37.37],[-82.62,37.388],[-82.588,37.446],[-82.598,37.504],[-82.624,37.504],[-82.598,37.642],[-82.614,37.67],[-82.564,37.686],[-82.52,37.694],[-82.456,37.668],[-82.406,37.672],[-82.388,37.698],[-82.412,37.712],[-82.376,37.74],[-82.334,37.74],[-82.294,37.67],[-82.24,37.662],[-82.214,37.626],[-82.182,37.626],[-82.158,37.592],[-82.128,37.592],[-82.118,37.56],[-82.018,37.534],[-81.968,37.538],[-82.316,37.296],[-82.354,37.266],[-82.488,37.232],[-82.552,37.204],[-82.566,37.196],[-82.628,37.248],[-82.67,37.228],[-82.732,37.272],[-82.71,37.286]]]}},{"type":"Feature","id":"21197","properties":{"n":"Powell","f":"21197"},"geometry":{"type":"Polygon","coordinates":[[[-83.966,37.93],[-83.88,37.906],[-83.816,37.9],[-83.77,37.918],[-83.752,37.896],[-83.632,37.826],[-83.708,37.716],[-83.722,37.716],[-83.776,37.756],[-83.82,37.746],[-83.83,37.766],[-83.906,37.76],[-83.962,37.8],[-83.962,37.844],[-84.002,37.838],[-83.992,37.918],[-83.966,37.93]]]}},{"type":"Feature","id":"26139","properties":{"n":"Ottawa","f":"26139"},"geometry":{"type":"Polygon","coordinates":[[[-86.27,43.118],[-85.908,43.118],[-85.908,43.206],[-85.79,43.206],[-85.79,43.032],[-85.782,42.914],[-85.782,42.768],[-86.21,42.768],[-86.21,42.86],[-86.232,43.016],[-86.27,43.118]]]}},{"type":"Feature","id":"37153","properties":{"n":"Richmond","f":"37153"},"geometry":{"type":"Polygon","coordinates":[[[-80.076,35.144],[-80.022,35.138],[-79.982,35.158],[-79.9,35.162],[-79.85,35.184],[-79.75,35.174],[-79.674,35.174],[-79.612,35.164],[-79.574,35.122],[-79.576,35.07],[-79.502,35.064],[-79.458,35.044],[-79.574,34.992],[-79.584,34.956],[-79.562,34.91],[-79.626,34.852],[-79.624,34.828],[-79.692,34.804],[-79.928,34.806],[-79.904,34.854],[-79.85,34.902],[-79.872,34.952],[-79.868,34.982],[-79.9,35.004],[-79.878,35.034],[-79.91,35.066],[-79.924,35.116],[-79.946,35.118],[-79.994,35.086],[-80.068,35.112],[-80.076,35.144]]]}},{"type":"Feature","id":"48043","properties":{"n":"Brewster","f":"48043"},"geometry":{"type":"Polygon","coordinates":[[[-103.8,30.412],[-103.438,30.666],[-102.566,30.052],[-102.322,29.878],[-102.35,29.862],[-102.386,29.768],[-102.508,29.784],[-102.542,29.752],[-102.566,29.762],[-102.646,29.734],[-102.67,29.742],[-102.698,29.696],[-102.692,29.676],[-102.738,29.642],[-102.738,29.598],[-102.764,29.598],[-102.77,29.548],[-102.81,29.522],[-102.806,29.494],[-102.832,29.444],[-102.824,29.4],[-102.842,29.358],[-102.878,29.354],[-102.89,29.292],[-102.908,29.26],[-102.872,29.242],[-102.89,29.208],[-102.954,29.176],[-102.99,29.184],[-103.014,29.126],[-103.076,29.088],[-103.1,29.058],[-103.116,28.986],[-103.166,28.978],[-103.226,28.992],[-103.28,28.982],[-103.33,29.022],[-103.428,29.042],[-103.524,29.138],[-103.61,29.166],[-103.646,29.158],[-103.726,29.192],[-103.794,29.26],[-103.8,30.412]]]}},{"type":"Feature","id":"55095","properties":{"n":"Polk","f":"55095"},"geometry":{"type":"Polygon","coordinates":[[[-92.886,45.644],[-92.53,45.642],[-92.526,45.728],[-92.154,45.726],[-92.154,45.64],[-92.158,45.21],[-92.756,45.21],[-92.76,45.292],[-92.746,45.296],[-92.7,45.334],[-92.702,45.358],[-92.648,45.398],[-92.646,45.442],[-92.728,45.514],[-92.724,45.542],[-92.774,45.568],[-92.81,45.562],[-92.886,45.58],[-92.886,45.644]]]}},{"type":"Feature","id":"55109","properties":{"n":"St. Croix","f":"55109"},"geometry":{"type":"Polygon","coordinates":[[[-92.756,45.21],[-92.158,45.21],[-92.158,45.122],[-92.136,45.122],[-92.136,44.858],[-92.376,44.862],[-92.768,44.862],[-92.774,44.902],[-92.75,44.938],[-92.77,44.972],[-92.764,45.028],[-92.804,45.058],[-92.746,45.108],[-92.768,45.186],[-92.756,45.21]]]}},{"type":"Feature","id":"48111","properties":{"n":"Dallam","f":"48111"},"geometry":{"type":"Polygon","coordinates":[[[-103.004,36.5],[-102.164,36.5],[-102.164,36.056],[-103.04,36.056],[-103.04,36.318],[-103.044,36.5],[-103.004,36.5]]]}},{"type":"Feature","id":"42067","properties":{"n":"Juniata","f":"42067"},"geometry":{"type":"Polygon","coordinates":[[[-77.286,40.694],[-77.15,40.678],[-77.11,40.692],[-77.092,40.676],[-77.036,40.678],[-77.006,40.642],[-76.938,40.638],[-76.95,40.628],[-77.024,40.604],[-77.182,40.582],[-77.168,40.56],[-77.29,40.518],[-77.542,40.398],[-77.53,40.376],[-77.566,40.368],[-77.67,40.29],[-77.704,40.264],[-77.754,40.378],[-77.614,40.49],[-77.614,40.514],[-77.498,40.582],[-77.498,40.61],[-77.37,40.668],[-77.286,40.694]]]}},{"type":"Feature","id":"42131","properties":{"n":"Wyoming","f":"42131"},"geometry":{"type":"Polygon","coordinates":[[[-76.282,41.376],[-76.22,41.542],[-76.2,41.648],[-76.116,41.652],[-76.088,41.644],[-75.718,41.642],[-75.776,41.574],[-75.8,41.524],[-75.772,41.504],[-75.834,41.428],[-76.006,41.384],[-76.282,41.376]]]}},{"type":"Feature","id":"29095","properties":{"n":"Jackson","f":"29095"},"geometry":{"type":"Polygon","coordinates":[[[-94.608,39.044],[-94.608,39.114],[-94.522,39.148],[-94.484,39.146],[-94.462,39.12],[-94.4,39.168],[-94.39,39.194],[-94.368,39.164],[-94.29,39.236],[-94.256,39.236],[-94.214,39.208],[-94.17,39.212],[-94.188,39.184],[-94.134,39.172],[-94.106,39.144],[-94.114,38.918],[-94.12,38.832],[-94.49,38.842],[-94.608,38.848],[-94.608,39.044]]]}},{"type":"Feature","id":"42073","properties":{"n":"Lawrence","f":"42073"},"geometry":{"type":"Polygon","coordinates":[[[-80.52,41.124],[-80.258,41.128],[-80.258,41.118],[-80.148,41.114],[-80.098,41.07],[-80.166,41],[-80.158,40.856],[-80.52,40.852],[-80.52,40.9],[-80.52,41.124]]]}},{"type":"Feature","id":"42085","properties":{"n":"Mercer","f":"42085"},"geometry":{"type":"Polygon","coordinates":[[[-80.52,41.49],[-80.126,41.48],[-80,41.49],[-80,41.172],[-80.098,41.07],[-80.148,41.114],[-80.258,41.118],[-80.258,41.128],[-80.52,41.124],[-80.52,41.134],[-80.518,41.21],[-80.52,41.49]]]}},{"type":"Feature","id":"42079","properties":{"n":"Luzerne","f":"42079"},"geometry":{"type":"Polygon","coordinates":[[[-76.31,41.31],[-76.282,41.376],[-76.006,41.384],[-75.834,41.428],[-75.83,41.394],[-75.74,41.348],[-75.686,41.34],[-75.678,41.264],[-75.654,41.258],[-75.642,41.176],[-75.6,41.162],[-75.65,41.122],[-75.694,41.132],[-75.768,41.094],[-75.768,41.05],[-75.732,41.008],[-75.852,40.972],[-75.998,40.912],[-76.026,40.902],[-76.206,40.95],[-76.228,41.052],[-76.228,41.138],[-76.278,41.132],[-76.322,41.212],[-76.31,41.31]]]}},{"type":"Feature","id":"19103","properties":{"n":"Johnson","f":"19103"},"geometry":{"type":"Polygon","coordinates":[[[-91.83,41.862],[-91.368,41.86],[-91.368,41.598],[-91.368,41.422],[-91.482,41.424],[-91.514,41.47],[-91.518,41.512],[-91.83,41.512],[-91.826,41.6],[-91.83,41.862]]]}},{"type":"Feature","id":"19117","properties":{"n":"Lucas","f":"19117"},"geometry":{"type":"Polygon","coordinates":[[[-93.558,41.16],[-93.328,41.16],[-93.098,41.16],[-93.098,40.898],[-93.558,40.898],[-93.558,41.16]]]}},{"type":"Feature","id":"21221","properties":{"n":"Trigg","f":"21221"},"geometry":{"type":"Polygon","coordinates":[[[-88.158,36.868],[-88.004,36.91],[-87.878,36.96],[-87.858,36.95],[-87.764,36.974],[-87.732,37.002],[-87.66,36.966],[-87.67,36.878],[-87.674,36.756],[-87.696,36.638],[-87.854,36.634],[-87.85,36.664],[-88.07,36.678],[-88.112,36.748],[-88.158,36.868]]]}},{"type":"Feature","id":"37165","properties":{"n":"Scotland","f":"37165"},"geometry":{"type":"Polygon","coordinates":[[[-79.692,34.804],[-79.624,34.828],[-79.626,34.852],[-79.562,34.91],[-79.584,34.956],[-79.574,34.992],[-79.458,35.044],[-79.398,34.996],[-79.354,34.944],[-79.348,34.838],[-79.358,34.82],[-79.336,34.766],[-79.462,34.63],[-79.674,34.804],[-79.692,34.804]]]}},{"type":"Feature","id":"45065","properties":{"n":"McCormick","f":"45065"},"geometry":{"type":"Polygon","coordinates":[[[-82.596,34.014],[-82.53,34.072],[-82.484,34.082],[-82.452,34.06],[-82.326,34.064],[-82.304,33.972],[-82.236,34.014],[-82.2,33.978],[-82.15,33.986],[-82.046,33.984],[-82.046,33.954],[-82.158,33.93],[-82.158,33.888],[-82.114,33.83],[-82.172,33.766],[-82.182,33.724],[-82.164,33.69],[-82.096,33.634],[-82.114,33.596],[-82.15,33.598],[-82.196,33.63],[-82.218,33.686],[-82.248,33.752],[-82.352,33.836],[-82.456,33.882],[-82.524,33.944],[-82.564,33.956],[-82.596,34.014]]]}},{"type":"Feature","id":"45077","properties":{"n":"Pickens","f":"45077"},"geometry":{"type":"MultiPolygon","coordinates":[[[[-82.846,34.62],[-82.854,34.608],[-82.846,34.62],[-82.846,34.62]]],[[[-82.896,35.056],[-82.782,35.086],[-82.764,35.068],[-82.75,35.048],[-82.678,35.066],[-82.642,35.06],[-82.57,35.074],[-82.598,35.04],[-82.596,35.008],[-82.538,35.016],[-82.516,34.926],[-82.494,34.894],[-82.488,34.82],[-82.79,34.672],[-82.84,34.624],[-82.854,34.724],[-82.9,34.742],[-82.882,34.792],[-82.896,34.804],[-82.914,34.972],[-82.944,34.988],[-82.896,35.056]]]]}},{"type":"Feature","id":"51065","properties":{"n":"Fluvanna","f":"51065"},"geometry":{"type":"Polygon","coordinates":[[[-78.492,37.796],[-78.306,38.006],[-78.23,37.978],[-78.062,37.906],[-78.156,37.764],[-78.158,37.748],[-78.18,37.746],[-78.242,37.69],[-78.42,37.74],[-78.464,37.76],[-78.492,37.796]]]}},{"type":"Feature","id":"45085","properties":{"n":"Sumter","f":"45085"},"geometry":{"type":"Polygon","coordinates":[[[-80.618,34.1],[-80.582,34.1],[-80.482,34.17],[-80.482,34.112],[-80.406,34.082],[-80.324,34.08],[-80.294,34.04],[-80.27,34.036],[-80.252,33.992],[-80.186,34.004],[-80.18,33.952],[-80.072,34.008],[-80.026,34.008],[-80,34.048],[-79.904,34.002],[-79.892,33.988],[-79.976,33.946],[-80.122,33.87],[-80.136,33.868],[-80.256,33.804],[-80.274,33.786],[-80.398,33.768],[-80.392,33.716],[-80.434,33.712],[-80.43,33.738],[-80.478,33.714],[-80.5,33.674],[-80.536,33.644],[-80.614,33.712],[-80.622,33.742],[-80.596,33.786],[-80.632,33.852],[-80.622,33.934],[-80.646,34],[-80.6,34.04],[-80.636,34.084],[-80.618,34.1]]]}},{"type":"Feature","id":"51133","properties":{"n":"Northumberland","f":"51133"},"geometry":{"type":"Polygon","coordinates":[[[-76.518,38.034],[-76.468,38.014],[-76.414,37.966],[-76.342,37.948],[-76.236,37.888],[-76.254,37.832],[-76.306,37.812],[-76.322,37.68],[-76.376,37.712],[-76.364,37.768],[-76.4,37.78],[-76.428,37.828],[-76.468,37.822],[-76.508,37.838],[-76.548,37.868],[-76.554,37.932],[-76.634,37.966],[-76.616,38.002],[-76.572,38.028],[-76.518,38.034]]]}},{"type":"Feature","id":"21069","properties":{"n":"Fleming","f":"21069"},"geometry":{"type":"Polygon","coordinates":[[[-83.93,38.492],[-83.858,38.456],[-83.644,38.526],[-83.6,38.502],[-83.582,38.432],[-83.468,38.4],[-83.454,38.382],[-83.5,38.35],[-83.49,38.324],[-83.508,38.27],[-83.636,38.188],[-83.694,38.21],[-83.69,38.234],[-83.744,38.284],[-83.802,38.28],[-83.848,38.296],[-83.834,38.314],[-83.874,38.362],[-83.916,38.36],[-83.948,38.424],[-83.98,38.44],[-83.93,38.492]]]}},{"type":"Feature","id":"30099","properties":{"n":"Teton","f":"30099"},"geometry":{"type":"Polygon","coordinates":[[[-113.014,48.132],[-112.178,48.13],[-112.178,48.088],[-112.05,48.086],[-112.05,48.042],[-111.984,48.042],[-111.984,47.984],[-111.41,47.986],[-111.41,47.698],[-111.666,47.698],[-111.666,47.612],[-111.924,47.612],[-111.924,47.506],[-112.05,47.516],[-112.146,47.516],[-112.214,47.504],[-112.278,47.506],[-112.344,47.55],[-112.404,47.552],[-112.422,47.6],[-112.566,47.638],[-112.728,47.618],[-112.782,47.598],[-112.856,47.63],[-112.91,47.692],[-112.904,47.73],[-112.924,47.762],[-112.918,47.838],[-112.986,47.954],[-112.91,47.946],[-112.878,47.976],[-112.906,48.03],[-112.946,48.03],[-112.936,48.056],[-112.982,48.074],[-112.982,48.118],[-113.014,48.132]]]}},{"type":"Feature","id":"48067","properties":{"n":"Cass","f":"48067"},"geometry":{"type":"Polygon","coordinates":[[[-94.652,33.268],[-94.62,33.248],[-94.53,33.268],[-94.518,33.282],[-94.414,33.284],[-94.378,33.256],[-94.232,33.242],[-94.24,33.274],[-94.218,33.298],[-94.168,33.31],[-94.138,33.294],[-94.092,33.306],[-94.042,33.298],[-94.042,33.02],[-94.042,32.882],[-94.656,32.88],[-94.652,33.268]]]}},{"type":"Feature","id":"23017","properties":{"n":"Oxford","f":"23017"},"geometry":{"type":"Polygon","coordinates":[[[-70.834,45.274],[-70.78,45.018],[-70.822,45.014],[-70.804,44.926],[-70.772,44.84],[-70.768,44.732],[-70.614,44.796],[-70.51,44.628],[-70.55,44.61],[-70.28,44.57],[-70.28,44.506],[-70.252,44.504],[-70.238,44.458],[-70.274,44.44],[-70.266,44.362],[-70.324,44.208],[-70.334,44.21],[-70.486,44.06],[-70.482,44.032],[-70.51,44.042],[-70.542,44.006],[-70.596,44.032],[-70.608,44.102],[-70.586,44.124],[-70.626,44.172],[-70.822,44.078],[-70.858,44.096],[-70.848,44.05],[-70.794,44.04],[-70.714,43.962],[-70.758,43.906],[-70.744,43.886],[-70.798,43.864],[-70.782,43.814],[-70.888,43.806],[-70.958,43.786],[-70.988,43.792],[-71.01,44.286],[-71.03,44.656],[-71.084,45.306],[-71.01,45.318],[-71.01,45.348],[-70.92,45.312],[-70.922,45.28],[-70.898,45.242],[-70.858,45.23],[-70.834,45.274]]]}},{"type":"Feature","id":"21011","properties":{"n":"Bath","f":"21011"},"geometry":{"type":"Polygon","coordinates":[[[-83.978,38.192],[-83.848,38.296],[-83.802,38.28],[-83.744,38.284],[-83.69,38.234],[-83.694,38.21],[-83.636,38.188],[-83.594,38.168],[-83.622,38.15],[-83.524,38.118],[-83.536,38.094],[-83.464,38.08],[-83.5,38.05],[-83.576,38.058],[-83.572,38.024],[-83.612,38.008],[-83.658,38.028],[-83.758,37.998],[-83.802,38.042],[-83.82,38.082],[-83.88,38.136],[-83.974,38.158],[-83.978,38.192]]]}},{"type":"Feature","id":"37057","properties":{"n":"Davidson","f":"37057"},"geometry":{"type":"Polygon","coordinates":[[[-80.396,35.974],[-80.33,35.996],[-80.216,35.998],[-80.212,36.028],[-80.152,36.028],[-80.044,36.01],[-80.046,35.92],[-80.068,35.506],[-80.184,35.504],[-80.208,35.58],[-80.33,35.678],[-80.334,35.72],[-80.374,35.718],[-80.46,35.742],[-80.448,35.766],[-80.488,35.834],[-80.43,35.83],[-80.424,35.852],[-80.384,35.854],[-80.416,35.88],[-80.37,35.886],[-80.378,35.962],[-80.396,35.974]]]}},{"type":"Feature","id":"23005","properties":{"n":"Cumberland","f":"23005"},"geometry":{"type":"Polygon","coordinates":[[[-70.482,44.032],[-70.402,43.99],[-70.364,43.986],[-70.316,44.038],[-70.198,43.946],[-70.118,43.908],[-70.08,43.926],[-70.032,43.976],[-69.978,43.916],[-69.932,43.912],[-69.874,43.954],[-69.856,43.946],[-69.896,43.866],[-69.874,43.852],[-69.886,43.776],[-69.928,43.78],[-69.982,43.744],[-70,43.71],[-70.072,43.714],[-70.098,43.672],[-70.17,43.676],[-70.206,43.634],[-70.216,43.59],[-70.198,43.566],[-70.226,43.538],[-70.274,43.562],[-70.352,43.536],[-70.492,43.606],[-70.456,43.642],[-70.546,43.714],[-70.578,43.688],[-70.658,43.702],[-70.642,43.756],[-70.654,43.788],[-70.696,43.806],[-70.766,43.792],[-70.782,43.814],[-70.798,43.864],[-70.744,43.886],[-70.758,43.906],[-70.714,43.962],[-70.794,44.04],[-70.848,44.05],[-70.858,44.096],[-70.822,44.078],[-70.626,44.172],[-70.586,44.124],[-70.608,44.102],[-70.596,44.032],[-70.542,44.006],[-70.51,44.042],[-70.482,44.032]]]}},{"type":"Feature","id":"27013","properties":{"n":"Blue Earth","f":"27013"},"geometry":{"type":"Polygon","coordinates":[[[-94.372,44.264],[-94.29,44.24],[-94.214,44.202],[-94.114,44.182],[-94.046,44.154],[-94.002,44.17],[-94.024,44.222],[-94.012,44.24],[-93.768,44.24],[-93.768,44.196],[-93.768,43.848],[-94.246,43.848],[-94.368,43.848],[-94.368,44.108],[-94.372,44.264]]]}},{"type":"Feature","id":"51093","properties":{"n":"Isle of Wight","f":"51093"},"geometry":{"type":"Polygon","coordinates":[[[-76.924,36.708],[-76.902,36.758],[-76.866,36.788],[-76.852,36.852],[-76.816,36.88],[-76.816,36.906],[-76.86,36.956],[-76.848,36.996],[-76.698,37.058],[-76.672,37.142],[-76.656,37.04],[-76.576,37.022],[-76.486,36.952],[-76.482,36.93],[-76.53,36.916],[-76.748,36.752],[-76.9,36.644],[-76.91,36.648],[-76.924,36.684],[-76.924,36.682],[-76.924,36.684],[-76.924,36.682],[-76.918,36.694],[-76.918,36.694],[-76.918,36.7],[-76.918,36.7],[-76.918,36.7],[-76.918,36.7],[-76.918,36.7],[-76.918,36.7],[-76.92,36.7],[-76.92,36.7],[-76.924,36.7],[-76.924,36.7],[-76.928,36.7],[-76.928,36.7],[-76.928,36.7],[-76.928,36.7],[-76.924,36.708]]]}},{"type":"Feature","id":"30061","properties":{"n":"Mineral","f":"30061"},"geometry":{"type":"Polygon","coordinates":[[[-115.628,47.48],[-115.534,47.476],[-115.528,47.496],[-115.444,47.466],[-115.402,47.486],[-115.344,47.47],[-115.284,47.488],[-115.158,47.448],[-115.128,47.424],[-115.09,47.426],[-114.978,47.396],[-114.97,47.312],[-114.842,47.298],[-114.842,47.268],[-114.798,47.268],[-114.776,47.226],[-114.712,47.226],[-114.712,47.182],[-114.652,47.168],[-114.63,47.124],[-114.586,47.124],[-114.566,47.068],[-114.482,47.068],[-114.482,47.024],[-114.418,47.024],[-114.45,46.994],[-114.526,47.01],[-114.566,46.962],[-114.566,46.834],[-114.548,46.834],[-114.55,46.748],[-114.676,46.748],[-114.676,46.738],[-114.766,46.696],[-114.788,46.712],[-114.766,46.758],[-114.888,46.808],[-114.946,46.86],[-114.932,46.92],[-114.964,46.932],[-115.004,46.972],[-115.05,46.97],[-115.072,47.022],[-115.14,47.092],[-115.2,47.14],[-115.244,47.15],[-115.262,47.182],[-115.3,47.188],[-115.294,47.22],[-115.326,47.256],[-115.412,47.264],[-115.528,47.304],[-115.552,47.35],[-115.72,47.424],[-115.76,47.422],[-115.718,47.454],[-115.638,47.46],[-115.628,47.48]]]}},{"type":"Feature","id":"51685","properties":{"n":"Manassas Park","f":"51685"},"geometry":{"type":"Polygon","coordinates":[[[-77.434,38.78],[-77.46,38.772],[-77.476,38.782],[-77.434,38.78]]]}},{"type":"Feature","id":"55021","properties":{"n":"Columbia","f":"55021"},"geometry":{"type":"Polygon","coordinates":[[[-89.784,43.642],[-89.598,43.642],[-89.246,43.642],[-89.128,43.644],[-89.128,43.632],[-89.006,43.634],[-89.006,43.372],[-89.01,43.284],[-89.364,43.282],[-89.364,43.294],[-89.72,43.294],[-89.72,43.32],[-89.678,43.36],[-89.602,43.38],[-89.598,43.558],[-89.73,43.572],[-89.716,43.598],[-89.774,43.612],[-89.784,43.642]]]}},{"type":"Feature","id":"45005","properties":{"n":"Allendale","f":"45005"},"geometry":{"type":"Polygon","coordinates":[[[-81.616,33.094],[-81.544,33.158],[-81.364,33.108],[-81.192,33.118],[-81.124,33.054],[-81.08,33.026],[-81.238,32.94],[-81.238,32.908],[-81.278,32.892],[-81.26,32.84],[-81.328,32.788],[-81.34,32.768],[-81.41,32.744],[-81.426,32.768],[-81.426,32.84],[-81.458,32.854],[-81.464,32.896],[-81.508,32.95],[-81.49,33.008],[-81.544,33.046],[-81.616,33.094]]]}},{"type":"Feature","id":"21051","properties":{"n":"Clay","f":"21051"},"geometry":{"type":"Polygon","coordinates":[[[-83.944,37.25],[-83.902,37.254],[-83.876,37.294],[-83.784,37.348],[-83.68,37.338],[-83.654,37.358],[-83.596,37.292],[-83.528,37.258],[-83.508,37.236],[-83.504,37.204],[-83.55,37.168],[-83.554,37.08],[-83.51,37.004],[-83.51,36.938],[-83.59,36.956],[-83.64,36.96],[-83.736,37.006],[-83.776,37.038],[-83.816,37.028],[-83.87,37.054],[-83.862,37.092],[-83.884,37.12],[-83.926,37.114],[-83.97,37.168],[-83.942,37.206],[-83.944,37.25]]]}},{"type":"Feature","id":"21055","properties":{"n":"Crittenden","f":"21055"},"geometry":{"type":"Polygon","coordinates":[[[-88.36,37.406],[-88.298,37.448],[-88.256,37.456],[-88.084,37.472],[-88.062,37.506],[-88.016,37.546],[-87.998,37.506],[-87.932,37.48],[-87.94,37.426],[-87.904,37.398],[-87.846,37.42],[-87.842,37.376],[-87.8,37.38],[-88.052,37.238],[-88.09,37.222],[-88.094,37.18],[-88.12,37.156],[-88.184,37.126],[-88.194,37.148],[-88.22,37.182],[-88.198,37.22],[-88.22,37.272],[-88.296,37.336],[-88.316,37.398],[-88.36,37.406]]]}},{"type":"Feature","id":"37007","properties":{"n":"Anson","f":"37007"},"geometry":{"type":"Polygon","coordinates":[[[-80.32,34.814],[-80.276,35.196],[-80.256,35.212],[-80.226,35.156],[-80.172,35.148],[-80.112,35.194],[-80.076,35.144],[-80.068,35.112],[-79.994,35.086],[-79.946,35.118],[-79.924,35.116],[-79.91,35.066],[-79.878,35.034],[-79.9,35.004],[-79.868,34.982],[-79.872,34.952],[-79.85,34.902],[-79.904,34.854],[-79.928,34.806],[-80.32,34.814]]]}},{"type":"Feature","id":"21075","properties":{"n":"Fulton","f":"21075"},"geometry":{"type":"MultiPolygon","coordinates":[[[[-89.328,36.632],[-89.26,36.564],[-89.214,36.58],[-89.174,36.65],[-89.146,36.65],[-89.028,36.592],[-88.942,36.592],[-88.906,36.576],[-88.834,36.504],[-88.998,36.502],[-89.3,36.508],[-89.346,36.504],[-89.418,36.498],[-89.372,36.62],[-89.328,36.632]]],[[[-89.486,36.498],[-89.54,36.498],[-89.572,36.548],[-89.558,36.574],[-89.484,36.572],[-89.466,36.53],[-89.486,36.498]]]]}},{"type":"Feature","id":"21019","properties":{"n":"Boyd","f":"21019"},"geometry":{"type":"Polygon","coordinates":[[[-82.668,38.506],[-82.616,38.478],[-82.596,38.422],[-82.598,38.344],[-82.57,38.314],[-82.574,38.264],[-82.606,38.246],[-82.614,38.266],[-82.7,38.262],[-82.736,38.238],[-82.792,38.244],[-82.782,38.346],[-82.772,38.362],[-82.818,38.374],[-82.768,38.434],[-82.668,38.506]]]}},{"type":"Feature","id":"45001","properties":{"n":"Abbeville","f":"45001"},"geometry":{"type":"Polygon","coordinates":[[[-82.742,34.208],[-82.39,34.432],[-82.316,34.484],[-82.316,34.47],[-82.248,34.41],[-82.334,34.342],[-82.312,34.32],[-82.308,34.278],[-82.248,34.22],[-82.24,34.164],[-82.268,34.108],[-82.326,34.064],[-82.452,34.06],[-82.484,34.082],[-82.53,34.072],[-82.596,34.014],[-82.596,34.03],[-82.646,34.072],[-82.674,34.13],[-82.718,34.15],[-82.742,34.208]]]}},{"type":"Feature","id":"48149","properties":{"n":"Fayette","f":"48149"},"geometry":{"type":"Polygon","coordinates":[[[-97.316,29.786],[-97.024,30.052],[-97.02,30.032],[-96.844,30.116],[-96.794,30.16],[-96.766,30.14],[-96.684,30.152],[-96.648,30.146],[-96.622,30.044],[-96.568,29.962],[-96.716,29.792],[-96.874,29.632],[-97.142,29.628],[-97.132,29.644],[-97.318,29.784],[-97.316,29.786]]]}},{"type":"Feature","id":"41049","properties":{"n":"Morrow","f":"41049"},"geometry":{"type":"Polygon","coordinates":[[[-120,45.812],[-119.866,45.836],[-119.67,45.856],[-119.622,45.906],[-119.572,45.926],[-119.486,45.906],[-119.432,45.918],[-119.436,45.604],[-119.25,45.602],[-119.25,45.516],[-119.146,45.516],[-119.146,45.082],[-119.164,45.082],[-119.164,44.996],[-119.672,44.994],[-119.792,44.994],[-119.792,45.068],[-119.762,45.082],[-119.758,45.17],[-119.884,45.17],[-119.88,45.256],[-120.006,45.258],[-120.006,45.518],[-120,45.812]]]}},{"type":"Feature","id":"42013","properties":{"n":"Blair","f":"42013"},"geometry":{"type":"Polygon","coordinates":[[[-78.35,40.724],[-78.36,40.732],[-78.13,40.744],[-78.116,40.74],[-78.206,40.696],[-78.224,40.674],[-78.166,40.618],[-78.198,40.558],[-78.148,40.542],[-78.152,40.488],[-78.134,40.474],[-78.256,40.298],[-78.288,40.242],[-78.436,40.302],[-78.446,40.244],[-78.508,40.288],[-78.622,40.326],[-78.564,40.37],[-78.56,40.438],[-78.54,40.506],[-78.486,40.54],[-78.446,40.592],[-78.442,40.642],[-78.41,40.644],[-78.35,40.724]]]}},{"type":"Feature","id":"45089","properties":{"n":"Williamsburg","f":"45089"},"geometry":{"type":"Polygon","coordinates":[[[-80.1,33.498],[-79.994,33.704],[-79.976,33.722],[-79.996,33.768],[-79.914,33.818],[-79.874,33.886],[-79.836,33.882],[-79.8,33.836],[-79.742,33.834],[-79.724,33.814],[-79.678,33.816],[-79.498,33.776],[-79.44,33.784],[-79.35,33.816],[-79.326,33.798],[-79.318,33.78],[-79.394,33.712],[-79.444,33.596],[-79.434,33.578],[-79.498,33.516],[-79.538,33.498],[-79.592,33.444],[-79.634,33.372],[-79.678,33.336],[-79.678,33.304],[-79.756,33.33],[-79.782,33.368],[-79.854,33.402],[-79.892,33.454],[-79.972,33.5],[-80.082,33.506],[-80.1,33.498]]]}},{"type":"Feature","id":"27103","properties":{"n":"Nicollet","f":"27103"},"geometry":{"type":"Polygon","coordinates":[[[-94.78,44.456],[-94.624,44.456],[-93.93,44.458],[-93.962,44.366],[-93.934,44.344],[-93.96,44.308],[-94.024,44.258],[-94.012,44.24],[-94.024,44.222],[-94.002,44.17],[-94.046,44.154],[-94.114,44.182],[-94.214,44.202],[-94.29,44.24],[-94.372,44.264],[-94.412,44.274],[-94.462,44.332],[-94.522,44.366],[-94.666,44.394],[-94.694,44.428],[-94.78,44.456]]]}},{"type":"Feature","id":"48053","properties":{"n":"Burnet","f":"48053"},"geometry":{"type":"Polygon","coordinates":[[[-98.438,31.03],[-97.91,31.036],[-97.828,30.906],[-97.962,30.786],[-98.05,30.624],[-98.122,30.484],[-98.098,30.468],[-98.126,30.426],[-98.352,30.486],[-98.352,30.558],[-98.398,30.564],[-98.398,30.598],[-98.438,30.674],[-98.402,30.676],[-98.414,30.704],[-98.37,30.74],[-98.424,30.75],[-98.432,30.79],[-98.378,30.836],[-98.45,30.87],[-98.446,30.922],[-98.414,30.942],[-98.446,30.952],[-98.46,31.008],[-98.438,31.03]]]}},{"type":"Feature","id":"30023","properties":{"n":"Deer Lodge","f":"30023"},"geometry":{"type":"Polygon","coordinates":[[[-113.518,45.94],[-113.482,45.94],[-113.442,45.982],[-113.378,46.018],[-113.334,46.006],[-113.276,46.046],[-113.274,46.136],[-113.284,46.222],[-113.036,46.224],[-113.036,46.268],[-112.558,46.266],[-112.598,46.238],[-112.576,46.178],[-112.642,46.174],[-112.68,46.136],[-112.778,46.136],[-112.778,46.048],[-112.854,46.048],[-112.886,45.998],[-112.94,45.994],[-112.928,45.926],[-113.026,45.872],[-113.086,45.86],[-113.1,45.882],[-113.18,45.884],[-113.23,45.866],[-113.276,45.818],[-113.338,45.814],[-113.362,45.758],[-113.396,45.766],[-113.434,45.806],[-113.43,45.83],[-113.496,45.936],[-113.518,45.938],[-113.518,45.94]]]}},{"type":"Feature","id":"30093","properties":{"n":"Silver Bow","f":"30093"},"geometry":{"type":"Polygon","coordinates":[[[-112.576,46.178],[-112.504,46.184],[-112.52,46.136],[-112.466,46.092],[-112.472,46.04],[-112.444,46.034],[-112.436,45.94],[-112.404,45.888],[-112.416,45.836],[-112.214,45.766],[-112.19,45.748],[-112.462,45.742],[-112.498,45.76],[-112.552,45.684],[-112.688,45.624],[-112.702,45.676],[-112.734,45.686],[-112.76,45.748],[-112.824,45.774],[-112.904,45.78],[-112.928,45.802],[-112.99,45.808],[-113.086,45.86],[-113.026,45.872],[-112.928,45.926],[-112.94,45.994],[-112.886,45.998],[-112.854,46.048],[-112.778,46.048],[-112.778,46.136],[-112.68,46.136],[-112.642,46.174],[-112.576,46.178]]]}},{"type":"Feature","id":"48391","properties":{"n":"Refugio","f":"48391"},"geometry":{"type":"Polygon","coordinates":[[[-97.542,28.166],[-97.376,28.388],[-97.16,28.554],[-97.106,28.556],[-97.092,28.534],[-97.046,28.55],[-96.982,28.5],[-96.916,28.486],[-96.892,28.506],[-96.848,28.476],[-96.812,28.43],[-96.79,28.446],[-96.766,28.41],[-96.79,28.384],[-96.79,28.318],[-97.124,28.272],[-97.124,28.254],[-97.028,28.184],[-97.154,28.134],[-97.214,28.076],[-97.262,28.076],[-97.318,28.138],[-97.344,28.12],[-97.426,28.118],[-97.484,28.168],[-97.52,28.152],[-97.542,28.166]]]}},{"type":"Feature","id":"48357","properties":{"n":"Ochiltree","f":"48357"},"geometry":{"type":"Polygon","coordinates":[[[-101.084,36.5],[-100.954,36.5],[-100.546,36.5],[-100.546,36.056],[-101.088,36.058],[-101.084,36.5]]]}},{"type":"Feature","id":"29029","properties":{"n":"Camden","f":"29029"},"geometry":{"type":"Polygon","coordinates":[[[-93.076,38.264],[-93.058,38.272],[-93.016,38.242],[-92.99,38.188],[-92.962,38.228],[-92.932,38.22],[-92.962,38.198],[-92.764,38.19],[-92.756,38.212],[-92.696,38.222],[-92.642,38.212],[-92.642,38.172],[-92.606,38.17],[-92.588,38.096],[-92.516,38.022],[-92.404,38.022],[-92.408,37.86],[-92.452,37.824],[-92.502,37.828],[-92.548,37.8],[-92.598,37.84],[-92.62,37.892],[-92.858,37.896],[-93.072,37.902],[-93.066,38.062],[-93.058,38.186],[-93.084,38.186],[-93.076,38.264]]]}},{"type":"Feature","id":"45003","properties":{"n":"Aiken","f":"45003"},"geometry":{"type":"Polygon","coordinates":[[[-82.014,33.532],[-81.652,33.814],[-81.572,33.876],[-81.512,33.814],[-81.462,33.798],[-81.414,33.732],[-81.358,33.724],[-81.278,33.696],[-81.188,33.652],[-81.372,33.49],[-81.756,33.198],[-81.78,33.222],[-81.806,33.212],[-81.852,33.248],[-81.838,33.274],[-81.938,33.344],[-81.924,33.37],[-81.938,33.404],[-81.914,33.442],[-81.928,33.462],[-81.982,33.484],[-82.014,33.532]]]}},{"type":"Feature","id":"41003","properties":{"n":"Benton","f":"41003"},"geometry":{"type":"Polygon","coordinates":[[[-123.604,44.72],[-123.15,44.72],[-123.118,44.678],[-123.072,44.65],[-123.172,44.634],[-123.184,44.588],[-123.254,44.572],[-123.258,44.556],[-123.212,44.506],[-123.204,44.444],[-123.23,44.432],[-123.218,44.36],[-123.244,44.332],[-123.216,44.324],[-123.18,44.284],[-123.592,44.282],[-123.592,44.276],[-123.776,44.284],[-123.776,44.316],[-123.814,44.316],[-123.818,44.344],[-123.736,44.346],[-123.714,44.36],[-123.722,44.434],[-123.6,44.434],[-123.604,44.72]]]}},{"type":"Feature","id":"41039","properties":{"n":"Lane","f":"41039"},"geometry":{"type":"Polygon","coordinates":[[[-124.116,44.276],[-123.776,44.284],[-123.592,44.276],[-123.592,44.282],[-123.18,44.284],[-123.18,44.25],[-123.15,44.226],[-123.166,44.2],[-122.906,44.202],[-122.904,44.26],[-122.868,44.258],[-122.868,44.288],[-122.764,44.29],[-122.648,44.266],[-122.576,44.228],[-122.386,44.218],[-122.328,44.232],[-122.328,44.252],[-121.82,44.262],[-121.786,44.232],[-121.768,44.102],[-121.802,44.052],[-121.834,44.038],[-121.822,44.012],[-121.858,43.964],[-121.87,43.912],[-121.902,43.916],[-121.978,43.856],[-121.962,43.764],[-121.988,43.662],[-121.966,43.628],[-122.002,43.616],[-122.132,43.558],[-122.15,43.52],[-122.128,43.496],[-122.132,43.44],[-122.49,43.442],[-122.742,43.438],[-122.742,43.544],[-123.108,43.54],[-123.108,43.606],[-123.136,43.606],[-123.14,43.78],[-123.348,43.78],[-123.348,43.81],[-123.47,43.81],[-123.47,43.83],[-123.528,43.83],[-123.528,43.868],[-123.582,43.868],[-123.578,43.89],[-123.62,43.892],[-123.618,43.922],[-123.66,43.922],[-123.704,43.944],[-123.826,43.946],[-123.9,43.896],[-123.926,43.898],[-123.948,43.862],[-124.16,43.864],[-124.142,43.958],[-124.116,44.172],[-124.116,44.276]]]}},{"type":"Feature","id":"51097","properties":{"n":"King and Queen","f":"51097"},"geometry":{"type":"Polygon","coordinates":[[[-77.072,37.964],[-77.032,37.926],[-77.022,37.886],[-77.042,37.868],[-77.004,37.836],[-76.946,37.828],[-76.942,37.784],[-76.906,37.796],[-76.874,37.784],[-76.806,37.796],[-76.752,37.728],[-76.72,37.658],[-76.656,37.604],[-76.67,37.53],[-76.648,37.496],[-76.666,37.456],[-76.712,37.432],[-76.742,37.466],[-76.792,37.518],[-76.778,37.554],[-76.882,37.656],[-76.906,37.656],[-76.918,37.694],[-77.032,37.722],[-77.074,37.774],[-77.104,37.786],[-77.15,37.882],[-77.182,37.892],[-77.182,37.95],[-77.15,37.972],[-77.072,37.964]]]}},{"type":"Feature","id":"29201","properties":{"n":"Scott","f":"29201"},"geometry":{"type":"Polygon","coordinates":[[[-89.766,37.126],[-89.72,37.14],[-89.688,37.198],[-89.62,37.218],[-89.62,37.234],[-89.49,37.252],[-89.458,37.24],[-89.462,37.2],[-89.414,37.126],[-89.376,37.086],[-89.38,37.04],[-89.31,37.01],[-89.376,36.994],[-89.376,36.966],[-89.412,36.964],[-89.43,36.936],[-89.466,36.936],[-89.466,36.906],[-89.502,36.906],[-89.52,36.87],[-89.692,36.86],[-89.684,36.924],[-89.716,36.954],[-89.72,36.99],[-89.788,37.088],[-89.766,37.126]]]}},{"type":"Feature","id":"48321","properties":{"n":"Matagorda","f":"48321"},"geometry":{"type":"Polygon","coordinates":[[[-96.378,28.39],[-96.324,28.642],[-96.324,28.676],[-96.31,28.964],[-95.966,29.146],[-95.876,29.23],[-95.84,29.174],[-95.844,29.106],[-95.764,29.06],[-95.782,29.044],[-95.764,28.968],[-95.674,28.964],[-95.65,28.942],[-95.636,28.898],[-95.592,28.872],[-95.57,28.832],[-95.506,28.826],[-95.66,28.75],[-95.812,28.666],[-96.002,28.588],[-96.22,28.492],[-96.378,28.39]]]}},{"type":"Feature","id":"48447","properties":{"n":"Throckmorton","f":"48447"},"geometry":{"type":"Polygon","coordinates":[[[-99.472,33.4],[-98.956,33.398],[-98.952,32.956],[-99.096,32.956],[-99.472,32.956],[-99.472,33.4]]]}},{"type":"Feature","id":"55129","properties":{"n":"Washburn","f":"55129"},"geometry":{"type":"Polygon","coordinates":[[[-92.05,46.158],[-91.55,46.158],[-91.55,45.984],[-91.544,45.982],[-91.54,45.638],[-92.032,45.64],[-92.036,45.984],[-92.05,45.984],[-92.05,46.158]]]}},{"type":"Feature","id":"31055","properties":{"n":"Douglas","f":"31055"},"geometry":{"type":"Polygon","coordinates":[[[-96.472,41.392],[-96.328,41.392],[-95.936,41.392],[-95.954,41.34],[-95.882,41.316],[-95.93,41.282],[-95.912,41.228],[-95.922,41.19],[-96.328,41.19],[-96.364,41.234],[-96.35,41.264],[-96.406,41.314],[-96.422,41.364],[-96.472,41.392]]]}},{"type":"Feature","id":"51520","properties":{"n":"Bristol","f":"51520"},"geometry":{"type":"Polygon","coordinates":[[[-82.244,36.596],[-82.178,36.626],[-82.114,36.638],[-82.146,36.596],[-82.244,36.596]]]}},{"type":"Feature","id":"51570","properties":{"n":"Colonial Heights","f":"51570"},"geometry":{"type":"Polygon","coordinates":[[[-77.406,37.238],[-77.416,37.234],[-77.43,37.276],[-77.37,37.298],[-77.384,37.242],[-77.406,37.238]]]}},{"type":"Feature","id":"48001","properties":{"n":"Anderson","f":"48001"},"geometry":{"type":"Polygon","coordinates":[[[-96.052,32.006],[-95.428,32.084],[-95.424,32.018],[-95.452,31.96],[-95.424,31.926],[-95.448,31.844],[-95.412,31.836],[-95.394,31.786],[-95.402,31.762],[-95.34,31.736],[-95.276,31.658],[-95.272,31.592],[-95.654,31.542],[-95.646,31.528],[-95.74,31.504],[-95.75,31.552],[-95.718,31.554],[-95.728,31.584],[-95.71,31.616],[-95.736,31.654],[-95.758,31.644],[-95.768,31.598],[-95.786,31.618],[-95.8,31.674],[-95.88,31.7],[-95.876,31.754],[-95.984,31.786],[-95.976,31.832],[-95.994,31.84],[-95.97,31.876],[-96.026,31.874],[-96.002,31.914],[-96.026,31.956],[-96.062,31.978],[-96.052,32.006]]]}},{"type":"Feature","id":"21039","properties":{"n":"Carlisle","f":"21039"},"geometry":{"type":"Polygon","coordinates":[[[-89.1,36.944],[-89.082,36.916],[-89.012,36.93],[-88.988,36.92],[-88.916,36.942],[-88.816,36.954],[-88.812,36.948],[-88.812,36.772],[-89.066,36.772],[-89.102,36.796],[-89.124,36.784],[-89.178,36.808],[-89.174,36.84],[-89.138,36.848],[-89.1,36.944]]]}},{"type":"Feature","id":"29033","properties":{"n":"Carroll","f":"29033"},"geometry":{"type":"Polygon","coordinates":[[[-93.758,39.524],[-93.758,39.612],[-93.278,39.616],[-93.266,39.55],[-93.284,39.52],[-93.262,39.46],[-93.226,39.472],[-93.212,39.442],[-93.116,39.416],[-93.104,39.384],[-93.14,39.378],[-93.166,39.404],[-93.202,39.402],[-93.19,39.366],[-93.23,39.328],[-93.256,39.338],[-93.278,39.312],[-93.33,39.31],[-93.334,39.25],[-93.396,39.226],[-93.41,39.268],[-93.478,39.292],[-93.492,39.284],[-93.492,39.224],[-93.56,39.218],[-93.586,39.24],[-93.65,39.248],[-93.712,39.206],[-93.758,39.208],[-93.758,39.524]]]}},{"type":"Feature","id":"48055","properties":{"n":"Caldwell","f":"48055"},"geometry":{"type":"Polygon","coordinates":[[[-97.71,30.024],[-97.648,30.068],[-97.316,29.786],[-97.318,29.784],[-97.598,29.63],[-97.634,29.65],[-97.652,29.666],[-97.72,29.682],[-97.738,29.714],[-97.768,29.72],[-97.782,29.76],[-97.8,29.752],[-97.818,29.79],[-97.842,29.798],[-97.85,29.844],[-97.874,29.858],[-97.892,29.884],[-97.792,29.946],[-97.76,29.988],[-97.71,30.024]]]}},{"type":"Feature","id":"50021","properties":{"n":"Rutland","f":"50021"},"geometry":{"type":"Polygon","coordinates":[[[-73.364,43.754],[-73.206,43.766],[-73.22,43.836],[-73.03,43.846],[-73.016,43.806],[-72.958,43.826],[-72.876,43.858],[-72.872,43.84],[-72.79,43.824],[-72.782,43.804],[-72.822,43.716],[-72.7,43.684],[-72.758,43.588],[-72.772,43.592],[-72.79,43.494],[-72.728,43.468],[-72.76,43.354],[-72.826,43.38],[-72.854,43.372],[-72.868,43.3],[-73.256,43.314],[-73.248,43.554],[-73.296,43.58],[-73.302,43.624],[-73.37,43.624],[-73.396,43.568],[-73.432,43.59],[-73.406,43.688],[-73.364,43.754]]]}},{"type":"Feature","id":"41031","properties":{"n":"Jefferson","f":"41031"},"geometry":{"type":"Polygon","coordinates":[[[-121.802,44.684],[-121.804,44.73],[-121.762,44.762],[-121.812,44.782],[-121.808,44.814],[-121.754,44.83],[-121.726,44.826],[-121.09,44.824],[-120.372,44.822],[-120.404,44.794],[-120.388,44.762],[-120.388,44.564],[-120.828,44.562],[-120.828,44.476],[-120.99,44.476],[-120.99,44.39],[-121.108,44.39],[-121.844,44.392],[-121.848,44.492],[-121.808,44.516],[-121.794,44.594],[-121.812,44.614],[-121.802,44.684]]]}},{"type":"Feature","id":"51185","properties":{"n":"Tazewell","f":"51185"},"geometry":{"type":"Polygon","coordinates":[[[-81.902,37.142],[-81.856,37.174],[-81.762,37.202],[-81.738,37.238],[-81.676,37.202],[-81.554,37.208],[-81.508,37.232],[-81.5,37.258],[-81.418,37.272],[-81.39,37.32],[-81.36,37.338],[-81.322,37.3],[-81.224,37.236],[-81.286,37.216],[-81.264,37.174],[-81.314,37.16],[-81.328,37.138],[-81.27,37.128],[-81.27,37.094],[-81.358,37.058],[-81.4,37.058],[-81.462,37.036],[-81.436,37.01],[-81.48,36.986],[-81.476,37.018],[-81.576,36.99],[-81.684,36.932],[-81.708,36.978],[-81.78,36.958],[-81.828,37.054],[-81.892,37.114],[-81.902,37.142]]]}},{"type":"Feature","id":"51043","properties":{"n":"Clarke","f":"51043"},"geometry":{"type":"Polygon","coordinates":[[[-78.034,39.264],[-77.828,39.132],[-77.862,39.082],[-77.962,39.014],[-78.004,38.98],[-78.058,39.02],[-78.098,39.014],[-78.152,39.036],[-78.072,39.178],[-78.076,39.204],[-78.034,39.264]]]}},{"type":"Feature","id":"12067","properties":{"n":"Lafayette","f":"12067"},"geometry":{"type":"Polygon","coordinates":[[[-83.368,30.26],[-83.248,30.26],[-83.248,30.184],[-83.228,30.114],[-83.184,30.094],[-83.158,30.11],[-83.07,30.082],[-83.066,30.066],[-83.012,30.032],[-83.004,30.012],[-82.962,29.994],[-82.93,29.958],[-82.926,29.92],[-82.878,29.886],[-82.894,29.826],[-82.922,29.824],[-83.32,29.824],[-83.352,29.822],[-83.352,29.888],[-83.37,29.888],[-83.368,30.26]]]}},{"type":"Feature","id":"20205","properties":{"n":"Wilson","f":"20205"},"geometry":{"type":"Polygon","coordinates":[[[-95.962,37.604],[-95.962,37.734],[-95.524,37.732],[-95.524,37.384],[-95.962,37.388],[-95.962,37.604]]]}},{"type":"Feature","id":"30057","properties":{"n":"Madison","f":"30057"},"geometry":{"type":"Polygon","coordinates":[[[-112.688,45.624],[-112.552,45.684],[-112.498,45.76],[-112.462,45.742],[-112.19,45.748],[-112.136,45.772],[-112.106,45.842],[-112.024,45.86],[-111.984,45.846],[-111.93,45.858],[-111.912,45.83],[-111.844,45.822],[-111.806,45.798],[-111.722,45.772],[-111.722,45.744],[-111.662,45.744],[-111.64,45.714],[-111.596,45.7],[-111.536,45.642],[-111.352,45.642],[-111.35,45.35],[-111.374,45.35],[-111.378,44.752],[-111.414,44.71],[-111.482,44.708],[-111.78,44.708],[-111.78,44.78],[-112.068,44.784],[-112.068,44.826],[-112.168,44.826],[-112.168,44.912],[-112.19,44.912],[-112.192,45],[-112.332,45],[-112.332,45.088],[-112.458,45.088],[-112.466,45.394],[-112.504,45.444],[-112.576,45.43],[-112.626,45.44],[-112.692,45.484],[-112.706,45.534],[-112.688,45.57],[-112.688,45.624]]]}},{"type":"Feature","id":"29005","properties":{"n":"Atchison","f":"29005"},"geometry":{"type":"Polygon","coordinates":[[[-95.764,40.586],[-95.374,40.58],[-95.2,40.578],[-95.2,40.478],[-95.18,40.478],[-95.18,40.262],[-95.556,40.264],[-95.552,40.292],[-95.618,40.314],[-95.66,40.408],[-95.656,40.442],[-95.696,40.472],[-95.7,40.506],[-95.654,40.542],[-95.692,40.556],[-95.71,40.524],[-95.768,40.532],[-95.764,40.586]]]}},{"type":"Feature","id":"51083","properties":{"n":"Halifax","f":"51083"},"geometry":{"type":"Polygon","coordinates":[[[-79.218,36.542],[-79.092,37.062],[-79.002,37.03],[-78.97,37.05],[-78.906,37.022],[-78.902,36.98],[-78.816,36.984],[-78.794,36.956],[-78.74,37.002],[-78.726,36.938],[-78.752,36.92],[-78.672,36.858],[-78.686,36.824],[-78.666,36.764],[-78.69,36.742],[-78.648,36.698],[-78.676,36.688],[-78.712,36.642],[-78.716,36.582],[-78.734,36.542],[-78.798,36.542],[-79.138,36.542],[-79.218,36.542]]]}},{"type":"Feature","id":"51013","properties":{"n":"Arlington","f":"51013"},"geometry":{"type":"Polygon","coordinates":[[[-77.118,38.934],[-77.04,38.872],[-77.042,38.84],[-77.11,38.844],[-77.15,38.876],[-77.172,38.892],[-77.118,38.934]]]}},{"type":"Feature","id":"53057","properties":{"n":"Skagit","f":"53057"},"geometry":{"type":"MultiPolygon","coordinates":[[[[-122.652,48.548],[-122.652,48.584],[-122.58,48.548],[-122.642,48.526],[-122.652,48.548]]],[[[-122.49,48.646],[-121.564,48.642],[-120.908,48.64],[-120.908,48.658],[-120.754,48.658],[-120.79,48.626],[-120.76,48.584],[-120.72,48.596],[-120.688,48.576],[-120.702,48.532],[-120.764,48.508],[-120.818,48.52],[-120.858,48.548],[-120.904,48.524],[-120.95,48.53],[-120.95,48.5],[-121.036,48.496],[-121.062,48.46],[-121.036,48.432],[-121.066,48.392],[-121.044,48.364],[-121.072,48.318],[-121,48.296],[-121.966,48.298],[-122.38,48.298],[-122.408,48.326],[-122.508,48.364],[-122.554,48.406],[-122.552,48.44],[-122.656,48.412],[-122.68,48.44],[-122.666,48.478],[-122.712,48.464],[-122.702,48.498],[-122.616,48.522],[-122.57,48.508],[-122.536,48.466],[-122.468,48.472],[-122.504,48.566],[-122.444,48.57],[-122.426,48.6],[-122.49,48.646]]],[[[-122.742,48.584],[-122.712,48.608],[-122.67,48.568],[-122.724,48.54],[-122.742,48.584]]]]}},{"type":"Feature","id":"30025","properties":{"n":"Fallon","f":"30025"},"geometry":{"type":"Polygon","coordinates":[[[-104.734,46.612],[-104.734,46.656],[-104.608,46.656],[-104.608,46.684],[-104.418,46.684],[-104.354,46.67],[-104.354,46.642],[-104.044,46.642],[-104.044,46.542],[-104.044,46.28],[-104.048,46],[-104.044,45.946],[-104.044,45.882],[-104.134,45.882],[-104.134,45.97],[-104.39,45.97],[-104.39,46.054],[-104.516,46.054],[-104.516,46.136],[-104.884,46.136],[-104.884,46.314],[-104.906,46.314],[-104.906,46.482],[-104.734,46.482],[-104.734,46.612]]]}},{"type":"Feature","id":"51181","properties":{"n":"Surry","f":"51181"},"geometry":{"type":"Polygon","coordinates":[[[-77.154,37.112],[-77.072,37.184],[-77.01,37.212],[-77.014,37.234],[-76.97,37.248],[-76.942,37.234],[-76.91,37.202],[-76.866,37.21],[-76.802,37.198],[-76.748,37.15],[-76.716,37.15],[-76.688,37.198],[-76.662,37.174],[-76.672,37.142],[-76.698,37.058],[-76.848,36.996],[-76.952,36.944],[-76.968,37],[-76.964,37.054],[-77.036,37.07],[-77.074,37.066],[-77.154,37.112]]]}},{"type":"Feature","id":"53071","properties":{"n":"Walla Walla","f":"53071"},"geometry":{"type":"Polygon","coordinates":[[[-118.23,46.594],[-118.244,46.56],[-118.24,46.294],[-118.114,46.296],[-118.114,46.208],[-117.992,46.208],[-117.996,46],[-118.988,46],[-118.94,46.028],[-118.94,46.066],[-118.976,46.14],[-119.042,46.192],[-118.972,46.238],[-118.866,46.252],[-118.83,46.282],[-118.768,46.298],[-118.746,46.36],[-118.704,46.36],[-118.636,46.414],[-118.614,46.504],[-118.55,46.556],[-118.47,46.598],[-118.392,46.58],[-118.306,46.606],[-118.23,46.594]]]}},{"type":"Feature","id":"13057","properties":{"n":"Cherokee","f":"13057"},"geometry":{"type":"Polygon","coordinates":[[[-84.652,34.412],[-84.584,34.412],[-84.584,34.382],[-84.258,34.382],[-84.258,34.334],[-84.258,34.186],[-84.354,34.176],[-84.362,34.124],[-84.418,34.108],[-84.418,34.074],[-84.66,34.078],[-84.66,34.202],[-84.652,34.228],[-84.652,34.412]]]}},{"type":"Feature","id":"27149","properties":{"n":"Stevens","f":"27149"},"geometry":{"type":"Polygon","coordinates":[[[-96.252,45.76],[-95.758,45.76],[-95.758,45.586],[-95.746,45.586],[-95.746,45.412],[-96.116,45.412],[-96.242,45.412],[-96.242,45.586],[-96.252,45.586],[-96.252,45.76]]]}},{"type":"Feature","id":"20019","properties":{"n":"Chautauqua","f":"20019"},"geometry":{"type":"Polygon","coordinates":[[[-96.526,37.302],[-95.966,37.3],[-95.966,36.998],[-96.002,36.998],[-96.526,36.998],[-96.526,37.302]]]}},{"type":"Feature","id":"29075","properties":{"n":"Gentry","f":"29075"},"geometry":{"type":"Polygon","coordinates":[[[-94.606,40.126],[-94.598,40.386],[-94.214,40.384],[-94.218,40.136],[-94.218,40.034],[-94.328,40.038],[-94.606,40.038],[-94.606,40.126]]]}},{"type":"Feature","id":"51187","properties":{"n":"Warren","f":"51187"},"geometry":{"type":"Polygon","coordinates":[[[-78.396,38.822],[-78.334,38.882],[-78.298,38.944],[-78.334,38.95],[-78.314,39.008],[-78.162,39.018],[-78.152,39.036],[-78.098,39.014],[-78.058,39.02],[-78.004,38.98],[-78.076,38.912],[-78.062,38.892],[-78.13,38.864],[-78.152,38.854],[-78.184,38.792],[-78.252,38.758],[-78.284,38.758],[-78.292,38.78],[-78.396,38.822]]]}},{"type":"Feature","id":"19135","properties":{"n":"Monroe","f":"19135"},"geometry":{"type":"Polygon","coordinates":[[[-93.098,41.16],[-92.872,41.16],[-92.642,41.16],[-92.638,40.898],[-93.098,40.898],[-93.098,41.16]]]}},{"type":"Feature","id":"48325","properties":{"n":"Medina","f":"48325"},"geometry":{"type":"Polygon","coordinates":[[[-99.412,29.628],[-99.002,29.622],[-98.976,29.614],[-98.984,29.564],[-98.926,29.562],[-98.808,29.69],[-98.804,29.522],[-98.804,29.25],[-98.804,29.09],[-99.414,29.092],[-99.412,29.628]]]}},{"type":"Feature","id":"29021","properties":{"n":"Buchanan","f":"29021"},"geometry":{"type":"Polygon","coordinates":[[[-95.054,39.616],[-95.028,39.666],[-94.974,39.682],[-94.956,39.746],[-94.91,39.726],[-94.874,39.73],[-94.87,39.772],[-94.914,39.758],[-94.924,39.79],[-94.882,39.798],[-94.878,39.82],[-94.602,39.82],[-94.602,39.746],[-94.602,39.53],[-95.104,39.532],[-95.108,39.574],[-95.046,39.594],[-95.054,39.616]]]}},{"type":"Feature","id":"30011","properties":{"n":"Carter","f":"30011"},"geometry":{"type":"Polygon","coordinates":[[[-104.982,45.786],[-104.938,45.786],[-104.938,46.136],[-104.884,46.136],[-104.516,46.136],[-104.516,46.054],[-104.39,46.054],[-104.39,45.97],[-104.134,45.97],[-104.134,45.882],[-104.044,45.882],[-104.042,45.75],[-104.042,45.214],[-104.042,45],[-104.06,44.998],[-104.472,44.998],[-105.04,45],[-105.04,45.352],[-104.988,45.352],[-104.982,45.786]]]}},{"type":"Feature","id":"26055","properties":{"n":"Grand Traverse","f":"26055"},"geometry":{"type":"Polygon","coordinates":[[[-85.814,44.774],[-85.64,44.774],[-85.6,44.766],[-85.532,44.89],[-85.52,44.974],[-85.474,44.992],[-85.502,44.856],[-85.556,44.818],[-85.578,44.76],[-85.528,44.748],[-85.5,44.804],[-85.442,44.86],[-85.38,44.86],[-85.374,44.83],[-85.334,44.812],[-85.334,44.512],[-85.818,44.512],[-85.814,44.774]]]}},{"type":"Feature","id":"42111","properties":{"n":"Somerset","f":"42111"},"geometry":{"type":"Polygon","coordinates":[[[-79.294,40.04],[-79.258,40.088],[-79.21,40.118],[-79.186,40.11],[-79.16,40.16],[-79.142,40.164],[-79.056,40.284],[-78.934,40.284],[-78.894,40.272],[-78.884,40.244],[-78.658,40.242],[-78.74,40.07],[-78.762,40.058],[-78.758,39.824],[-78.808,39.722],[-78.928,39.722],[-79.394,39.722],[-79.4,39.756],[-79.358,39.782],[-79.364,39.82],[-79.418,39.854],[-79.398,39.9],[-79.294,40.04]]]}},{"type":"Feature","id":"36109","properties":{"n":"Tompkins","f":"36109"},"geometry":{"type":"Polygon","coordinates":[[[-76.698,42.546],[-76.586,42.55],[-76.62,42.566],[-76.666,42.624],[-76.458,42.628],[-76.458,42.618],[-76.264,42.624],[-76.254,42.408],[-76.3,42.386],[-76.242,42.364],[-76.25,42.296],[-76.35,42.318],[-76.414,42.318],[-76.414,42.264],[-76.476,42.264],[-76.476,42.282],[-76.536,42.282],[-76.62,42.282],[-76.69,42.284],[-76.688,42.374],[-76.698,42.546]]]}},{"type":"Feature","id":"36067","properties":{"n":"Onondaga","f":"36067"},"geometry":{"type":"Polygon","coordinates":[[[-76.48,43.228],[-76.306,43.23],[-76.282,43.202],[-76.26,43.238],[-76.224,43.204],[-76.196,43.218],[-76.202,43.272],[-75.994,43.184],[-75.97,43.154],[-75.976,43.092],[-75.92,43.09],[-75.898,42.79],[-76.274,42.772],[-76.306,42.814],[-76.358,42.85],[-76.45,42.846],[-76.462,43.006],[-76.494,43.006],[-76.498,43.102],[-76.472,43.106],[-76.48,43.228]]]}},{"type":"Feature","id":"45051","properties":{"n":"Horry","f":"45051"},"geometry":{"type":"Polygon","coordinates":[[[-79.128,34.254],[-79.07,34.3],[-78.65,33.944],[-78.54,33.852],[-78.586,33.844],[-78.716,33.8],[-78.812,33.744],[-78.938,33.64],[-79.002,33.572],[-79.1,33.572],[-79.138,33.664],[-79.19,33.706],[-79.26,33.816],[-79.264,33.892],[-79.296,33.9],[-79.34,33.97],[-79.3,34.028],[-79.242,34.068],[-79.25,34.09],[-79.208,34.132],[-79.192,34.176],[-79.132,34.222],[-79.128,34.254]]]}},{"type":"Feature","id":"30041","properties":{"n":"Hill","f":"30041"},"geometry":{"type":"Polygon","coordinates":[[[-110.742,48.998],[-110.172,48.998],[-109.49,49],[-109.49,48.914],[-109.504,48.914],[-109.504,48.568],[-109.498,48.526],[-109.464,48.526],[-109.464,48.452],[-109.498,48.452],[-109.498,48.396],[-109.518,48.396],[-109.518,48.294],[-109.55,48.294],[-109.55,48.222],[-109.532,48.222],[-109.532,48.134],[-109.726,48.134],[-109.726,48.222],[-109.846,48.218],[-109.846,48.306],[-110.624,48.306],[-110.624,48.22],[-110.756,48.22],[-110.742,48.914],[-110.742,48.998]]]}},{"type":"Feature","id":"36001","properties":{"n":"Albany","f":"36001"},"geometry":{"type":"Polygon","coordinates":[[[-74.182,42.73],[-73.812,42.776],[-73.808,42.778],[-73.77,42.786],[-73.736,42.82],[-73.69,42.776],[-73.676,42.784],[-73.708,42.694],[-73.758,42.614],[-73.752,42.566],[-73.784,42.464],[-74.254,42.408],[-74.264,42.42],[-74.228,42.494],[-74.244,42.55],[-74.192,42.618],[-74.164,42.718],[-74.182,42.73]]]}},{"type":"Feature","id":"13121","properties":{"n":"Fulton","f":"13121"},"geometry":{"type":"Polygon","coordinates":[[[-84.81,33.574],[-84.752,33.63],[-84.656,33.664],[-84.652,33.684],[-84.576,33.744],[-84.468,33.828],[-84.44,33.89],[-84.448,33.91],[-84.404,33.944],[-84.376,33.986],[-84.4,34.014],[-84.418,34.074],[-84.418,34.108],[-84.362,34.124],[-84.354,34.176],[-84.258,34.186],[-84.258,34.11],[-84.188,34.086],[-84.142,34.056],[-84.1,34.05],[-84.168,34.028],[-84.182,33.998],[-84.214,34.004],[-84.264,33.986],[-84.278,33.958],[-84.346,33.962],[-84.35,33.648],[-84.458,33.648],[-84.458,33.552],[-84.57,33.524],[-84.608,33.502],[-84.62,33.51],[-84.85,33.512],[-84.818,33.52],[-84.832,33.546],[-84.81,33.574]]]}},{"type":"Feature","id":"55091","properties":{"n":"Pepin","f":"55091"},"geometry":{"type":"Polygon","coordinates":[[[-92.316,44.542],[-92.136,44.54],[-92.136,44.684],[-91.652,44.684],[-91.652,44.596],[-92,44.596],[-92.024,44.59],[-92.046,44.51],[-92.086,44.408],[-92.214,44.438],[-92.244,44.454],[-92.304,44.504],[-92.316,44.542]]]}},{"type":"Feature","id":"01105","properties":{"n":"Perry","f":"01105"},"geometry":{"type":"Polygon","coordinates":[[[-87.422,32.874],[-87.318,32.876],[-87.318,32.832],[-87.02,32.836],[-87.018,32.73],[-87.05,32.62],[-87.042,32.6],[-87.082,32.57],[-87.082,32.536],[-87.114,32.488],[-87.422,32.482],[-87.422,32.308],[-87.474,32.308],[-87.524,32.308],[-87.524,32.482],[-87.524,32.656],[-87.474,32.656],[-87.474,32.83],[-87.422,32.83],[-87.422,32.874]]]}},{"type":"Feature","id":"13125","properties":{"n":"Glascock","f":"13125"},"geometry":{"type":"Polygon","coordinates":[[[-82.756,33.254],[-82.678,33.274],[-82.646,33.302],[-82.56,33.328],[-82.43,33.274],[-82.584,33.172],[-82.578,33.12],[-82.664,33.126],[-82.738,33.176],[-82.732,33.208],[-82.75,33.238],[-82.756,33.254]]]}},{"type":"Feature","id":"48173","properties":{"n":"Glasscock","f":"48173"},"geometry":{"type":"Polygon","coordinates":[[[-101.776,32.086],[-101.694,32.088],[-101.264,32.088],[-101.266,31.652],[-101.776,31.652],[-101.776,32.086]]]}},{"type":"Feature","id":"08059","properties":{"n":"Jefferson","f":"08059"},"geometry":{"type":"MultiPolygon","coordinates":[[[[-105.054,39.632],[-105.054,39.63],[-105.054,39.632],[-105.054,39.632]]],[[[-105.398,39.566],[-105.398,39.746],[-105.398,39.912],[-105.146,39.914],[-105.072,39.9],[-105.054,39.914],[-105.054,39.79],[-105.054,39.698],[-105.082,39.67],[-105.054,39.652],[-105.11,39.626],[-105.054,39.622],[-105.05,39.566],[-105.086,39.496],[-105.136,39.472],[-105.122,39.434],[-105.172,39.408],[-105.164,39.362],[-105.234,39.246],[-105.33,39.13],[-105.398,39.13],[-105.398,39.566]]]]}},{"type":"Feature","id":"08029","properties":{"n":"Delta","f":"08029"},"geometry":{"type":"Polygon","coordinates":[[[-107.502,39.218],[-107.502,38.668],[-108.378,38.668],[-108.378,38.83],[-108.14,38.906],[-108.086,38.968],[-108.094,38.98],[-107.982,39.06],[-107.908,39.06],[-107.856,39.08],[-107.768,39.044],[-107.688,39.088],[-107.638,39.142],[-107.502,39.218]]]}},{"type":"Feature","id":"13063","properties":{"n":"Clayton","f":"13063"},"geometry":{"type":"Polygon","coordinates":[[[-84.35,33.648],[-84.282,33.648],[-84.242,33.59],[-84.282,33.548],[-84.294,33.436],[-84.354,33.436],[-84.354,33.352],[-84.386,33.352],[-84.382,33.402],[-84.4,33.426],[-84.382,33.462],[-84.418,33.494],[-84.44,33.55],[-84.458,33.552],[-84.458,33.648],[-84.35,33.648]]]}},{"type":"Feature","id":"36103","properties":{"n":"Suffolk","f":"36103"},"geometry":{"type":"MultiPolygon","coordinates":[[[[-72.036,41.256],[-72.024,41.27],[-71.928,41.29],[-72.004,41.252],[-72.036,41.256]]],[[[-72.144,41.098],[-72.126,41.116],[-72.086,41.102],[-72.086,41.058],[-72.108,41.088],[-72.144,41.098]]],[[[-72.216,41.184],[-72.158,41.196],[-72.2,41.16],[-72.216,41.184]]],[[[-73.424,40.61],[-73.432,40.724],[-73.46,40.868],[-73.496,40.922],[-73.486,40.946],[-73.406,40.92],[-73.4,40.956],[-73.368,40.932],[-73.296,40.924],[-73.23,40.904],[-73.148,40.928],[-73.142,40.966],[-73.08,40.972],[-73.044,40.962],[-72.776,40.966],[-72.636,40.982],[-72.584,40.998],[-72.478,41.052],[-72.444,41.086],[-72.402,41.098],[-72.356,41.14],[-72.28,41.158],[-72.236,41.156],[-72.302,41.112],[-72.334,41.106],[-72.28,41.08],[-72.262,41.042],[-72.2,41.032],[-72.162,41.054],[-72.104,40.992],[-72.05,41.006],[-71.968,41.048],[-71.96,41.072],[-71.9,41.082],[-71.856,41.07],[-71.874,41.052],[-72.114,40.972],[-72.394,40.866],[-72.574,40.812],[-72.864,40.734],[-73.054,40.666],[-73.21,40.63],[-73.306,40.62],[-73.328,40.634],[-73.424,40.61]]]]}},{"type":"Feature","id":"36045","properties":{"n":"Jefferson","f":"36045"},"geometry":{"type":"MultiPolygon","coordinates":[[[[-76.376,43.874],[-76.318,43.918],[-76.336,43.878],[-76.376,43.874]]],[[[-75.862,44.402],[-75.446,44.218],[-75.546,44.104],[-75.484,44.074],[-75.502,44.01],[-75.55,44.008],[-75.542,43.968],[-75.604,43.972],[-75.758,43.878],[-75.84,43.884],[-75.852,43.792],[-75.786,43.788],[-75.776,43.69],[-76.024,43.708],[-76.024,43.668],[-76.2,43.68],[-76.228,43.804],[-76.3,43.838],[-76.26,43.882],[-76.21,43.89],[-76.202,43.862],[-76.128,43.898],[-76.138,43.934],[-76.206,43.976],[-76.286,43.962],[-76.268,43.988],[-76.322,44.032],[-76.376,44.032],[-76.372,44.1],[-76.314,44.2],[-76.246,44.204],[-76.164,44.24],[-76.164,44.282],[-76.098,44.3],[-76.002,44.348],[-75.97,44.342],[-75.862,44.402]]],[[[-76.454,43.89],[-76.41,43.926],[-76.378,43.922],[-76.454,43.89]]]]}},{"type":"Feature","id":"20107","properties":{"n":"Linn","f":"20107"},"geometry":{"type":"Polygon","coordinates":[[[-95.064,38.39],[-94.612,38.388],[-94.612,38.06],[-94.612,38.038],[-95.078,38.038],[-95.076,38.26],[-95.064,38.26],[-95.064,38.39]]]}},{"type":"Feature","id":"37161","properties":{"n":"Rutherford","f":"37161"},"geometry":{"type":"Polygon","coordinates":[[[-82.266,35.468],[-82.226,35.498],[-82.232,35.52],[-82.168,35.528],[-82.15,35.518],[-82.038,35.532],[-82.004,35.552],[-81.968,35.526],[-81.906,35.542],[-81.842,35.542],[-81.824,35.576],[-81.752,35.614],[-81.69,35.58],[-81.702,35.358],[-81.76,35.222],[-81.77,35.18],[-81.874,35.184],[-81.97,35.188],[-81.968,35.258],[-81.996,35.27],[-82.056,35.338],[-82.128,35.396],[-82.262,35.394],[-82.28,35.444],[-82.266,35.468]]]}},{"type":"Feature","id":"34041","properties":{"n":"Warren","f":"34041"},"geometry":{"type":"Polygon","coordinates":[[[-75.118,40.968],[-75.134,40.99],[-75.026,41.04],[-74.968,41.094],[-74.77,40.91],[-74.806,40.882],[-74.818,40.838],[-74.89,40.788],[-74.968,40.71],[-75.018,40.694],[-75.108,40.64],[-75.148,40.628],[-75.19,40.592],[-75.198,40.608],[-75.202,40.648],[-75.176,40.672],[-75.204,40.692],[-75.172,40.778],[-75.134,40.774],[-75.05,40.87],[-75.098,40.924],[-75.118,40.968]]]}},{"type":"Feature","id":"51191","properties":{"n":"Washington","f":"51191"},"geometry":{"type":"Polygon","coordinates":[[[-81.838,36.93],[-81.698,36.79],[-81.62,36.634],[-81.604,36.638],[-81.648,36.612],[-81.828,36.614],[-81.924,36.616],[-81.934,36.594],[-82.146,36.596],[-82.114,36.638],[-82.178,36.626],[-82.244,36.596],[-82.294,36.596],[-82.334,36.71],[-82.226,36.762],[-82.104,36.798],[-82.118,36.818],[-82.074,36.856],[-81.982,36.88],[-81.946,36.864],[-81.884,36.89],[-81.838,36.93]]]}},{"type":"Feature","id":"01015","properties":{"n":"Calhoun","f":"01015"},"geometry":{"type":"Polygon","coordinates":[[[-86.066,33.842],[-85.994,33.864],[-85.97,33.914],[-85.902,33.906],[-85.902,33.944],[-85.848,33.956],[-85.74,33.936],[-85.74,33.968],[-85.528,33.956],[-85.532,33.942],[-85.532,33.888],[-85.604,33.89],[-85.636,33.876],[-85.636,33.846],[-85.586,33.846],[-85.586,33.802],[-85.64,33.772],[-85.64,33.648],[-85.656,33.626],[-85.744,33.6],[-85.744,33.556],[-85.796,33.556],[-85.794,33.586],[-85.994,33.586],[-86.024,33.602],[-86.026,33.646],[-86.048,33.674],[-86.146,33.68],[-86.146,33.71],[-86.044,33.762],[-86.066,33.842]]]}},{"type":"Feature","id":"13133","properties":{"n":"Greene","f":"13133"},"geometry":{"type":"Polygon","coordinates":[[[-83.406,33.698],[-83.292,33.734],[-83.28,33.762],[-83.12,33.7],[-83.048,33.716],[-82.998,33.694],[-82.95,33.662],[-83.016,33.58],[-82.986,33.52],[-83.012,33.468],[-83.162,33.354],[-83.198,33.396],[-83.244,33.4],[-83.242,33.418],[-83.28,33.484],[-83.27,33.534],[-83.346,33.6],[-83.37,33.656],[-83.406,33.698]]]}},{"type":"Feature","id":"04013","properties":{"n":"Maricopa","f":"04013"},"geometry":{"type":"Polygon","coordinates":[[[-113.334,33.378],[-113.334,33.998],[-112.746,34],[-112.276,33.882],[-112.242,33.906],[-112.242,33.942],[-112.196,33.974],[-112.164,34.048],[-111.726,34],[-111.496,34],[-111.446,34.002],[-111.45,33.92],[-111.406,33.92],[-111.414,33.884],[-111.37,33.824],[-111.388,33.804],[-111.386,33.75],[-111.338,33.718],[-111.332,33.688],[-111.264,33.622],[-111.224,33.602],[-111.21,33.634],[-111.152,33.678],[-111.04,33.466],[-111.578,33.466],[-111.582,33.206],[-112.084,33.204],[-112.15,33.254],[-112.192,33.266],[-112.204,33.31],[-112.204,32.506],[-113.108,32.506],[-113.334,32.506],[-113.334,33.378]]]}},{"type":"Feature","id":"20095","properties":{"n":"Kingman","f":"20095"},"geometry":{"type":"Polygon","coordinates":[[[-98.464,37.472],[-98.464,37.732],[-97.806,37.734],[-97.806,37.474],[-97.806,37.386],[-98.348,37.384],[-98.464,37.384],[-98.464,37.472]]]}},{"type":"Feature","id":"20123","properties":{"n":"Mitchell","f":"20123"},"geometry":{"type":"Polygon","coordinates":[[[-98.488,39.568],[-97.932,39.566],[-97.928,39.566],[-97.928,39.306],[-97.928,39.22],[-98.488,39.22],[-98.488,39.568]]]}},{"type":"Feature","id":"20083","properties":{"n":"Hodgeman","f":"20083"},"geometry":{"type":"Polygon","coordinates":[[[-100.226,38.262],[-99.584,38.262],[-99.57,38.262],[-99.57,38.088],[-99.57,37.912],[-100.226,37.914],[-100.226,38.002],[-100.226,38.262]]]}},{"type":"Feature","id":"20127","properties":{"n":"Morris","f":"20127"},"geometry":{"type":"Polygon","coordinates":[[[-96.892,38.87],[-96.5,38.87],[-96.5,38.826],[-96.388,38.826],[-96.388,38.74],[-96.354,38.74],[-96.354,38.522],[-96.82,38.522],[-96.93,38.522],[-96.93,38.61],[-96.928,38.812],[-96.892,38.812],[-96.892,38.87]]]}},{"type":"Feature","id":"27095","properties":{"n":"Mille Lacs","f":"27095"},"geometry":{"type":"Polygon","coordinates":[[[-93.798,46.244],[-93.432,46.246],[-93.432,46.154],[-93.432,45.982],[-93.518,45.982],[-93.514,45.734],[-93.51,45.558],[-93.758,45.56],[-93.766,45.822],[-93.768,45.982],[-93.812,45.982],[-93.812,46.156],[-93.812,46.244],[-93.798,46.244]]]}},{"type":"Feature","id":"42045","properties":{"n":"Delaware","f":"42045"},"geometry":{"type":"Polygon","coordinates":[[[-75.36,40.066],[-75.276,39.978],[-75.234,39.938],[-75.262,39.876],[-75.212,39.866],[-75.27,39.85],[-75.356,39.84],[-75.416,39.802],[-75.5,39.834],[-75.596,39.838],[-75.596,39.874],[-75.524,39.944],[-75.434,39.984],[-75.452,39.994],[-75.406,40.026],[-75.416,40.042],[-75.36,40.066]]]}},{"type":"Feature","id":"19095","properties":{"n":"Iowa","f":"19095"},"geometry":{"type":"Polygon","coordinates":[[[-92.298,41.862],[-91.83,41.862],[-91.826,41.6],[-91.83,41.512],[-91.946,41.51],[-92.298,41.51],[-92.3,41.776],[-92.298,41.862]]]}},{"type":"Feature","id":"31053","properties":{"n":"Dodge","f":"31053"},"geometry":{"type":"Polygon","coordinates":[[[-96.906,41.742],[-96.554,41.742],[-96.442,41.742],[-96.446,41.684],[-96.442,41.524],[-96.424,41.48],[-96.386,41.466],[-96.368,41.436],[-96.328,41.436],[-96.328,41.392],[-96.472,41.392],[-96.504,41.396],[-96.568,41.434],[-96.69,41.426],[-96.748,41.45],[-96.82,41.44],[-96.906,41.452],[-96.906,41.456],[-96.906,41.742]]]}},{"type":"Feature","id":"04009","properties":{"n":"Graham","f":"04009"},"geometry":{"type":"Polygon","coordinates":[[[-110,33.578],[-109.892,33.568],[-109.834,33.536],[-109.812,33.484],[-109.748,33.486],[-109.73,33.522],[-109.684,33.544],[-109.662,33.584],[-109.622,33.584],[-109.602,33.614],[-109.53,33.622],[-109.498,33.652],[-109.498,33.078],[-109.332,32.844],[-109.318,32.842],[-109.246,32.742],[-109.214,32.68],[-109.21,32.584],[-109.224,32.53],[-109.114,32.426],[-109.228,32.424],[-110.172,32.426],[-110.452,32.428],[-110.452,32.514],[-110.448,32.52],[-110.448,33.194],[-110.406,33.198],[-110.444,33.258],[-110.452,33.364],[-110.416,33.398],[-110.348,33.408],[-110.34,33.426],[-110.276,33.44],[-110.214,33.438],[-110.144,33.466],[-110.058,33.466],[-110,33.488],[-110,33.578]]]}},{"type":"Feature","id":"08049","properties":{"n":"Grand","f":"08049"},"geometry":{"type":"Polygon","coordinates":[[[-106.65,40.446],[-106.626,40.428],[-106.612,40.378],[-106.532,40.366],[-106.492,40.408],[-106.456,40.358],[-106.392,40.346],[-106.356,40.358],[-106.3,40.33],[-106.296,40.356],[-106.26,40.358],[-106.23,40.326],[-106.166,40.344],[-106.138,40.332],[-106.026,40.372],[-105.958,40.35],[-105.944,40.386],[-105.9,40.41],[-105.898,40.47],[-105.854,40.486],[-105.808,40.474],[-105.814,40.422],[-105.768,40.36],[-105.686,40.302],[-105.652,40.26],[-105.678,40.202],[-105.668,40.158],[-105.636,40.146],[-105.638,40.046],[-105.688,40.014],[-105.692,39.942],[-105.674,39.932],[-105.7,39.892],[-105.688,39.852],[-105.736,39.804],[-105.8,39.804],[-105.822,39.786],[-105.886,39.796],[-105.882,39.736],[-105.926,39.698],[-105.998,39.684],[-106.058,39.724],[-106.084,39.806],[-106.13,39.844],[-106.202,39.864],[-106.252,39.914],[-106.396,39.914],[-106.436,39.924],[-106.626,39.924],[-106.636,40.002],[-106.632,40.342],[-106.654,40.342],[-106.65,40.446]]]}},{"type":"Feature","id":"08109","properties":{"n":"Saguache","f":"08109"},"geometry":{"type":"Polygon","coordinates":[[[-107.002,38.148],[-106.998,38.426],[-106.246,38.424],[-106.076,38.424],[-106.058,38.456],[-106.012,38.446],[-105.89,38.34],[-105.858,38.298],[-105.796,38.266],[-105.79,38.244],[-105.674,38.16],[-105.656,38.092],[-105.628,38.068],[-105.602,38.01],[-105.56,37.952],[-105.51,37.94],[-105.474,37.896],[-105.43,37.852],[-105.434,37.804],[-105.456,37.796],[-105.456,37.752],[-106.038,37.748],[-106.586,37.748],[-106.586,37.834],[-106.694,37.836],[-106.694,37.874],[-106.772,37.886],[-106.802,37.914],[-106.848,37.918],[-106.88,37.96],[-106.946,37.954],[-106.966,37.974],[-106.998,37.956],[-107.002,38.148]]]}},{"type":"Feature","id":"12093","properties":{"n":"Okeechobee","f":"12093"},"geometry":{"type":"Polygon","coordinates":[[[-81.142,27.644],[-80.872,27.642],[-80.78,27.644],[-80.776,27.558],[-80.678,27.558],[-80.678,27.206],[-80.678,27.122],[-80.886,26.958],[-80.872,27.154],[-80.912,27.174],[-80.944,27.21],[-80.994,27.252],[-80.998,27.294],[-81.024,27.302],[-81.048,27.34],[-81.034,27.36],[-81.08,27.386],[-81.098,27.38],[-81.142,27.412],[-81.138,27.434],[-81.206,27.49],[-81.214,27.528],[-81.142,27.598],[-81.142,27.644]]]}},{"type":"Feature","id":"13123","properties":{"n":"Gilmer","f":"13123"},"geometry":{"type":"Polygon","coordinates":[[[-84.62,34.856],[-84.422,34.858],[-84.314,34.808],[-84.254,34.718],[-84.254,34.664],[-84.192,34.638],[-84.196,34.618],[-84.254,34.598],[-84.254,34.568],[-84.336,34.58],[-84.346,34.562],[-84.372,34.548],[-84.656,34.548],[-84.656,34.584],[-84.656,34.73],[-84.634,34.772],[-84.584,34.826],[-84.62,34.856]]]}},{"type":"Feature","id":"13299","properties":{"n":"Ware","f":"13299"},"geometry":{"type":"Polygon","coordinates":[[[-82.628,31.364],[-82.628,31.468],[-82.598,31.468],[-82.494,31.468],[-82.48,31.418],[-82.416,31.418],[-82.39,31.366],[-82.39,31.31],[-82.358,31.264],[-82.316,31.226],[-82.284,31.224],[-82.284,31.192],[-82.208,31.17],[-82.208,31.084],[-82.132,31.012],[-82.416,31.014],[-82.42,30.796],[-82.178,30.792],[-82.15,30.784],[-82.214,30.568],[-82.42,30.582],[-82.43,30.612],[-82.438,30.82],[-82.494,30.82],[-82.492,30.964],[-82.52,30.964],[-82.548,31],[-82.592,31.018],[-82.67,31.184],[-82.7,31.224],[-82.7,31.278],[-82.632,31.274],[-82.628,31.364]]]}},{"type":"Feature","id":"29007","properties":{"n":"Audrain","f":"29007"},"geometry":{"type":"Polygon","coordinates":[[[-92.312,39.348],[-92.09,39.34],[-91.72,39.338],[-91.72,39.324],[-91.44,39.32],[-91.41,39.142],[-91.63,39.148],[-91.634,39.058],[-92.11,39.064],[-92.104,39.24],[-92.316,39.246],[-92.312,39.348]]]}},{"type":"Feature","id":"30027","properties":{"n":"Fergus","f":"30027"},"geometry":{"type":"Polygon","coordinates":[[[-110.214,47.416],[-110.162,47.416],[-110.078,47.448],[-110.032,47.48],[-110.004,47.476],[-109.914,47.522],[-109.848,47.54],[-109.848,47.606],[-109.83,47.648],[-109.838,47.712],[-109.724,47.702],[-109.676,47.734],[-109.54,47.738],[-109.512,47.744],[-109.426,47.72],[-109.314,47.758],[-109.274,47.792],[-109.13,47.78],[-109.066,47.802],[-108.944,47.792],[-108.92,47.756],[-108.944,47.73],[-108.89,47.734],[-108.822,47.71],[-108.782,47.682],[-108.772,47.646],[-108.728,47.65],[-108.672,47.62],[-108.61,47.624],[-108.572,47.61],[-108.524,47.622],[-108.51,47.602],[-108.442,47.616],[-108.428,47.588],[-108.388,47.592],[-108.334,47.568],[-108.312,47.584],[-108.316,47.316],[-108.338,47.308],[-108.592,47.306],[-108.592,47.27],[-108.718,47.27],[-108.718,47.184],[-108.736,47.184],[-108.736,47.098],[-108.61,47.098],[-108.61,46.836],[-108.632,46.836],[-108.632,46.75],[-109.008,46.75],[-109.39,46.752],[-109.39,46.694],[-109.744,46.694],[-109.756,46.78],[-109.83,46.802],[-109.834,46.83],[-109.798,46.83],[-109.798,46.866],[-109.756,46.896],[-109.756,47.186],[-109.87,47.186],[-109.874,47.23],[-110,47.228],[-110,47.272],[-110.128,47.272],[-110.128,47.36],[-110.214,47.36],[-110.214,47.416]]]}},{"type":"Feature","id":"31149","properties":{"n":"Rock","f":"31149"},"geometry":{"type":"Polygon","coordinates":[[[-99.676,42.732],[-99.536,42.718],[-99.436,42.754],[-99.414,42.772],[-99.336,42.78],[-99.256,42.804],[-99.246,42.782],[-99.246,42.434],[-99.236,42.434],[-99.236,42.088],[-99.662,42.086],[-99.662,42.434],[-99.676,42.434],[-99.676,42.732]]]}},{"type":"Feature","id":"21101","properties":{"n":"Henderson","f":"21101"},"geometry":{"type":"Polygon","coordinates":[[[-87.7,37.898],[-87.664,37.894],[-87.674,37.83],[-87.634,37.826],[-87.588,37.862],[-87.628,37.916],[-87.602,37.972],[-87.574,37.968],[-87.552,37.926],[-87.502,37.91],[-87.452,37.942],[-87.38,37.936],[-87.3,37.898],[-87.322,37.82],[-87.272,37.782],[-87.322,37.742],[-87.394,37.724],[-87.408,37.684],[-87.494,37.648],[-87.736,37.638],[-87.754,37.67],[-87.756,37.728],[-87.814,37.762],[-87.926,37.902],[-87.872,37.922],[-87.832,37.876],[-87.7,37.898]]]}},{"type":"Feature","id":"48261","properties":{"n":"Kenedy","f":"48261"},"geometry":{"type":"MultiPolygon","coordinates":[[[[-97.376,27.278],[-97.348,27.278],[-97.372,27.154],[-97.38,27.06],[-97.376,26.972],[-97.348,26.796],[-97.29,26.6],[-97.316,26.6],[-97.358,26.726],[-97.39,26.8],[-97.402,26.892],[-97.398,27.01],[-97.402,27.116],[-97.376,27.278]]],[[[-97.986,27.208],[-97.95,27.232],[-97.842,27.244],[-97.786,27.284],[-97.728,27.266],[-97.638,27.282],[-97.628,27.244],[-97.542,27.23],[-97.452,27.262],[-97.422,27.264],[-97.44,27.164],[-97.43,27.16],[-97.444,26.988],[-97.466,26.81],[-97.48,26.806],[-97.466,26.71],[-97.44,26.6],[-97.86,26.598],[-97.958,26.612],[-97.986,26.616],[-97.986,26.782],[-97.986,27.208]]]]}},{"type":"Feature","id":"36051","properties":{"n":"Livingston","f":"36051"},"geometry":{"type":"Polygon","coordinates":[[[-77.954,42.862],[-77.954,42.906],[-77.912,42.946],[-77.912,42.988],[-77.732,42.988],[-77.732,42.946],[-77.582,42.944],[-77.546,42.866],[-77.588,42.854],[-77.588,42.764],[-77.614,42.764],[-77.6,42.672],[-77.488,42.67],[-77.492,42.578],[-77.66,42.58],[-77.66,42.536],[-77.722,42.536],[-77.724,42.47],[-77.84,42.474],[-77.84,42.518],[-78.036,42.522],[-78.062,42.532],[-77.958,42.668],[-77.954,42.862]]]}},{"type":"Feature","id":"08117","properties":{"n":"Summit","f":"08117"},"geometry":{"type":"Polygon","coordinates":[[[-106.436,39.924],[-106.396,39.914],[-106.252,39.914],[-106.202,39.864],[-106.13,39.844],[-106.084,39.806],[-106.058,39.724],[-105.998,39.684],[-105.926,39.698],[-105.926,39.674],[-105.85,39.644],[-105.792,39.636],[-105.774,39.612],[-105.828,39.564],[-105.818,39.538],[-105.868,39.516],[-105.854,39.504],[-105.912,39.456],[-105.966,39.438],[-105.95,39.414],[-105.994,39.402],[-106.022,39.362],[-106.054,39.358],[-106.134,39.38],[-106.206,39.38],[-106.206,39.398],[-106.252,39.468],[-106.256,39.526],[-106.212,39.532],[-106.212,39.578],[-106.18,39.606],[-106.188,39.654],[-106.23,39.662],[-106.264,39.7],[-106.292,39.704],[-106.342,39.756],[-106.386,39.766],[-106.424,39.842],[-106.436,39.924]]]}},{"type":"Feature","id":"13147","properties":{"n":"Hart","f":"13147"},"geometry":{"type":"Polygon","coordinates":[[[-83.112,34.274],[-83.094,34.346],[-83.108,34.344],[-83.094,34.416],[-83.052,34.496],[-82.994,34.48],[-82.904,34.486],[-82.876,34.476],[-82.846,34.42],[-82.836,34.366],[-82.792,34.34],[-82.774,34.288],[-82.914,34.248],[-82.98,34.21],[-83.018,34.234],[-83.076,34.224],[-83.112,34.274]]]}},{"type":"Feature","id":"20165","properties":{"n":"Rush","f":"20165"},"geometry":{"type":"Polygon","coordinates":[[[-99.584,38.696],[-99.042,38.698],[-99.034,38.698],[-99.03,38.348],[-99.25,38.35],[-99.584,38.35],[-99.584,38.696]]]}},{"type":"Feature","id":"19011","properties":{"n":"Benton","f":"19011"},"geometry":{"type":"Polygon","coordinates":[[[-92.298,42.298],[-92.064,42.298],[-91.83,42.3],[-91.834,41.95],[-91.83,41.862],[-92.298,41.862],[-92.298,42.298]]]}},{"type":"Feature","id":"21125","properties":{"n":"Laurel","f":"21125"},"geometry":{"type":"Polygon","coordinates":[[[-84.358,36.96],[-84.35,36.99],[-84.318,37],[-84.326,37.062],[-84.278,37.102],[-84.29,37.152],[-84.3,37.17],[-84.254,37.24],[-84.218,37.242],[-84.218,37.28],[-84.15,37.302],[-84.138,37.32],[-84.048,37.268],[-83.944,37.25],[-83.942,37.206],[-83.97,37.168],[-83.926,37.114],[-83.884,37.12],[-83.862,37.092],[-83.87,37.054],[-83.924,37.036],[-83.93,36.996],[-83.96,36.978],[-84.032,36.988],[-84.092,36.956],[-84.124,36.97],[-84.182,36.94],[-84.222,36.96],[-84.236,36.942],[-84.264,36.962],[-84.296,36.946],[-84.346,36.94],[-84.358,36.96]]]}},{"type":"Feature","id":"20185","properties":{"n":"Stafford","f":"20185"},"geometry":{"type":"Polygon","coordinates":[[[-99.024,38],[-98.912,38],[-98.912,38.26],[-98.482,38.26],[-98.47,38.26],[-98.474,38.174],[-98.47,37.824],[-99.012,37.826],[-99.024,37.826],[-99.024,38]]]}},{"type":"Feature","id":"26093","properties":{"n":"Livingston","f":"26093"},"geometry":{"type":"Polygon","coordinates":[[[-84.156,42.776],[-83.924,42.782],[-83.686,42.784],[-83.664,42.432],[-83.944,42.424],[-84.132,42.424],[-84.142,42.424],[-84.142,42.508],[-84.156,42.776]]]}},{"type":"Feature","id":"27099","properties":{"n":"Mower","f":"27099"},"geometry":{"type":"Polygon","coordinates":[[[-93.05,43.848],[-93.048,43.848],[-92.688,43.848],[-92.688,43.834],[-92.448,43.834],[-92.448,43.5],[-92.552,43.5],[-93.026,43.5],[-93.05,43.5],[-93.05,43.848]]]}},{"type":"Feature","id":"31139","properties":{"n":"Pierce","f":"31139"},"geometry":{"type":"Polygon","coordinates":[[[-97.836,42.438],[-97.484,42.438],[-97.368,42.44],[-97.368,42.352],[-97.368,42.092],[-97.836,42.09],[-97.836,42.438]]]}},{"type":"Feature","id":"21237","properties":{"n":"Wolfe","f":"21237"},"geometry":{"type":"Polygon","coordinates":[[[-83.632,37.826],[-83.59,37.818],[-83.524,37.832],[-83.496,37.862],[-83.432,37.82],[-83.384,37.814],[-83.334,37.778],[-83.328,37.754],[-83.262,37.712],[-83.248,37.67],[-83.332,37.674],[-83.392,37.7],[-83.418,37.69],[-83.46,37.63],[-83.496,37.62],[-83.522,37.638],[-83.618,37.668],[-83.708,37.716],[-83.632,37.826]]]}},{"type":"Feature","id":"21033","properties":{"n":"Caldwell","f":"21033"},"geometry":{"type":"Polygon","coordinates":[[[-87.8,37.38],[-87.814,37.35],[-87.85,37.322],[-87.806,37.294],[-87.804,37.242],[-87.75,37.21],[-87.682,37.15],[-87.71,37.022],[-87.732,37.002],[-87.764,36.974],[-87.858,36.95],[-87.878,36.96],[-87.976,37.068],[-88.044,37.174],[-88.094,37.18],[-88.09,37.222],[-88.052,37.238],[-87.8,37.38]]]}},{"type":"Feature","id":"21021","properties":{"n":"Boyle","f":"21021"},"geometry":{"type":"Polygon","coordinates":[[[-85.028,37.632],[-85.026,37.68],[-84.746,37.714],[-84.706,37.698],[-84.698,37.668],[-84.66,37.634],[-84.66,37.618],[-84.748,37.586],[-84.748,37.586],[-84.846,37.548],[-84.9,37.532],[-85.004,37.534],[-85.04,37.546],[-85.028,37.632]]]}},{"type":"Feature","id":"37199","properties":{"n":"Yancey","f":"37199"},"geometry":{"type":"Polygon","coordinates":[[[-82.506,35.978],[-82.458,36.008],[-82.416,36.072],[-82.352,36.084],[-82.336,36.03],[-82.302,36.046],[-82.272,36.004],[-82.196,36.016],[-82.196,35.952],[-82.144,35.908],[-82.132,35.824],[-82.194,35.736],[-82.276,35.704],[-82.284,35.726],[-82.334,35.75],[-82.362,35.82],[-82.408,35.818],[-82.416,35.86],[-82.456,35.9],[-82.494,35.91],[-82.48,35.948],[-82.506,35.978]]]}},{"type":"Feature","id":"01047","properties":{"n":"Dallas","f":"01047"},"geometry":{"type":"Polygon","coordinates":[[[-87.474,32.308],[-87.422,32.308],[-87.422,32.482],[-87.114,32.488],[-87.082,32.536],[-87.082,32.57],[-87.042,32.6],[-87.05,32.62],[-87.018,32.73],[-87.018,32.664],[-86.916,32.664],[-86.898,32.568],[-86.906,32.536],[-86.86,32.45],[-86.824,32.426],[-86.846,32.4],[-86.816,32.372],[-86.816,32.34],[-86.848,32.328],[-86.828,32.306],[-86.86,32.284],[-86.856,32.256],[-86.81,32.224],[-86.91,32.224],[-86.906,32.048],[-87.178,32.048],[-87.19,32.086],[-87.232,32.102],[-87.262,32.146],[-87.28,32.144],[-87.326,32.2],[-87.366,32.198],[-87.39,32.24],[-87.444,32.268],[-87.474,32.266],[-87.474,32.308]]]}},{"type":"Feature","id":"13231","properties":{"n":"Pike","f":"13231"},"geometry":{"type":"Polygon","coordinates":[[[-84.498,33.184],[-84.45,33.208],[-84.394,33.208],[-84.372,33.19],[-84.246,33.188],[-84.25,33.04],[-84.272,32.992],[-84.49,32.994],[-84.526,32.97],[-84.538,33.01],[-84.52,33.122],[-84.498,33.184]]]}},{"type":"Feature","id":"01035","properties":{"n":"Conecuh","f":"01035"},"geometry":{"type":"Polygon","coordinates":[[[-86.906,31.754],[-86.906,31.632],[-86.866,31.546],[-86.838,31.524],[-86.702,31.524],[-86.702,31.436],[-86.676,31.436],[-86.666,31.37],[-86.702,31.346],[-86.702,31.192],[-86.766,31.182],[-86.766,31.262],[-87.426,31.26],[-87.394,31.3],[-87.358,31.318],[-87.298,31.402],[-87.23,31.454],[-87.208,31.458],[-87.168,31.52],[-87.136,31.642],[-87.056,31.678],[-87.05,31.718],[-86.988,31.718],[-86.906,31.754]]]}},{"type":"Feature","id":"13227","properties":{"n":"Pickens","f":"13227"},"geometry":{"type":"Polygon","coordinates":[[[-84.656,34.548],[-84.372,34.548],[-84.346,34.562],[-84.318,34.468],[-84.258,34.466],[-84.258,34.382],[-84.584,34.382],[-84.584,34.412],[-84.652,34.412],[-84.656,34.548]]]}},{"type":"Feature","id":"13141","properties":{"n":"Hancock","f":"13141"},"geometry":{"type":"Polygon","coordinates":[[[-83.274,33.188],[-83.252,33.26],[-83.144,33.31],[-83.162,33.354],[-83.012,33.468],[-82.982,33.448],[-82.9,33.438],[-82.85,33.444],[-82.826,33.428],[-82.822,33.374],[-82.804,33.364],[-82.786,33.268],[-82.756,33.254],[-82.75,33.238],[-82.778,33.238],[-82.854,33.196],[-82.9,33.128],[-82.968,33.108],[-83.008,33.08],[-83.052,33.08],[-83.102,33.05],[-83.12,33.084],[-83.098,33.152],[-83.194,33.176],[-83.274,33.188]]]}},{"type":"Feature","id":"13307","properties":{"n":"Webster","f":"13307"},"geometry":{"type":"Polygon","coordinates":[[[-84.648,32.232],[-84.62,32.232],[-84.602,32.19],[-84.566,32.19],[-84.526,32.134],[-84.43,32.134],[-84.444,31.968],[-84.454,31.92],[-84.598,31.92],[-84.656,31.92],[-84.656,32.028],[-84.644,32.03],[-84.642,32.16],[-84.63,32.184],[-84.648,32.232]]]}},{"type":"Feature","id":"20055","properties":{"n":"Finney","f":"20055"},"geometry":{"type":"Polygon","coordinates":[[[-101.102,38.264],[-100.686,38.264],[-100.244,38.262],[-100.226,38.262],[-100.226,38.002],[-100.664,38.002],[-100.664,37.828],[-100.654,37.828],[-100.654,37.736],[-101.09,37.736],[-101.09,37.83],[-101.106,37.828],[-101.102,38.264]]]}},{"type":"Feature","id":"20087","properties":{"n":"Jefferson","f":"20087"},"geometry":{"type":"Polygon","coordinates":[[[-95.588,39.216],[-95.588,39.418],[-95.57,39.418],[-95.18,39.42],[-95.18,39.13],[-95.186,39.044],[-95.298,39.042],[-95.34,39.032],[-95.438,39.07],[-95.498,39.058],[-95.596,39.064],[-95.588,39.216]]]}},{"type":"Feature","id":"21199","properties":{"n":"Pulaski","f":"21199"},"geometry":{"type":"Polygon","coordinates":[[[-84.9,37.116],[-84.72,37.238],[-84.556,37.356],[-84.502,37.328],[-84.29,37.152],[-84.278,37.102],[-84.326,37.062],[-84.318,37],[-84.35,36.99],[-84.358,36.96],[-84.416,36.948],[-84.576,36.868],[-84.62,36.896],[-84.674,36.974],[-84.706,36.98],[-84.77,36.958],[-84.836,36.998],[-84.906,37.046],[-84.9,37.116]]]}},{"type":"Feature","id":"29101","properties":{"n":"Johnson","f":"29101"},"geometry":{"type":"Polygon","coordinates":[[[-94.12,38.832],[-94.114,38.918],[-93.838,38.908],[-93.834,38.938],[-93.496,38.928],[-93.492,38.888],[-93.506,38.694],[-93.51,38.556],[-94.064,38.568],[-94.12,38.57],[-94.116,38.656],[-94.128,38.656],[-94.12,38.832]]]}},{"type":"Feature","id":"29017","properties":{"n":"Bollinger","f":"29017"},"geometry":{"type":"Polygon","coordinates":[[[-90.218,37.314],[-90.148,37.312],[-90.14,37.54],[-90.148,37.598],[-89.86,37.6],[-89.864,37.218],[-89.868,37.126],[-89.96,37.128],[-89.96,37.054],[-89.996,37.04],[-90.112,37.04],[-90.112,37.086],[-90.222,37.086],[-90.218,37.314]]]}},{"type":"Feature","id":"29035","properties":{"n":"Carter","f":"29035"},"geometry":{"type":"Polygon","coordinates":[[[-91.224,36.884],[-91.216,37.086],[-91.106,37.086],[-91.02,37.096],[-90.962,37.098],[-90.966,37.054],[-90.778,37.05],[-90.728,37.05],[-90.732,37],[-90.696,36.97],[-90.678,36.926],[-90.66,36.882],[-90.664,36.812],[-90.898,36.814],[-91.116,36.824],[-91.224,36.826],[-91.224,36.884]]]}},{"type":"Feature","id":"31109","properties":{"n":"Lancaster","f":"31109"},"geometry":{"type":"Polygon","coordinates":[[[-96.914,40.698],[-96.91,40.698],[-96.91,41.046],[-96.464,41.044],[-96.464,41.016],[-96.464,40.784],[-96.464,40.522],[-96.914,40.524],[-96.914,40.698]]]}},{"type":"Feature","id":"34035","properties":{"n":"Somerset","f":"34035"},"geometry":{"type":"Polygon","coordinates":[[[-74.724,40.72],[-74.556,40.758],[-74.512,40.698],[-74.524,40.648],[-74.462,40.674],[-74.452,40.654],[-74.404,40.666],[-74.426,40.62],[-74.462,40.6],[-74.512,40.582],[-74.526,40.56],[-74.458,40.496],[-74.53,40.442],[-74.584,40.418],[-74.62,40.374],[-74.652,40.392],[-74.72,40.374],[-74.75,40.424],[-74.8,40.516],[-74.774,40.504],[-74.714,40.584],[-74.702,40.622],[-74.728,40.632],[-74.724,40.72]]]}},{"type":"Feature","id":"36121","properties":{"n":"Wyoming","f":"36121"},"geometry":{"type":"Polygon","coordinates":[[[-78.464,42.868],[-78.072,42.87],[-77.954,42.862],[-77.958,42.668],[-78.062,42.532],[-78.036,42.522],[-78.31,42.52],[-78.464,42.52],[-78.464,42.536],[-78.464,42.78],[-78.49,42.78],[-78.486,42.868],[-78.464,42.868]]]}},{"type":"Feature","id":"36097","properties":{"n":"Schuyler","f":"36097"},"geometry":{"type":"Polygon","coordinates":[[[-77.108,42.484],[-76.988,42.484],[-76.988,42.464],[-76.888,42.464],[-76.896,42.542],[-76.698,42.546],[-76.688,42.374],[-76.69,42.284],[-76.62,42.282],[-76.64,42.234],[-76.734,42.248],[-76.734,42.294],[-76.964,42.288],[-76.964,42.278],[-77.1,42.272],[-77.108,42.484]]]}},{"type":"Feature","id":"39091","properties":{"n":"Logan","f":"39091"},"geometry":{"type":"Polygon","coordinates":[[[-84.002,40.484],[-83.996,40.536],[-83.88,40.538],[-83.88,40.532],[-83.522,40.508],[-83.522,40.504],[-83.55,40.23],[-83.786,40.246],[-83.784,40.26],[-84.014,40.274],[-84.002,40.314],[-84.002,40.484]]]}},{"type":"Feature","id":"39159","properties":{"n":"Union","f":"39159"},"geometry":{"type":"Polygon","coordinates":[[[-83.522,40.504],[-83.418,40.506],[-83.248,40.508],[-83.248,40.444],[-83.248,40.244],[-83.174,40.244],[-83.17,40.142],[-83.17,40.106],[-83.206,40.108],[-83.504,40.112],[-83.496,40.226],[-83.55,40.23],[-83.522,40.504]]]}},{"type":"Feature","id":"42063","properties":{"n":"Indiana","f":"42063"},"geometry":{"type":"Polygon","coordinates":[[[-79.452,40.53],[-79.214,40.776],[-79.214,40.91],[-78.806,40.906],[-78.802,40.724],[-78.858,40.604],[-78.974,40.396],[-79.016,40.42],[-79.06,40.38],[-79.12,40.37],[-79.118,40.394],[-79.156,40.412],[-79.326,40.454],[-79.394,40.458],[-79.43,40.49],[-79.448,40.48],[-79.452,40.53]]]}},{"type":"Feature","id":"21099","properties":{"n":"Hart","f":"21099"},"geometry":{"type":"Polygon","coordinates":[[[-86.048,37.45],[-85.894,37.44],[-85.656,37.422],[-85.65,37.396],[-85.686,37.362],[-85.696,37.302],[-85.672,37.268],[-85.686,37.182],[-85.744,37.17],[-85.904,37.148],[-86.056,37.168],[-86.048,37.216],[-86.156,37.336],[-86.08,37.352],[-86.074,37.382],[-86.02,37.394],[-86.048,37.45]]]}},{"type":"Feature","id":"21183","properties":{"n":"Ohio","f":"21183"},"geometry":{"type":"Polygon","coordinates":[[[-87.1,37.416],[-87.104,37.48],[-87.038,37.56],[-86.95,37.63],[-86.928,37.624],[-86.816,37.674],[-86.866,37.71],[-86.824,37.738],[-86.64,37.662],[-86.64,37.62],[-86.594,37.564],[-86.666,37.546],[-86.612,37.394],[-86.758,37.304],[-86.776,37.326],[-86.816,37.328],[-86.81,37.292],[-86.884,37.236],[-86.898,37.212],[-86.982,37.27],[-86.986,37.316],[-87.054,37.37],[-87.09,37.36],[-87.104,37.328],[-87.136,37.336],[-87.096,37.376],[-87.1,37.416]]]}},{"type":"Feature","id":"21097","properties":{"n":"Harrison","f":"21097"},"geometry":{"type":"Polygon","coordinates":[[[-84.558,38.492],[-84.486,38.508],[-84.476,38.542],[-84.448,38.53],[-84.4,38.56],[-84.206,38.582],[-84.214,38.556],[-84.16,38.554],[-84.186,38.498],[-84.132,38.484],[-84.102,38.46],[-84.192,38.372],[-84.278,38.314],[-84.38,38.278],[-84.444,38.284],[-84.434,38.3],[-84.458,38.374],[-84.526,38.434],[-84.558,38.492]]]}},{"type":"Feature","id":"37173","properties":{"n":"Swain","f":"37173"},"geometry":{"type":"Polygon","coordinates":[[[-83.662,35.57],[-83.604,35.58],[-83.582,35.562],[-83.486,35.568],[-83.446,35.612],[-83.368,35.638],[-83.35,35.662],[-83.314,35.656],[-83.256,35.696],[-83.18,35.672],[-83.202,35.65],[-83.176,35.628],[-83.184,35.598],[-83.156,35.552],[-83.188,35.514],[-83.238,35.524],[-83.31,35.48],[-83.352,35.468],[-83.364,35.426],[-83.342,35.398],[-83.338,35.332],[-83.432,35.326],[-83.468,35.298],[-83.496,35.3],[-83.68,35.28],[-83.682,35.324],[-83.622,35.346],[-83.594,35.376],[-83.586,35.434],[-83.612,35.426],[-83.734,35.448],[-83.804,35.444],[-83.912,35.466],[-83.952,35.462],[-83.912,35.476],[-83.884,35.516],[-83.826,35.524],[-83.772,35.562],[-83.662,35.57]]]}},{"type":"Feature","id":"48499","properties":{"n":"Wood","f":"48499"},"geometry":{"type":"Polygon","coordinates":[[[-95.664,32.96],[-95.308,32.962],[-95.172,32.962],[-95.15,33.014],[-95.15,32.902],[-95.154,32.57],[-95.166,32.544],[-95.204,32.572],[-95.236,32.56],[-95.344,32.608],[-95.384,32.602],[-95.384,32.602],[-95.398,32.606],[-95.398,32.606],[-95.402,32.606],[-95.402,32.604],[-95.402,32.606],[-95.402,32.604],[-95.406,32.604],[-95.406,32.604],[-95.406,32.606],[-95.406,32.606],[-95.41,32.606],[-95.41,32.606],[-95.47,32.606],[-95.596,32.688],[-95.636,32.72],[-95.664,32.96]]]}},{"type":"Feature","id":"37091","properties":{"n":"Hertford","f":"37091"},"geometry":{"type":"Polygon","coordinates":[[[-77.208,36.246],[-77.132,36.434],[-77.122,36.472],[-77.072,36.48],[-77.092,36.518],[-77.146,36.524],[-77.164,36.546],[-76.918,36.544],[-76.902,36.522],[-76.95,36.47],[-76.936,36.402],[-76.82,36.364],[-76.762,36.352],[-76.698,36.296],[-76.69,36.278],[-76.72,36.244],[-76.97,36.238],[-77.208,36.246]]]}},{"type":"Feature","id":"48291","properties":{"n":"Liberty","f":"48291"},"geometry":{"type":"Polygon","coordinates":[[[-95.166,30.346],[-94.842,30.488],[-94.85,30.494],[-94.734,30.49],[-94.598,30.112],[-94.444,30.114],[-94.444,29.89],[-94.982,29.884],[-95,29.92],[-94.986,29.972],[-95.032,29.994],[-95.096,30.168],[-95.166,30.346]]]}},{"type":"Feature","id":"20145","properties":{"n":"Pawnee","f":"20145"},"geometry":{"type":"Polygon","coordinates":[[[-99.584,38.35],[-99.25,38.35],[-99.03,38.348],[-99.03,38.262],[-98.912,38.26],[-98.912,38],[-99.024,38],[-99.35,38],[-99.35,38.088],[-99.57,38.088],[-99.57,38.262],[-99.584,38.262],[-99.584,38.35]]]}},{"type":"Feature","id":"20031","properties":{"n":"Coffey","f":"20031"},"geometry":{"type":"Polygon","coordinates":[[[-95.958,38.17],[-95.952,38.26],[-95.952,38.434],[-95.51,38.434],[-95.51,38.39],[-95.506,38.26],[-95.516,38.26],[-95.52,38.038],[-95.958,38.04],[-95.958,38.17]]]}},{"type":"Feature","id":"27051","properties":{"n":"Grant","f":"27051"},"geometry":{"type":"Polygon","coordinates":[[[-96.266,46.022],[-96.266,46.108],[-95.768,46.108],[-95.768,45.934],[-95.758,45.934],[-95.758,45.76],[-96.252,45.76],[-96.252,45.934],[-96.266,45.934],[-96.266,46.022]]]}},{"type":"Feature","id":"37051","properties":{"n":"Cumberland","f":"37051"},"geometry":{"type":"Polygon","coordinates":[[[-79.1,35.174],[-79.096,35.192],[-78.998,35.214],[-78.88,35.23],[-78.826,35.26],[-78.726,35.266],[-78.618,35.246],[-78.63,35.172],[-78.662,35.078],[-78.648,34.992],[-78.572,34.938],[-78.496,34.856],[-78.532,34.852],[-78.798,34.852],[-78.902,34.836],[-78.956,34.912],[-79.038,34.952],[-79.034,34.962],[-79.088,35.042],[-79.114,35.126],[-79.1,35.174]]]}},{"type":"Feature","id":"37193","properties":{"n":"Wilkes","f":"37193"},"geometry":{"type":"Polygon","coordinates":[[[-81.548,36.118],[-81.5,36.142],[-81.458,36.2],[-81.48,36.24],[-81.414,36.282],[-81.368,36.284],[-81.368,36.358],[-81.322,36.374],[-81.282,36.354],[-81.252,36.366],[-81.188,36.4],[-81.164,36.432],[-81.138,36.412],[-81.096,36.44],[-81.044,36.412],[-81.026,36.374],[-80.98,36.376],[-80.966,36.402],[-80.868,36.326],[-80.872,36.236],[-80.884,36.056],[-80.976,36.058],[-81.03,36.046],[-81.06,36.032],[-81.192,36.038],[-81.264,36.026],[-81.328,35.996],[-81.342,36.024],[-81.396,36.066],[-81.444,36.072],[-81.458,36.092],[-81.508,36.096],[-81.548,36.118]]]}},{"type":"Feature","id":"39011","properties":{"n":"Auglaize","f":"39011"},"geometry":{"type":"Polygon","coordinates":[[[-84.454,40.684],[-84.398,40.684],[-84.222,40.686],[-84.222,40.656],[-84.106,40.658],[-84.106,40.642],[-83.88,40.644],[-83.88,40.538],[-83.996,40.536],[-84.002,40.484],[-84.34,40.482],[-84.34,40.38],[-84.434,40.378],[-84.434,40.354],[-84.454,40.358],[-84.454,40.684]]]}},{"type":"Feature","id":"41071","properties":{"n":"Yamhill","f":"41071"},"geometry":{"type":"Polygon","coordinates":[[[-123.466,45.434],[-123.14,45.434],[-123.114,45.404],[-123.032,45.404],[-122.972,45.348],[-122.924,45.346],[-122.91,45.318],[-122.868,45.318],[-122.868,45.26],[-122.85,45.26],[-122.9,45.256],[-122.968,45.286],[-123,45.262],[-123,45.224],[-123.04,45.22],[-123,45.166],[-123.028,45.14],[-122.996,45.116],[-123.068,45.074],[-123.496,45.074],[-123.726,45.076],[-123.782,45.076],[-123.786,45.216],[-123.464,45.216],[-123.466,45.434]]]}},{"type":"Feature","id":"42077","properties":{"n":"Lehigh","f":"42077"},"geometry":{"type":"Polygon","coordinates":[[[-75.758,40.736],[-75.694,40.77],[-75.61,40.788],[-75.592,40.734],[-75.556,40.722],[-75.532,40.736],[-75.482,40.656],[-75.432,40.674],[-75.378,40.616],[-75.402,40.582],[-75.334,40.538],[-75.41,40.488],[-75.484,40.418],[-75.528,40.448],[-75.642,40.518],[-75.89,40.678],[-75.758,40.736]]]}},{"type":"Feature","id":"21217","properties":{"n":"Taylor","f":"21217"},"geometry":{"type":"Polygon","coordinates":[[[-85.586,37.47],[-85.528,37.454],[-85.5,37.484],[-85.466,37.466],[-85.402,37.476],[-85.342,37.47],[-85.28,37.436],[-85.272,37.418],[-85.172,37.466],[-85.13,37.454],[-85.076,37.414],[-85.13,37.384],[-85.166,37.31],[-85.194,37.272],[-85.312,37.246],[-85.308,37.228],[-85.352,37.192],[-85.392,37.238],[-85.43,37.306],[-85.478,37.364],[-85.586,37.432],[-85.586,37.47]]]}},{"type":"Feature","id":"21009","properties":{"n":"Barren","f":"21009"},"geometry":{"type":"Polygon","coordinates":[[[-86.166,36.934],[-86.112,37.062],[-86.074,37.052],[-86.056,37.168],[-85.904,37.148],[-85.744,37.17],[-85.776,37.138],[-85.758,37.11],[-85.74,36.842],[-85.808,36.822],[-85.976,36.724],[-86.002,36.76],[-86.07,36.806],[-86.056,36.828],[-86.076,36.854],[-86.076,36.894],[-86.178,36.914],[-86.166,36.934]]]}},{"type":"Feature","id":"48453","properties":{"n":"Travis","f":"48453"},"geometry":{"type":"Polygon","coordinates":[[[-98.126,30.426],[-98.098,30.468],[-98.122,30.484],[-98.05,30.624],[-98.008,30.628],[-97.99,30.61],[-97.958,30.628],[-97.918,30.604],[-97.914,30.58],[-97.868,30.546],[-97.85,30.472],[-97.774,30.43],[-97.594,30.502],[-97.548,30.476],[-97.512,30.486],[-97.444,30.462],[-97.368,30.42],[-97.494,30.208],[-97.648,30.068],[-97.71,30.024],[-98.172,30.356],[-98.126,30.426]]]}},{"type":"Feature","id":"48339","properties":{"n":"Montgomery","f":"48339"},"geometry":{"type":"Polygon","coordinates":[[[-95.83,30.63],[-95.6,30.51],[-95.362,30.508],[-95.358,30.504],[-95.316,30.412],[-95.236,30.378],[-95.204,30.348],[-95.226,30.32],[-95.166,30.346],[-95.096,30.168],[-95.252,30.044],[-95.294,30.028],[-95.424,30.116],[-95.474,30.104],[-95.502,30.144],[-95.552,30.17],[-95.592,30.136],[-95.62,30.136],[-95.672,30.102],[-95.76,30.086],[-95.804,30.09],[-95.804,30.246],[-95.804,30.338],[-95.83,30.63]]]}},{"type":"Feature","id":"48227","properties":{"n":"Howard","f":"48227"},"geometry":{"type":"Polygon","coordinates":[[[-101.69,32.526],[-101.174,32.524],[-101.184,32.088],[-101.264,32.088],[-101.694,32.088],[-101.69,32.526]]]}},{"type":"Feature","id":"51195","properties":{"n":"Wise","f":"51195"},"geometry":{"type":"Polygon","coordinates":[[[-82.868,36.974],[-82.826,37.006],[-82.782,37.008],[-82.724,37.042],[-82.724,37.116],[-82.634,37.154],[-82.566,37.196],[-82.552,37.204],[-82.546,37.126],[-82.494,37.06],[-82.48,37.022],[-82.38,36.98],[-82.362,36.956],[-82.326,36.972],[-82.298,36.906],[-82.406,36.876],[-82.402,36.884],[-82.634,36.878],[-82.656,36.844],[-82.7,36.816],[-82.75,36.832],[-82.772,36.8],[-82.836,36.848],[-82.878,36.894],[-82.858,36.928],[-82.868,36.974]],[[-82.664,36.92],[-82.614,36.906],[-82.598,36.958],[-82.634,36.952],[-82.664,36.92]]]}},{"type":"Feature","id":"51840","properties":{"n":"Winchester","f":"51840"},"geometry":{"type":"Polygon","coordinates":[[[-78.188,39.174],[-78.188,39.204],[-78.138,39.184],[-78.184,39.13],[-78.188,39.174]]]}},{"type":"Feature","id":"39139","properties":{"n":"Richland","f":"39139"},"geometry":{"type":"Polygon","coordinates":[[[-82.724,40.996],[-82.434,40.992],[-82.42,40.992],[-82.42,40.824],[-82.388,40.808],[-82.38,40.728],[-82.34,40.728],[-82.336,40.556],[-82.376,40.55],[-82.624,40.55],[-82.628,40.71],[-82.728,40.712],[-82.724,40.996]]]}},{"type":"Feature","id":"29019","properties":{"n":"Boone","f":"29019"},"geometry":{"type":"Polygon","coordinates":[[[-92.43,39.248],[-92.316,39.246],[-92.104,39.24],[-92.11,39.064],[-92.132,39.064],[-92.128,39.024],[-92.154,38.944],[-92.16,38.866],[-92.136,38.814],[-92.164,38.764],[-92.214,38.714],[-92.222,38.644],[-92.362,38.682],[-92.344,38.704],[-92.394,38.74],[-92.408,38.764],[-92.38,38.808],[-92.444,38.838],[-92.498,38.922],[-92.56,38.97],[-92.566,38.998],[-92.512,39.088],[-92.43,39.248]]]}},{"type":"Feature","id":"30015","properties":{"n":"Chouteau","f":"30015"},"geometry":{"type":"Polygon","coordinates":[[[-111.41,48.132],[-110.828,48.134],[-110.828,48.22],[-110.756,48.22],[-110.624,48.22],[-110.624,48.306],[-109.846,48.306],[-109.846,48.218],[-109.726,48.222],[-109.726,48.134],[-109.532,48.134],[-109.54,47.738],[-109.676,47.734],[-109.724,47.702],[-109.838,47.712],[-109.83,47.648],[-109.848,47.606],[-109.848,47.54],[-109.914,47.522],[-110.004,47.476],[-110.032,47.48],[-110.078,47.448],[-110.162,47.416],[-110.214,47.416],[-110.638,47.416],[-110.642,47.446],[-110.768,47.446],[-110.768,47.526],[-110.864,47.524],[-110.89,47.552],[-110.936,47.548],[-111.052,47.598],[-110.976,47.698],[-111.41,47.698],[-111.41,47.986],[-111.41,48.132]]]}},{"type":"Feature","id":"31081","properties":{"n":"Hamilton","f":"31081"},"geometry":{"type":"Polygon","coordinates":[[[-98.284,40.868],[-98.148,40.984],[-98.09,41.01],[-98,41.078],[-97.886,41.114],[-97.828,41.174],[-97.824,41.046],[-97.824,40.698],[-98.276,40.698],[-98.284,40.698],[-98.284,40.868]]]}},{"type":"Feature","id":"37163","properties":{"n":"Sampson","f":"37163"},"geometry":{"type":"Polygon","coordinates":[[[-78.618,35.246],[-78.582,35.296],[-78.54,35.316],[-78.492,35.264],[-78.41,35.254],[-78.306,35.288],[-78.246,35.226],[-78.162,35.204],[-78.162,35.19],[-78.174,35.094],[-78.158,35.08],[-78.148,34.902],[-78.198,34.742],[-78.134,34.71],[-78.112,34.722],[-78.156,34.68],[-78.256,34.554],[-78.266,34.584],[-78.306,34.602],[-78.314,34.644],[-78.346,34.69],[-78.392,34.73],[-78.45,34.814],[-78.496,34.856],[-78.572,34.938],[-78.648,34.992],[-78.662,35.078],[-78.63,35.172],[-78.618,35.246]]]}},{"type":"Feature","id":"21165","properties":{"n":"Menifee","f":"21165"},"geometry":{"type":"Polygon","coordinates":[[[-83.758,37.998],[-83.658,38.028],[-83.612,38.008],[-83.572,38.024],[-83.576,38.058],[-83.5,38.05],[-83.436,38.034],[-83.446,37.942],[-83.496,37.89],[-83.496,37.862],[-83.524,37.832],[-83.59,37.818],[-83.632,37.826],[-83.752,37.896],[-83.77,37.918],[-83.776,37.988],[-83.758,37.998]]]}},{"type":"Feature","id":"31119","properties":{"n":"Madison","f":"31119"},"geometry":{"type":"Polygon","coordinates":[[[-97.836,42.09],[-97.368,42.092],[-97.368,41.744],[-97.832,41.742],[-97.832,41.916],[-97.836,42.09]]]}},{"type":"Feature","id":"31121","properties":{"n":"Merrick","f":"31121"},"geometry":{"type":"Polygon","coordinates":[[[-98.288,41.394],[-98.274,41.394],[-98.276,41.264],[-98.102,41.264],[-98.054,41.294],[-97.896,41.294],[-97.896,41.308],[-97.706,41.31],[-97.702,41.394],[-97.598,41.396],[-97.598,41.332],[-97.598,41.318],[-97.66,41.306],[-97.768,41.234],[-97.828,41.174],[-97.886,41.114],[-98,41.078],[-98.09,41.01],[-98.148,40.984],[-98.284,40.868],[-98.288,41.046],[-98.288,41.394]]]}},{"type":"Feature","id":"41017","properties":{"n":"Deschutes","f":"41017"},"geometry":{"type":"Polygon","coordinates":[[[-121.82,44.262],[-121.84,44.286],[-121.844,44.392],[-121.108,44.39],[-121.108,44.218],[-121.102,44.138],[-120.986,44.134],[-120.986,43.96],[-120.75,43.958],[-120.75,43.872],[-120.38,43.872],[-120.38,43.786],[-120.258,43.786],[-120.258,43.698],[-119.898,43.698],[-119.896,43.61],[-120.376,43.612],[-121.334,43.616],[-122.002,43.616],[-121.966,43.628],[-121.988,43.662],[-121.962,43.764],[-121.978,43.856],[-121.902,43.916],[-121.87,43.912],[-121.858,43.964],[-121.822,44.012],[-121.834,44.038],[-121.802,44.052],[-121.768,44.102],[-121.786,44.232],[-121.82,44.262]]]}},{"type":"Feature","id":"32013","properties":{"n":"Humboldt","f":"32013"},"geometry":{"type":"Polygon","coordinates":[[[-119.324,41.994],[-118.696,41.992],[-118.198,41.996],[-117.624,41.998],[-117.028,42],[-117.016,42],[-117.016,41],[-117.02,40.642],[-117.246,40.642],[-117.3,40.526],[-117.3,40.676],[-117.644,40.684],[-117.644,40.858],[-118.438,40.856],[-118.786,40.856],[-118.786,40.96],[-119.31,40.96],[-119.328,40.96],[-119.332,41.234],[-119.306,41.234],[-119.304,41.414],[-119.324,41.414],[-119.328,41.59],[-119.324,41.994]]]}},{"type":"Feature","id":"42117","properties":{"n":"Tioga","f":"42117"},"geometry":{"type":"Polygon","coordinates":[[[-77.61,42],[-77.126,42],[-76.968,42.002],[-76.928,42.002],[-76.9,41.81],[-76.874,41.598],[-76.96,41.552],[-77.6,41.542],[-77.61,42]]]}},{"type":"Feature","id":"21031","properties":{"n":"Butler","f":"21031"},"geometry":{"type":"Polygon","coordinates":[[[-86.898,37.212],[-86.884,37.236],[-86.81,37.292],[-86.816,37.328],[-86.776,37.326],[-86.758,37.304],[-86.612,37.394],[-86.486,37.362],[-86.468,37.32],[-86.4,37.17],[-86.468,37.152],[-86.496,37.19],[-86.622,37.18],[-86.616,37.146],[-86.672,37],[-86.846,37.056],[-86.942,37.07],[-86.896,37.088],[-86.924,37.144],[-86.92,37.18],[-86.896,37.178],[-86.898,37.212]]]}},{"type":"Feature","id":"21163","properties":{"n":"Meade","f":"21163"},"geometry":{"type":"Polygon","coordinates":[[[-86.462,38.122],[-86.404,38.106],[-86.374,38.132],[-86.328,38.132],[-86.324,38.154],[-86.372,38.164],[-86.374,38.194],[-86.332,38.18],[-86.27,38.138],[-86.268,38.058],[-86.174,38.01],[-86.094,38.01],[-86.048,37.96],[-86.034,37.99],[-85.998,38],[-85.976,37.876],[-86.008,37.818],[-86.152,37.798],[-86.242,37.876],[-86.428,38],[-86.49,38.046],[-86.454,38.05],[-86.432,38.086],[-86.462,38.122]]]}},{"type":"Feature","id":"21137","properties":{"n":"Lincoln","f":"21137"},"geometry":{"type":"Polygon","coordinates":[[[-84.846,37.548],[-84.748,37.586],[-84.748,37.586],[-84.66,37.618],[-84.66,37.634],[-84.62,37.594],[-84.472,37.494],[-84.448,37.486],[-84.502,37.328],[-84.556,37.356],[-84.72,37.238],[-84.724,37.286],[-84.706,37.3],[-84.724,37.36],[-84.796,37.39],[-84.85,37.428],[-84.86,37.466],[-84.846,37.548]]]}},{"type":"Feature","id":"21013","properties":{"n":"Bell","f":"21013"},"geometry":{"type":"Polygon","coordinates":[[[-83.876,36.686],[-83.808,36.748],[-83.786,36.8],[-83.74,36.802],[-83.682,36.854],[-83.582,36.904],[-83.564,36.932],[-83.59,36.956],[-83.51,36.938],[-83.49,36.896],[-83.482,36.85],[-83.51,36.808],[-83.486,36.784],[-83.5,36.734],[-83.46,36.698],[-83.46,36.664],[-83.528,36.666],[-83.646,36.624],[-83.676,36.602],[-83.69,36.582],[-83.93,36.588],[-83.956,36.646],[-83.876,36.686]]]}},{"type":"Feature","id":"21187","properties":{"n":"Owen","f":"21187"},"geometry":{"type":"Polygon","coordinates":[[[-85.076,38.596],[-84.976,38.636],[-84.936,38.662],[-84.87,38.698],[-84.784,38.72],[-84.774,38.618],[-84.68,38.56],[-84.626,38.484],[-84.58,38.472],[-84.624,38.43],[-84.742,38.352],[-84.792,38.338],[-84.87,38.356],[-84.896,38.374],[-84.882,38.416],[-84.964,38.438],[-84.958,38.474],[-84.99,38.488],[-84.978,38.514],[-85.028,38.51],[-85.004,38.552],[-85.076,38.596]]]}},{"type":"Feature","id":"37137","properties":{"n":"Pamlico","f":"37137"},"geometry":{"type":"Polygon","coordinates":[[[-76.896,35.254],[-76.846,35.216],[-76.634,35.236],[-76.612,35.278],[-76.608,35.338],[-76.5,35.322],[-76.472,35.296],[-76.468,35.26],[-76.494,35.212],[-76.54,35.166],[-76.536,35.142],[-76.568,35.096],[-76.622,35.06],[-76.802,34.964],[-76.96,35.048],[-76.936,35.062],[-76.932,35.118],[-76.988,35.154],[-76.964,35.198],[-76.896,35.254]]]}},{"type":"Feature","id":"37187","properties":{"n":"Washington","f":"37187"},"geometry":{"type":"Polygon","coordinates":[[[-76.848,35.72],[-76.816,35.748],[-76.802,35.804],[-76.76,35.864],[-76.69,35.944],[-76.672,35.936],[-76.53,35.944],[-76.396,35.984],[-76.364,35.944],[-76.378,35.914],[-76.354,35.862],[-76.408,35.786],[-76.408,35.698],[-76.638,35.706],[-76.846,35.706],[-76.848,35.72]]]}},{"type":"Feature","id":"42103","properties":{"n":"Pike","f":"42103"},"geometry":{"type":"Polygon","coordinates":[[[-75.068,41.602],[-74.986,41.508],[-74.982,41.48],[-74.942,41.484],[-74.89,41.456],[-74.896,41.44],[-74.806,41.442],[-74.756,41.424],[-74.696,41.358],[-74.752,41.346],[-74.832,41.288],[-74.882,41.18],[-74.922,41.138],[-74.994,41.092],[-75.03,41.08],[-75.076,41.142],[-75.154,41.15],[-75.13,41.252],[-75.36,41.24],[-75.342,41.254],[-75.312,41.332],[-75.352,41.368],[-75.266,41.372],[-75.252,41.412],[-75.188,41.442],[-75.17,41.476],[-75.068,41.602]]]}},{"type":"Feature","id":"21077","properties":{"n":"Gallatin","f":"21077"},"geometry":{"type":"Polygon","coordinates":[[[-84.796,38.856],[-84.66,38.778],[-84.782,38.764],[-84.784,38.72],[-84.87,38.698],[-84.936,38.662],[-84.964,38.68],[-85.026,38.762],[-84.888,38.796],[-84.81,38.792],[-84.832,38.83],[-84.796,38.856]]]}},{"type":"Feature","id":"37125","properties":{"n":"Moore","f":"37125"},"geometry":{"type":"Polygon","coordinates":[[[-79.766,35.512],[-79.556,35.516],[-79.35,35.518],[-79.336,35.498],[-79.362,35.47],[-79.33,35.424],[-79.29,35.4],[-79.264,35.346],[-79.182,35.308],[-79.222,35.268],[-79.164,35.242],[-79.154,35.214],[-79.096,35.192],[-79.1,35.174],[-79.124,35.166],[-79.174,35.194],[-79.246,35.212],[-79.336,35.162],[-79.458,35.044],[-79.502,35.064],[-79.576,35.07],[-79.574,35.122],[-79.612,35.164],[-79.656,35.19],[-79.674,35.246],[-79.706,35.264],[-79.71,35.302],[-79.764,35.476],[-79.766,35.512]]]}},{"type":"Feature","id":"37155","properties":{"n":"Robeson","f":"37155"},"geometry":{"type":"Polygon","coordinates":[[[-79.462,34.63],[-79.336,34.766],[-79.358,34.82],[-79.348,34.838],[-79.192,34.834],[-79.038,34.952],[-78.956,34.912],[-78.902,34.836],[-78.856,34.736],[-78.806,34.69],[-78.844,34.578],[-78.862,34.564],[-78.848,34.5],[-78.87,34.486],[-78.97,34.428],[-78.97,34.398],[-79.01,34.382],[-79.046,34.31],[-79.07,34.3],[-79.246,34.446],[-79.358,34.546],[-79.452,34.62],[-79.462,34.63]]]}},{"type":"Feature","id":"48021","properties":{"n":"Bastrop","f":"48021"},"geometry":{"type":"Polygon","coordinates":[[[-97.368,30.42],[-97.332,30.402],[-97.2,30.338],[-97.082,30.26],[-97.024,30.052],[-97.316,29.786],[-97.648,30.068],[-97.494,30.208],[-97.368,30.42]]]}},{"type":"Feature","id":"48455","properties":{"n":"Trinity","f":"48455"},"geometry":{"type":"Polygon","coordinates":[[[-95.434,31.058],[-94.956,31.386],[-94.96,31.348],[-94.9,31.328],[-94.878,31.284],[-94.9,31.258],[-94.86,31.236],[-94.864,31.2],[-94.842,31.146],[-94.938,31.042],[-95.2,30.824],[-95.244,30.866],[-95.252,30.906],[-95.312,30.898],[-95.326,30.86],[-95.398,30.858],[-95.38,30.888],[-95.434,30.938],[-95.434,31.058]]]}},{"type":"Feature","id":"37171","properties":{"n":"Surry","f":"37171"},"geometry":{"type":"Polygon","coordinates":[[[-80.902,36.562],[-80.836,36.558],[-80.704,36.562],[-80.61,36.558],[-80.442,36.55],[-80.452,36.262],[-80.452,36.242],[-80.466,36.26],[-80.536,36.26],[-80.55,36.286],[-80.592,36.27],[-80.624,36.286],[-80.654,36.252],[-80.686,36.268],[-80.75,36.264],[-80.872,36.236],[-80.868,36.326],[-80.966,36.402],[-80.948,36.418],[-80.972,36.454],[-80.926,36.502],[-80.902,36.562]]]}},{"type":"Feature","id":"45029","properties":{"n":"Colleton","f":"45029"},"geometry":{"type":"Polygon","coordinates":[[[-81.08,33.026],[-80.938,33.102],[-80.904,33.06],[-80.884,33.086],[-80.894,33.126],[-80.798,33.176],[-80.79,33.182],[-80.71,33.156],[-80.672,33.104],[-80.592,33.058],[-80.532,33.07],[-80.474,33.064],[-80.388,33.032],[-80.416,32.976],[-80.406,32.914],[-80.384,32.886],[-80.402,32.858],[-80.406,32.81],[-80.434,32.788],[-80.452,32.74],[-80.424,32.714],[-80.42,32.67],[-80.388,32.652],[-80.388,32.574],[-80.416,32.546],[-80.352,32.5],[-80.284,32.53],[-80.276,32.518],[-80.334,32.478],[-80.362,32.496],[-80.416,32.472],[-80.424,32.498],[-80.478,32.486],[-80.506,32.498],[-80.554,32.566],[-80.622,32.582],[-80.66,32.612],[-80.668,32.668],[-80.74,32.682],[-80.764,32.676],[-80.826,32.704],[-80.902,32.834],[-80.988,32.902],[-80.998,32.932],[-81.08,33.026]]]}},{"type":"Feature","id":"48309","properties":{"n":"McLennan","f":"48309"},"geometry":{"type":"Polygon","coordinates":[[[-97.276,31.746],[-97.038,31.864],[-96.93,31.708],[-96.802,31.522],[-97.28,31.28],[-97.344,31.244],[-97.42,31.32],[-97.606,31.588],[-97.276,31.746]]]}},{"type":"Feature","id":"37031","properties":{"n":"Carteret","f":"37031"},"geometry":{"type":"Polygon","coordinates":[[[-77.078,34.812],[-76.952,34.81],[-76.956,34.824],[-76.884,34.846],[-76.76,34.846],[-76.694,34.87],[-76.652,34.938],[-76.684,34.962],[-76.634,34.99],[-76.586,34.992],[-76.49,35.016],[-76.476,35.07],[-76.436,35.058],[-76.426,35.002],[-76.396,34.974],[-76.332,34.97],[-76.364,35.034],[-76.292,35.01],[-76.286,34.938],[-76.346,34.872],[-76.41,34.862],[-76.41,34.832],[-76.45,34.816],[-76.5,34.742],[-76.526,34.682],[-76.586,34.7],[-76.584,34.768],[-76.62,34.784],[-76.616,34.714],[-76.672,34.708],[-76.522,34.652],[-76.44,34.758],[-76.322,34.862],[-76.236,34.926],[-76.066,35.078],[-76.038,35.06],[-76.138,34.988],[-76.232,34.906],[-76.31,34.852],[-76.386,34.784],[-76.45,34.714],[-76.526,34.616],[-76.536,34.588],[-76.55,34.646],[-76.676,34.694],[-76.816,34.694],[-77.032,34.662],[-77.108,34.64],[-77.096,34.672],[-77.126,34.756],[-77.164,34.784],[-77.078,34.812]]]}},{"type":"Feature","id":"48307","properties":{"n":"McCulloch","f":"48307"},"geometry":{"type":"Polygon","coordinates":[[[-99.604,31.088],[-99.602,31.492],[-99.536,31.484],[-99.512,31.424],[-99.494,31.444],[-99.472,31.422],[-99.436,31.446],[-99.444,31.476],[-99.404,31.446],[-99.314,31.41],[-99.304,31.432],[-99.238,31.482],[-99.202,31.468],[-99.092,31.462],[-99.092,30.94],[-99.486,30.94],[-99.604,30.94],[-99.604,31.088]]]}},{"type":"Feature","id":"39171","properties":{"n":"Williams","f":"39171"},"geometry":{"type":"Polygon","coordinates":[[[-84.806,41.696],[-84.4,41.706],[-84.398,41.618],[-84.382,41.618],[-84.38,41.514],[-84.344,41.514],[-84.344,41.486],[-84.344,41.428],[-84.802,41.426],[-84.806,41.53],[-84.806,41.696]]]}},{"type":"Feature","id":"48039","properties":{"n":"Brazoria","f":"48039"},"geometry":{"type":"Polygon","coordinates":[[[-95.876,29.23],[-95.848,29.262],[-95.796,29.308],[-95.754,29.324],[-95.654,29.292],[-95.578,29.34],[-95.568,29.39],[-95.55,29.396],[-95.55,29.438],[-95.462,29.44],[-95.424,29.58],[-95.344,29.586],[-95.33,29.598],[-95.262,29.592],[-95.254,29.554],[-95.216,29.556],[-95.234,29.466],[-95.058,29.202],[-95.1,29.174],[-95.112,29.196],[-95.158,29.19],[-95.166,29.114],[-95.144,29.092],[-95.104,29.122],[-95.118,29.078],[-95.24,28.988],[-95.384,28.866],[-95.438,28.86],[-95.506,28.826],[-95.57,28.832],[-95.592,28.872],[-95.636,28.898],[-95.65,28.942],[-95.674,28.964],[-95.764,28.968],[-95.782,29.044],[-95.764,29.06],[-95.844,29.106],[-95.84,29.174],[-95.876,29.23]]]}},{"type":"Feature","id":"39013","properties":{"n":"Belmont","f":"39013"},"geometry":{"type":"Polygon","coordinates":[[[-81.234,39.952],[-81.224,40.17],[-81.22,40.172],[-80.884,40.16],[-80.704,40.158],[-80.708,40.102],[-80.74,40.076],[-80.732,40.032],[-80.74,39.972],[-80.764,39.954],[-80.758,39.91],[-80.804,39.918],[-80.79,39.868],[-80.822,39.85],[-81.238,39.868],[-81.234,39.952]]]}},{"type":"Feature","id":"39071","properties":{"n":"Highland","f":"39071"},"geometry":{"type":"Polygon","coordinates":[[[-83.866,39.246],[-83.812,39.222],[-83.784,39.264],[-83.59,39.378],[-83.374,39.378],[-83.392,39.268],[-83.346,39.25],[-83.352,39.198],[-83.384,39.056],[-83.612,39.02],[-83.672,39.02],[-83.874,39.02],[-83.866,39.246]]]}},{"type":"Feature","id":"39173","properties":{"n":"Wood","f":"39173"},"geometry":{"type":"Polygon","coordinates":[[[-83.884,41.414],[-83.748,41.466],[-83.712,41.492],[-83.704,41.528],[-83.612,41.57],[-83.572,41.618],[-83.418,41.618],[-83.414,41.5],[-83.42,41.254],[-83.42,41.166],[-83.88,41.168],[-83.884,41.414]]]}},{"type":"Feature","id":"55015","properties":{"n":"Calumet","f":"55015"},"geometry":{"type":"Polygon","coordinates":[[[-88.402,44.244],[-88.192,44.242],[-88.044,44.24],[-88.044,43.98],[-88.04,43.892],[-88.162,43.892],[-88.162,43.938],[-88.402,43.938],[-88.402,44.244]]]}},{"type":"Feature","id":"42087","properties":{"n":"Mifflin","f":"42087"},"geometry":{"type":"Polygon","coordinates":[[[-77.682,40.73],[-77.438,40.824],[-77.366,40.848],[-77.354,40.806],[-77.354,40.702],[-77.286,40.694],[-77.37,40.668],[-77.498,40.61],[-77.498,40.582],[-77.614,40.514],[-77.614,40.49],[-77.754,40.378],[-77.76,40.368],[-77.858,40.366],[-77.914,40.398],[-77.826,40.492],[-77.844,40.55],[-77.79,40.612],[-77.682,40.682],[-77.704,40.68],[-77.682,40.73]]]}},{"type":"Feature","id":"48017","properties":{"n":"Bailey","f":"48017"},"geometry":{"type":"Polygon","coordinates":[[[-103.048,33.824],[-103.044,33.946],[-103.044,34.304],[-103.044,34.312],[-102.616,34.312],[-102.616,33.826],[-103.048,33.824]]]}},{"type":"Feature","id":"45059","properties":{"n":"Laurens","f":"45059"},"geometry":{"type":"Polygon","coordinates":[[[-82.316,34.484],[-82.236,34.536],[-82.236,34.588],[-82.146,34.786],[-82.114,34.75],[-82.086,34.744],[-82.072,34.704],[-82.004,34.662],[-81.97,34.656],[-81.91,34.604],[-81.864,34.58],[-81.852,34.594],[-81.716,34.554],[-81.676,34.558],[-81.644,34.534],[-81.702,34.452],[-81.724,34.45],[-81.784,34.364],[-81.838,34.342],[-81.892,34.304],[-81.902,34.262],[-81.946,34.204],[-81.978,34.238],[-82.006,34.242],[-82.082,34.3],[-82.122,34.304],[-82.168,34.33],[-82.178,34.358],[-82.248,34.41],[-82.316,34.47],[-82.316,34.484]]]}},{"type":"Feature","id":"55087","properties":{"n":"Outagamie","f":"55087"},"geometry":{"type":"Polygon","coordinates":[[[-88.608,44.59],[-88.244,44.586],[-88.192,44.586],[-88.192,44.242],[-88.402,44.244],[-88.74,44.244],[-88.736,44.59],[-88.608,44.59]]]}},{"type":"Feature","id":"41007","properties":{"n":"Clatsop","f":"41007"},"geometry":{"type":"Polygon","coordinates":[[[-123.55,46.26],[-123.474,46.268],[-123.428,46.23],[-123.43,46.182],[-123.362,46.146],[-123.366,46.04],[-123.358,45.866],[-123.362,45.78],[-123.722,45.774],[-123.722,45.784],[-123.97,45.784],[-123.97,45.908],[-123.994,45.946],[-123.936,45.978],[-123.934,46.072],[-124.002,46.238],[-123.904,46.17],[-123.854,46.158],[-123.866,46.19],[-123.782,46.198],[-123.758,46.214],[-123.718,46.188],[-123.674,46.216],[-123.62,46.216],[-123.55,46.26]]]}},{"type":"Feature","id":"42107","properties":{"n":"Schuylkill","f":"42107"},"geometry":{"type":"Polygon","coordinates":[[[-76.378,40.776],[-76.306,40.802],[-76.286,40.884],[-76.206,40.95],[-76.026,40.902],[-75.998,40.912],[-75.886,40.816],[-75.758,40.736],[-75.89,40.678],[-75.994,40.64],[-76.012,40.578],[-76.066,40.58],[-76.17,40.534],[-76.256,40.518],[-76.34,40.516],[-76.44,40.496],[-76.536,40.556],[-76.702,40.658],[-76.702,40.664],[-76.378,40.776]]]}},{"type":"Feature","id":"42081","properties":{"n":"Lycoming","f":"42081"},"geometry":{"type":"Polygon","coordinates":[[[-77.6,41.542],[-76.96,41.552],[-76.874,41.598],[-76.812,41.59],[-76.748,41.406],[-76.594,41.304],[-76.446,41.276],[-76.594,41.158],[-76.64,41.156],[-76.734,41.172],[-76.788,41.176],[-76.882,41.158],[-76.896,41.14],[-76.96,41.148],[-76.978,41.088],[-77.058,41.086],[-77.144,41.068],[-77.164,41.068],[-77.322,41.22],[-77.352,41.22],[-77.474,41.314],[-77.476,41.338],[-77.528,41.358],[-77.584,41.44],[-77.6,41.478],[-77.6,41.542]]]}},{"type":"Feature","id":"55011","properties":{"n":"Buffalo","f":"55011"},"geometry":{"type":"Polygon","coordinates":[[[-91.652,44.596],[-91.53,44.596],[-91.53,44.246],[-91.6,44.212],[-91.612,44.172],[-91.564,44.148],[-91.532,44.096],[-91.572,44.038],[-91.558,44.026],[-91.594,44.032],[-91.708,44.104],[-91.72,44.128],[-91.816,44.164],[-91.86,44.194],[-91.892,44.232],[-91.896,44.274],[-91.924,44.288],[-91.924,44.334],[-91.974,44.368],[-92.086,44.408],[-92.046,44.51],[-92.024,44.59],[-92,44.596],[-91.652,44.596]]]}},{"type":"Feature","id":"42037","properties":{"n":"Columbia","f":"42037"},"geometry":{"type":"Polygon","coordinates":[[[-76.64,41.156],[-76.594,41.158],[-76.446,41.276],[-76.408,41.308],[-76.31,41.31],[-76.322,41.212],[-76.278,41.132],[-76.228,41.138],[-76.228,41.052],[-76.206,40.95],[-76.286,40.884],[-76.306,40.802],[-76.378,40.776],[-76.41,40.834],[-76.5,40.826],[-76.504,40.882],[-76.53,40.882],[-76.516,40.96],[-76.566,41],[-76.568,41.054],[-76.62,41.064],[-76.64,41.156]]]}},{"type":"Feature","id":"48225","properties":{"n":"Houston","f":"48225"},"geometry":{"type":"Polygon","coordinates":[[[-95.74,31.504],[-95.646,31.528],[-95.654,31.542],[-95.272,31.592],[-95.208,31.57],[-95.168,31.584],[-95.144,31.54],[-95.1,31.518],[-95.1,31.468],[-95.064,31.472],[-95.004,31.426],[-94.956,31.386],[-95.434,31.058],[-95.618,30.93],[-95.638,30.926],[-95.682,30.988],[-95.636,31.038],[-95.664,31.084],[-95.724,31.08],[-95.764,31.094],[-95.776,31.136],[-95.728,31.164],[-95.746,31.182],[-95.724,31.272],[-95.656,31.318],[-95.66,31.358],[-95.692,31.376],[-95.71,31.454],[-95.746,31.458],[-95.74,31.504]]]}},{"type":"Feature","id":"48411","properties":{"n":"San Saba","f":"48411"},"geometry":{"type":"Polygon","coordinates":[[[-99.092,30.94],[-99.092,31.462],[-99.042,31.49],[-99.02,31.47],[-98.992,31.484],[-98.966,31.45],[-98.926,31.434],[-98.87,31.444],[-98.854,31.414],[-98.772,31.412],[-98.78,31.378],[-98.75,31.39],[-98.736,31.43],[-98.704,31.408],[-98.712,31.348],[-98.658,31.37],[-98.64,31.354],[-98.646,31.314],[-98.586,31.322],[-98.626,31.27],[-98.578,31.264],[-98.564,31.23],[-98.568,31.198],[-98.51,31.156],[-98.55,31.124],[-98.524,31.09],[-98.482,31.12],[-98.456,31.078],[-98.486,31.066],[-98.438,31.03],[-98.46,31.008],[-98.446,30.952],[-98.414,30.942],[-98.446,30.922],[-98.966,30.922],[-99.092,30.922],[-99.092,30.94]]]}},{"type":"Feature","id":"51036","properties":{"n":"Charles City","f":"51036"},"geometry":{"type":"Polygon","coordinates":[[[-77.25,37.382],[-77.222,37.406],[-77.18,37.492],[-77.126,37.472],[-77.096,37.44],[-77.022,37.416],[-76.942,37.41],[-76.942,37.384],[-76.902,37.404],[-76.902,37.378],[-76.91,37.348],[-76.874,37.366],[-76.874,37.26],[-76.942,37.234],[-76.97,37.248],[-77.01,37.306],[-77.068,37.27],[-77.086,37.31],[-77.126,37.302],[-77.272,37.32],[-77.25,37.382]]]}},{"type":"Feature","id":"51139","properties":{"n":"Page","f":"51139"},"geometry":{"type":"Polygon","coordinates":[[[-78.644,38.604],[-78.59,38.686],[-78.55,38.73],[-78.51,38.726],[-78.396,38.822],[-78.292,38.78],[-78.284,38.758],[-78.32,38.738],[-78.332,38.702],[-78.314,38.682],[-78.338,38.628],[-78.386,38.582],[-78.382,38.562],[-78.436,38.522],[-78.454,38.476],[-78.486,38.422],[-78.546,38.426],[-78.558,38.448],[-78.622,38.466],[-78.632,38.498],[-78.69,38.512],[-78.644,38.604]]]}},{"type":"Feature","id":"48377","properties":{"n":"Presidio","f":"48377"},"geometry":{"type":"Polygon","coordinates":[[[-104.982,30.628],[-103.902,30.412],[-103.8,30.412],[-103.794,29.26],[-103.836,29.278],[-103.976,29.296],[-104.038,29.32],[-104.106,29.372],[-104.146,29.384],[-104.214,29.452],[-104.214,29.474],[-104.264,29.514],[-104.34,29.52],[-104.382,29.542],[-104.4,29.572],[-104.508,29.64],[-104.54,29.676],[-104.566,29.77],[-104.608,29.818],[-104.634,29.87],[-104.68,29.924],[-104.68,29.976],[-104.706,30.024],[-104.684,30.086],[-104.694,30.132],[-104.688,30.18],[-104.712,30.238],[-104.752,30.264],[-104.762,30.302],[-104.81,30.336],[-104.814,30.36],[-104.86,30.39],[-104.852,30.418],[-104.9,30.57],[-104.924,30.604],[-104.968,30.608],[-104.982,30.628]]]}},{"type":"Feature","id":"48347","properties":{"n":"Nacogdoches","f":"48347"},"geometry":{"type":"Polygon","coordinates":[[[-94.938,31.846],[-94.45,31.844],[-94.426,31.798],[-94.418,31.706],[-94.4,31.654],[-94.35,31.608],[-94.31,31.59],[-94.3,31.526],[-94.322,31.444],[-94.304,31.422],[-94.326,31.4],[-94.328,31.36],[-94.314,31.304],[-94.34,31.264],[-94.326,31.226],[-94.382,31.274],[-94.396,31.302],[-94.45,31.322],[-94.498,31.406],[-94.544,31.404],[-94.544,31.432],[-94.688,31.45],[-94.824,31.484],[-94.868,31.526],[-94.892,31.542],[-94.892,31.578],[-94.924,31.58],[-94.932,31.622],[-94.968,31.698],[-94.968,31.754],[-94.928,31.766],[-94.972,31.782],[-94.938,31.846]]]}},{"type":"Feature","id":"48477","properties":{"n":"Washington","f":"48477"},"geometry":{"type":"Polygon","coordinates":[[[-96.794,30.16],[-96.74,30.198],[-96.734,30.242],[-96.686,30.256],[-96.64,30.296],[-96.422,30.344],[-96.314,30.384],[-96.3,30.378],[-96.266,30.36],[-96.198,30.384],[-96.148,30.368],[-96.156,30.33],[-96.088,30.288],[-96.094,30.226],[-96.16,30.208],[-96.156,30.142],[-96.192,30.138],[-96.144,30.07],[-96.16,30.054],[-96.26,30.076],[-96.288,30.098],[-96.518,30.066],[-96.586,30.064],[-96.622,30.044],[-96.648,30.146],[-96.684,30.152],[-96.766,30.14],[-96.794,30.16]]]}},{"type":"Feature","id":"48097","properties":{"n":"Cooke","f":"48097"},"geometry":{"type":"Polygon","coordinates":[[[-97.484,33.916],[-97.458,33.904],[-97.462,33.85],[-97.444,33.824],[-97.372,33.82],[-97.332,33.874],[-97.3,33.88],[-97.254,33.864],[-97.246,33.9],[-97.21,33.916],[-97.178,33.892],[-97.172,33.836],[-97.208,33.81],[-97.164,33.73],[-97.124,33.718],[-97.086,33.744],[-97.096,33.798],[-97.05,33.818],[-97.088,33.854],[-97.042,33.838],[-96.984,33.886],[-96.996,33.95],[-96.946,33.95],[-96.946,33.416],[-97.384,33.43],[-97.488,33.434],[-97.484,33.916]]]}},{"type":"Feature","id":"48487","properties":{"n":"Wilbarger","f":"48487"},"geometry":{"type":"Polygon","coordinates":[[[-99.476,34.086],[-99.476,34.396],[-99.44,34.374],[-99.396,34.378],[-99.382,34.456],[-99.318,34.408],[-99.26,34.404],[-99.274,34.384],[-99.21,34.336],[-99.192,34.216],[-99.128,34.218],[-99.12,34.202],[-99.078,34.212],[-99.046,34.198],[-98.988,34.222],[-98.952,34.212],[-98.952,33.834],[-99.476,33.834],[-99.476,34.086]]]}},{"type":"Feature","id":"48289","properties":{"n":"Leon","f":"48289"},"geometry":{"type":"Polygon","coordinates":[[[-96.32,31.358],[-96.324,31.374],[-96.238,31.414],[-95.786,31.618],[-95.768,31.598],[-95.758,31.644],[-95.736,31.654],[-95.71,31.616],[-95.728,31.584],[-95.718,31.554],[-95.75,31.552],[-95.74,31.504],[-95.746,31.458],[-95.71,31.454],[-95.692,31.376],[-95.66,31.358],[-95.656,31.318],[-95.724,31.272],[-95.746,31.182],[-95.728,31.164],[-95.776,31.136],[-95.764,31.094],[-95.976,31.092],[-96.048,31.068],[-96.17,30.994],[-96.242,30.974],[-96.26,31.006],[-96.242,31.06],[-96.27,31.078],[-96.296,31.14],[-96.296,31.182],[-96.332,31.252],[-96.32,31.358]]]}},{"type":"Feature","id":"48255","properties":{"n":"Karnes","f":"48255"},"geometry":{"type":"Polygon","coordinates":[[[-98.19,28.882],[-97.728,29.222],[-97.612,29.11],[-97.756,29.006],[-97.574,28.814],[-97.778,28.668],[-97.824,28.67],[-97.914,28.72],[-98.004,28.69],[-98.098,28.788],[-98.19,28.882]]]}},{"type":"Feature","id":"51021","properties":{"n":"Bland","f":"51021"},"geometry":{"type":"Polygon","coordinates":[[[-81.224,37.236],[-81.112,37.278],[-80.98,37.302],[-80.98,37.292],[-81.012,37.276],[-80.854,37.148],[-80.93,37.114],[-80.912,37.074],[-81.034,37.046],[-81.112,37.022],[-81.166,37.024],[-81.224,37.048],[-81.286,37.02],[-81.378,36.952],[-81.436,37.01],[-81.462,37.036],[-81.4,37.058],[-81.358,37.058],[-81.27,37.094],[-81.27,37.128],[-81.328,37.138],[-81.314,37.16],[-81.264,37.174],[-81.286,37.216],[-81.224,37.236]]]}},{"type":"Feature","id":"51183","properties":{"n":"Sussex","f":"51183"},"geometry":{"type":"Polygon","coordinates":[[[-77.62,36.878],[-77.398,36.992],[-77.154,37.112],[-77.074,37.066],[-77.036,37.07],[-76.964,37.054],[-76.968,37],[-76.952,36.944],[-77.118,36.858],[-77.344,36.752],[-77.43,36.708],[-77.492,36.722],[-77.46,36.864],[-77.51,36.844],[-77.578,36.852],[-77.62,36.878]]]}},{"type":"Feature","id":"51111","properties":{"n":"Lunenburg","f":"51111"},"geometry":{"type":"Polygon","coordinates":[[[-78.492,36.892],[-78.442,37.08],[-78.36,37.106],[-78.274,37.104],[-78.238,37.12],[-78.23,37.096],[-78.17,37.058],[-78.084,37.016],[-78.004,37.022],[-78.026,36.778],[-78.112,36.798],[-78.242,36.808],[-78.32,36.85],[-78.396,36.864],[-78.42,36.852],[-78.492,36.892]]]}},{"type":"Feature","id":"51027","properties":{"n":"Buchanan","f":"51027"},"geometry":{"type":"Polygon","coordinates":[[[-81.968,37.538],[-81.928,37.512],[-81.992,37.484],[-81.988,37.454],[-81.934,37.436],[-81.928,37.358],[-81.878,37.332],[-81.852,37.288],[-81.788,37.284],[-81.744,37.264],[-81.738,37.238],[-81.762,37.202],[-81.856,37.174],[-81.902,37.142],[-81.988,37.128],[-82.036,37.052],[-82.15,37.042],[-82.136,37.05],[-82.158,37.11],[-82.236,37.212],[-82.25,37.272],[-82.294,37.306],[-82.316,37.296],[-81.968,37.538]]]}},{"type":"Feature","id":"51117","properties":{"n":"Mecklenburg","f":"51117"},"geometry":{"type":"Polygon","coordinates":[[[-78.648,36.698],[-78.492,36.892],[-78.42,36.852],[-78.396,36.864],[-78.32,36.85],[-78.242,36.808],[-78.112,36.798],[-78.026,36.778],[-78.048,36.544],[-78.324,36.544],[-78.456,36.542],[-78.734,36.542],[-78.716,36.582],[-78.712,36.642],[-78.676,36.688],[-78.648,36.698]]]}},{"type":"Feature","id":"21017","properties":{"n":"Bourbon","f":"21017"},"geometry":{"type":"Polygon","coordinates":[[[-84.444,38.284],[-84.38,38.278],[-84.278,38.314],[-84.192,38.372],[-84.168,38.356],[-84.096,38.26],[-84.056,38.256],[-84.064,38.234],[-84.028,38.214],[-83.988,38.218],[-83.978,38.192],[-84.082,38.116],[-84.286,38.068],[-84.38,38.114],[-84.354,38.178],[-84.372,38.208],[-84.4,38.208],[-84.444,38.284]]]}},{"type":"Feature","id":"37005","properties":{"n":"Alleghany","f":"37005"},"geometry":{"type":"Polygon","coordinates":[[[-81.354,36.574],[-81.178,36.572],[-80.902,36.562],[-80.926,36.502],[-80.972,36.454],[-80.948,36.418],[-80.966,36.402],[-80.98,36.376],[-81.026,36.374],[-81.044,36.412],[-81.096,36.44],[-81.138,36.412],[-81.164,36.432],[-81.188,36.4],[-81.252,36.366],[-81.246,36.382],[-81.27,36.448],[-81.296,36.466],[-81.354,36.546],[-81.354,36.574]]]}},{"type":"Feature","id":"51007","properties":{"n":"Amelia","f":"51007"},"geometry":{"type":"Polygon","coordinates":[[[-78.234,37.368],[-78.184,37.444],[-78.134,37.454],[-78.066,37.452],[-78.016,37.472],[-78.016,37.492],[-77.9,37.476],[-77.864,37.456],[-77.854,37.418],[-77.876,37.418],[-77.878,37.366],[-77.836,37.338],[-77.796,37.334],[-77.808,37.304],[-77.76,37.27],[-77.704,37.296],[-77.65,37.266],[-77.746,37.192],[-77.796,37.192],[-77.826,37.202],[-78.23,37.296],[-78.234,37.368]]]}},{"type":"Feature","id":"51073","properties":{"n":"Gloucester","f":"51073"},"geometry":{"type":"Polygon","coordinates":[[[-76.656,37.604],[-76.594,37.588],[-76.5,37.536],[-76.436,37.514],[-76.45,37.484],[-76.446,37.42],[-76.404,37.4],[-76.446,37.366],[-76.408,37.332],[-76.382,37.286],[-76.35,37.274],[-76.418,37.264],[-76.498,37.242],[-76.602,37.314],[-76.658,37.38],[-76.712,37.432],[-76.666,37.456],[-76.648,37.496],[-76.67,37.53],[-76.656,37.604]]]}},{"type":"Feature","id":"51171","properties":{"n":"Shenandoah","f":"51171"},"geometry":{"type":"Polygon","coordinates":[[[-78.544,39.056],[-78.454,39.028],[-78.45,39.056],[-78.392,39.102],[-78.346,39.096],[-78.346,39.06],[-78.314,39.008],[-78.334,38.95],[-78.298,38.944],[-78.334,38.882],[-78.396,38.822],[-78.51,38.726],[-78.55,38.73],[-78.59,38.686],[-78.644,38.604],[-78.87,38.764],[-78.798,38.874],[-78.716,38.936],[-78.716,38.906],[-78.68,38.926],[-78.626,38.982],[-78.6,38.964],[-78.55,39.018],[-78.572,39.032],[-78.544,39.056]]]}},{"type":"Feature","id":"51051","properties":{"n":"Dickenson","f":"51051"},"geometry":{"type":"Polygon","coordinates":[[[-82.552,37.204],[-82.488,37.232],[-82.354,37.266],[-82.316,37.296],[-82.294,37.306],[-82.25,37.272],[-82.236,37.212],[-82.158,37.11],[-82.136,37.05],[-82.15,37.042],[-82.196,37.032],[-82.262,36.99],[-82.286,36.998],[-82.326,36.972],[-82.362,36.956],[-82.38,36.98],[-82.48,37.022],[-82.494,37.06],[-82.546,37.126],[-82.552,37.204]]]}},{"type":"Feature","id":"55005","properties":{"n":"Barron","f":"55005"},"geometry":{"type":"Polygon","coordinates":[[[-92.154,45.64],[-92.032,45.64],[-91.54,45.638],[-91.54,45.292],[-91.544,45.206],[-91.666,45.208],[-92.158,45.21],[-92.154,45.64]]]}},{"type":"Feature","id":"53049","properties":{"n":"Pacific","f":"53049"},"geometry":{"type":"Polygon","coordinates":[[[-124.098,46.794],[-123.84,46.792],[-123.37,46.792],[-123.366,46.562],[-123.358,46.562],[-123.358,46.384],[-123.726,46.384],[-123.728,46.29],[-123.76,46.274],[-123.808,46.284],[-123.876,46.24],[-123.908,46.246],[-123.984,46.31],[-124.02,46.316],[-124.044,46.276],[-124.08,46.268],[-124.058,46.386],[-124.056,46.494],[-124.07,46.634],[-124.022,46.582],[-124.03,46.496],[-124.016,46.378],[-123.954,46.378],[-123.952,46.41],[-123.988,46.444],[-123.988,46.498],[-123.944,46.466],[-123.894,46.536],[-123.962,46.636],[-123.922,46.672],[-123.832,46.718],[-123.894,46.75],[-123.916,46.726],[-123.98,46.726],[-123.966,46.706],[-124.022,46.708],[-124.094,46.746],[-124.098,46.794]]]}},{"type":"Feature","id":"55061","properties":{"n":"Kewaunee","f":"55061"},"geometry":{"type":"Polygon","coordinates":[[[-87.764,44.644],[-87.736,44.678],[-87.372,44.676],[-87.438,44.604],[-87.47,44.552],[-87.542,44.328],[-87.768,44.328],[-87.764,44.644]]]}},{"type":"Feature","id":"08051","properties":{"n":"Gunnison","f":"08051"},"geometry":{"type":"Polygon","coordinates":[[[-107.634,38.302],[-107.502,38.302],[-107.502,38.668],[-107.502,39.218],[-107.452,39.23],[-107.43,39.258],[-107.394,39.256],[-107.372,39.24],[-107.376,39.198],[-107.354,39.174],[-107.296,39.154],[-107.282,39.118],[-107.068,39.118],[-106.996,39.07],[-107.002,39.042],[-106.906,38.992],[-106.862,39.01],[-106.848,38.986],[-106.802,38.978],[-106.748,39.042],[-106.694,39.056],[-106.654,39.044],[-106.6,38.998],[-106.562,38.998],[-106.472,38.912],[-106.418,38.924],[-106.324,38.904],[-106.352,38.856],[-106.422,38.812],[-106.418,38.724],[-106.45,38.696],[-106.428,38.658],[-106.37,38.62],[-106.346,38.562],[-106.332,38.494],[-106.246,38.424],[-106.998,38.426],[-107.002,38.148],[-107.57,38.148],[-107.562,38.158],[-107.588,38.25],[-107.634,38.302]]]}},{"type":"Feature","id":"13101","properties":{"n":"Echols","f":"13101"},"geometry":{"type":"Polygon","coordinates":[[[-83.018,30.85],[-82.972,30.87],[-82.846,30.836],[-82.832,30.782],[-82.796,30.742],[-82.7,30.734],[-82.602,30.714],[-82.58,30.696],[-82.584,30.592],[-82.688,30.598],[-83.138,30.624],[-83.134,30.79],[-83.106,30.804],[-83.088,30.848],[-83.018,30.85]]]}},{"type":"Feature","id":"37085","properties":{"n":"Harnett","f":"37085"},"geometry":{"type":"Polygon","coordinates":[[[-79.182,35.308],[-78.97,35.522],[-78.916,35.584],[-78.708,35.52],[-78.662,35.496],[-78.528,35.334],[-78.54,35.316],[-78.582,35.296],[-78.618,35.246],[-78.726,35.266],[-78.826,35.26],[-78.88,35.23],[-78.998,35.214],[-79.096,35.192],[-79.154,35.214],[-79.164,35.242],[-79.222,35.268],[-79.182,35.308]]]}},{"type":"Feature","id":"36107","properties":{"n":"Tioga","f":"36107"},"geometry":{"type":"Polygon","coordinates":[[[-76.536,42.282],[-76.476,42.282],[-76.476,42.264],[-76.414,42.264],[-76.414,42.318],[-76.35,42.318],[-76.25,42.296],[-76.242,42.364],[-76.3,42.386],[-76.254,42.408],[-76.132,42.41],[-76.08,42.23],[-76.088,42.186],[-76.116,42.186],[-76.106,41.998],[-76.146,41.998],[-76.558,42],[-76.54,42.052],[-76.562,42.156],[-76.536,42.156],[-76.536,42.282]]]}},{"type":"Feature","id":"37093","properties":{"n":"Hoke","f":"37093"},"geometry":{"type":"Polygon","coordinates":[[[-79.458,35.044],[-79.336,35.162],[-79.246,35.212],[-79.174,35.194],[-79.124,35.166],[-79.1,35.174],[-79.114,35.126],[-79.088,35.042],[-79.034,34.962],[-79.038,34.952],[-79.192,34.834],[-79.348,34.838],[-79.354,34.944],[-79.398,34.996],[-79.458,35.044]]]}},{"type":"Feature","id":"37143","properties":{"n":"Perquimans","f":"37143"},"geometry":{"type":"Polygon","coordinates":[[[-76.558,36.352],[-76.454,36.378],[-76.376,36.258],[-76.318,36.24],[-76.274,36.188],[-76.228,36.13],[-76.192,36.108],[-76.218,36.096],[-76.328,36.134],[-76.376,36.138],[-76.394,36.162],[-76.458,36.184],[-76.376,36.12],[-76.3,36.102],[-76.324,36.084],[-76.41,36.076],[-76.49,36.084],[-76.572,36.108],[-76.59,36.238],[-76.572,36.258],[-76.558,36.352]]]}},{"type":"Feature","id":"48381","properties":{"n":"Randall","f":"48381"},"geometry":{"type":"Polygon","coordinates":[[[-102.168,35.184],[-101.622,35.182],[-101.63,34.748],[-102,34.748],[-102.168,34.748],[-102.168,35.184]]]}},{"type":"Feature","id":"08023","properties":{"n":"Costilla","f":"08023"},"geometry":{"type":"Polygon","coordinates":[[[-105.742,37.356],[-105.496,37.564],[-105.484,37.578],[-105.442,37.612],[-105.402,37.612],[-105.37,37.64],[-105.298,37.658],[-105.236,37.62],[-105.186,37.62],[-105.218,37.582],[-105.18,37.546],[-105.176,37.456],[-105.158,37.458],[-105.128,37.412],[-105.164,37.388],[-105.164,37.29],[-105.154,37.294],[-105.154,36.996],[-105.222,36.996],[-105.718,36.996],[-105.772,37.042],[-105.74,37.104],[-105.75,37.136],[-105.728,37.18],[-105.746,37.248],[-105.722,37.29],[-105.754,37.344],[-105.742,37.356]]]}},{"type":"Feature","id":"08123","properties":{"n":"Weld","f":"08123"},"geometry":{"type":"MultiPolygon","coordinates":[[[[-104.978,40.032],[-104.978,40.032],[-104.978,40.032],[-104.978,40.032]]],[[[-104.942,40.998],[-104.498,41.002],[-104.052,41.002],[-103.574,41.002],[-103.574,40.702],[-103.582,40.698],[-103.582,40.524],[-104.15,40.524],[-104.15,40.002],[-104.49,40],[-104.96,40],[-104.96,40.044],[-105,40.026],[-104.988,40.008],[-105.054,40],[-105.058,40.002],[-105.054,40.262],[-105.058,40.35],[-104.946,40.35],[-104.946,40.596],[-104.942,40.682],[-104.942,40.998]]]]}},{"type":"Feature","id":"13313","properties":{"n":"Whitfield","f":"13313"},"geometry":{"type":"Polygon","coordinates":[[[-85.144,34.768],[-85.132,34.82],[-85.062,34.82],[-85.062,34.864],[-85.022,34.87],[-84.978,34.988],[-84.81,34.988],[-84.842,34.918],[-84.818,34.876],[-84.842,34.86],[-84.864,34.814],[-84.852,34.748],[-84.864,34.708],[-84.924,34.716],[-84.888,34.678],[-84.942,34.68],[-84.914,34.634],[-84.924,34.616],[-85.05,34.622],[-85.05,34.72],[-85.168,34.72],[-85.144,34.768]]]}},{"type":"Feature","id":"21023","properties":{"n":"Bracken","f":"21023"},"geometry":{"type":"Polygon","coordinates":[[[-84.232,38.828],[-84.214,38.806],[-84.052,38.772],[-83.978,38.788],[-83.906,38.768],[-83.992,38.594],[-84.034,38.582],[-84.084,38.598],[-84.12,38.564],[-84.16,38.554],[-84.214,38.556],[-84.206,38.582],[-84.236,38.822],[-84.232,38.828]]]}},{"type":"Feature","id":"21207","properties":{"n":"Russell","f":"21207"},"geometry":{"type":"Polygon","coordinates":[[[-85.234,36.924],[-85.204,36.998],[-85.166,37.034],[-85.044,37.186],[-84.954,37.102],[-84.9,37.116],[-84.906,37.046],[-84.836,36.998],[-84.906,36.946],[-84.946,36.96],[-84.96,36.916],[-85.064,36.858],[-85.118,36.826],[-85.234,36.886],[-85.216,36.854],[-85.238,36.854],[-85.276,36.898],[-85.234,36.924]]]}},{"type":"Feature","id":"21143","properties":{"n":"Lyon","f":"21143"},"geometry":{"type":"Polygon","coordinates":[[[-88.194,37.148],[-88.184,37.126],[-88.12,37.156],[-88.094,37.18],[-88.044,37.174],[-87.976,37.068],[-87.878,36.96],[-88.004,36.91],[-88.158,36.868],[-88.192,36.936],[-88.242,36.982],[-88.208,37],[-88.226,37.028],[-88.23,37.082],[-88.194,37.148]]]}},{"type":"Feature","id":"20025","properties":{"n":"Clark","f":"20025"},"geometry":{"type":"Polygon","coordinates":[[[-100.108,37.474],[-99.774,37.468],[-99.554,37.468],[-99.554,37.382],[-99.544,37.382],[-99.54,37],[-100.004,37.002],[-100.09,37.002],[-100.094,37.388],[-100.108,37.388],[-100.108,37.474]]]}},{"type":"Feature","id":"37077","properties":{"n":"Granville","f":"37077"},"geometry":{"type":"Polygon","coordinates":[[[-78.802,36.236],[-78.794,36.526],[-78.798,36.542],[-78.734,36.542],[-78.456,36.542],[-78.496,36.514],[-78.51,36.454],[-78.508,36.182],[-78.496,36.174],[-78.544,36.08],[-78.546,36.022],[-78.684,36.074],[-78.752,36.07],[-78.806,36.092],[-78.802,36.236]]]}},{"type":"Feature","id":"37095","properties":{"n":"Hyde","f":"37095"},"geometry":{"type":"MultiPolygon","coordinates":[[[[-75.754,35.2],[-75.75,35.186],[-75.944,35.106],[-76.012,35.062],[-75.984,35.12],[-75.956,35.12],[-75.786,35.194],[-75.754,35.2]]],[[[-76.638,35.706],[-76.408,35.698],[-76.27,35.69],[-76.296,35.608],[-76.218,35.598],[-76.178,35.656],[-76.17,35.698],[-76.146,35.702],[-76.092,35.67],[-76.044,35.666],[-76.012,35.668],[-75.902,35.668],[-75.868,35.584],[-75.916,35.538],[-75.952,35.53],[-75.962,35.494],[-75.988,35.484],[-76.012,35.424],[-76.06,35.41],[-76.07,35.37],[-76.132,35.35],[-76.142,35.328],[-76.236,35.35],[-76.34,35.346],[-76.432,35.362],[-76.45,35.384],[-76.486,35.372],[-76.54,35.41],[-76.586,35.51],[-76.476,35.512],[-76.468,35.556],[-76.504,35.582],[-76.54,35.584],[-76.602,35.636],[-76.602,35.67],[-76.638,35.706]]]]}},{"type":"Feature","id":"13009","properties":{"n":"Baldwin","f":"13009"},"geometry":{"type":"Polygon","coordinates":[[[-83.274,33.188],[-83.194,33.176],[-83.098,33.152],[-83.12,33.084],[-83.102,33.05],[-83.052,33.08],[-83.07,33.028],[-83.048,32.986],[-83.072,32.946],[-83.148,33.008],[-83.356,32.926],[-83.414,33.106],[-83.428,33.186],[-83.364,33.18],[-83.274,33.188]]]}},{"type":"Feature","id":"21085","properties":{"n":"Grayson","f":"21085"},"geometry":{"type":"Polygon","coordinates":[[[-86.594,37.564],[-86.576,37.6],[-86.536,37.59],[-86.512,37.624],[-86.41,37.566],[-86.346,37.562],[-86.354,37.588],[-86.274,37.594],[-86.246,37.602],[-86.232,37.576],[-86.178,37.554],[-86.112,37.568],[-86.056,37.496],[-86.048,37.45],[-86.02,37.394],[-86.074,37.382],[-86.08,37.352],[-86.156,37.336],[-86.468,37.32],[-86.486,37.362],[-86.612,37.394],[-86.666,37.546],[-86.594,37.564]]]}},{"type":"Feature","id":"31015","properties":{"n":"Boyd","f":"31015"},"geometry":{"type":"Polygon","coordinates":[[[-99.254,42.998],[-98.5,42.998],[-98.468,42.948],[-98.346,42.904],[-98.31,42.882],[-98.306,42.762],[-98.416,42.776],[-98.464,42.766],[-98.582,42.78],[-98.658,42.81],[-98.712,42.804],[-98.762,42.828],[-98.798,42.824],[-98.84,42.846],[-98.888,42.844],[-98.956,42.894],[-98.984,42.896],[-99.056,42.862],[-99.152,42.842],[-99.256,42.804],[-99.254,42.998]]]}},{"type":"Feature","id":"51790","properties":{"n":"Staunton","f":"51790"},"geometry":{"type":"Polygon","coordinates":[[[-79.114,38.154],[-79.092,38.186],[-79.034,38.198],[-79.01,38.182],[-79.02,38.144],[-79.05,38.122],[-79.086,38.126],[-79.114,38.154]]]}},{"type":"Feature","id":"31025","properties":{"n":"Cass","f":"31025"},"geometry":{"type":"Polygon","coordinates":[[[-96.464,41.016],[-96.35,41.014],[-96.32,41.044],[-96.284,41.022],[-96.206,40.996],[-96.144,41.018],[-96.11,41.048],[-96.034,41.066],[-95.986,41.052],[-95.88,41.054],[-95.862,40.996],[-95.83,40.978],[-95.84,40.94],[-95.814,40.902],[-95.84,40.872],[-95.848,40.812],[-95.832,40.784],[-96.464,40.784],[-96.464,41.016]]]}},{"type":"Feature","id":"04003","properties":{"n":"Cochise","f":"04003"},"geometry":{"type":"Polygon","coordinates":[[[-110.452,31.732],[-110.448,32.25],[-110.452,32.428],[-110.172,32.426],[-109.228,32.424],[-109.114,32.426],[-109.048,32.426],[-109.048,31.332],[-109.278,31.334],[-110,31.334],[-110.46,31.332],[-110.462,31.47],[-110.46,31.614],[-110.452,31.614],[-110.452,31.732]]]}},{"type":"Feature","id":"45039","properties":{"n":"Fairfield","f":"45039"},"geometry":{"type":"Polygon","coordinates":[[[-81.422,34.572],[-81.246,34.564],[-81.002,34.548],[-80.876,34.544],[-80.898,34.486],[-80.88,34.458],[-80.84,34.42],[-80.794,34.412],[-80.768,34.376],[-80.826,34.268],[-80.962,34.252],[-81.096,34.214],[-81.182,34.22],[-81.178,34.174],[-81.278,34.23],[-81.318,34.24],[-81.368,34.326],[-81.422,34.454],[-81.422,34.494],[-81.422,34.572]]]}},{"type":"Feature","id":"12053","properties":{"n":"Hernando","f":"12053"},"geometry":{"type":"Polygon","coordinates":[[[-82.668,28.694],[-82.42,28.696],[-82.42,28.666],[-82.262,28.668],[-82.276,28.656],[-82.212,28.574],[-82.14,28.566],[-82.096,28.524],[-82.054,28.522],[-82.054,28.478],[-82.25,28.478],[-82.254,28.434],[-82.678,28.434],[-82.664,28.484],[-82.67,28.52],[-82.652,28.592],[-82.674,28.648],[-82.668,28.694]]]}},{"type":"Feature","id":"13029","properties":{"n":"Bryan","f":"13029"},"geometry":{"type":"Polygon","coordinates":[[[-81.78,32.152],[-81.626,32.19],[-81.436,32.242],[-81.392,32.096],[-81.368,32.048],[-81.304,32],[-81.268,31.91],[-81.202,31.922],[-81.138,31.856],[-81.178,31.816],[-81.174,31.764],[-81.156,31.726],[-81.2,31.726],[-81.26,31.754],[-81.278,31.794],[-81.31,31.79],[-81.332,31.84],[-81.346,31.824],[-81.378,31.848],[-81.404,31.938],[-81.464,31.95],[-81.476,31.974],[-81.522,31.958],[-81.594,31.972],[-81.594,31.992],[-81.64,32.05],[-81.694,32.088],[-81.72,32.09],[-81.756,32.104],[-81.78,32.152]]]}},{"type":"Feature","id":"19109","properties":{"n":"Kossuth","f":"19109"},"geometry":{"type":"Polygon","coordinates":[[[-94.444,43.5],[-94.246,43.5],[-93.97,43.5],[-93.97,43.256],[-93.97,42.908],[-94.444,42.908],[-94.444,43.256],[-94.444,43.5]]]}},{"type":"Feature","id":"20187","properties":{"n":"Stanton","f":"20187"},"geometry":{"type":"Polygon","coordinates":[[[-102.042,37.644],[-102.042,37.738],[-101.528,37.736],[-101.526,37.388],[-101.558,37.388],[-102.042,37.388],[-102.042,37.644]]]}},{"type":"Feature","id":"08071","properties":{"n":"Las Animas","f":"08071"},"geometry":{"type":"Polygon","coordinates":[[[-105.154,37.294],[-105.11,37.298],[-105,37.37],[-104.932,37.396],[-104.882,37.388],[-104.752,37.406],[-104.694,37.444],[-104.688,37.496],[-104.662,37.496],[-104.558,37.57],[-104.544,37.616],[-104.458,37.738],[-104.35,37.818],[-104.062,37.734],[-104.06,37.644],[-103.406,37.644],[-103.076,37.644],[-103.076,37.382],[-103.084,37.382],[-103.086,37],[-104.01,36.996],[-104.34,36.994],[-105,36.994],[-105.154,36.996],[-105.154,37.294]]]}},{"type":"Feature","id":"12015","properties":{"n":"Charlotte","f":"12015"},"geometry":{"type":"Polygon","coordinates":[[[-82.376,26.946],[-82.254,26.946],[-82.254,27.032],[-82.056,27.032],[-81.982,27.036],[-81.562,27.034],[-81.566,26.77],[-82.06,26.77],[-82.054,26.802],[-82.06,26.876],[-82.09,26.888],[-82.09,26.922],[-82.06,26.932],[-82.074,26.958],[-82.118,26.954],[-82.136,26.926],[-82.176,26.916],[-82.146,26.79],[-82.218,26.77],[-82.272,26.79],[-82.29,26.828],[-82.376,26.946]]]}},{"type":"Feature","id":"19163","properties":{"n":"Scott","f":"19163"},"geometry":{"type":"Polygon","coordinates":[[[-90.898,41.772],[-90.786,41.772],[-90.714,41.734],[-90.674,41.762],[-90.578,41.758],[-90.538,41.776],[-90.47,41.774],[-90.41,41.73],[-90.316,41.728],[-90.312,41.698],[-90.344,41.648],[-90.342,41.59],[-90.398,41.572],[-90.464,41.524],[-90.556,41.524],[-90.592,41.514],[-90.65,41.466],[-90.736,41.45],[-90.786,41.452],[-90.782,41.596],[-90.9,41.598],[-90.898,41.772]]]}},{"type":"Feature","id":"41035","properties":{"n":"Klamath","f":"41035"},"geometry":{"type":"Polygon","coordinates":[[[-122.282,42.996],[-122.268,43.068],[-122.096,43.068],[-122.066,43.152],[-122.038,43.19],[-122.042,43.216],[-121.978,43.26],[-122.01,43.288],[-122.02,43.36],[-122.064,43.406],[-122.132,43.44],[-122.128,43.496],[-122.15,43.52],[-122.132,43.558],[-122.002,43.616],[-121.334,43.616],[-121.33,43.356],[-121.348,43.356],[-121.348,42.746],[-120.882,42.744],[-120.878,42.484],[-120.882,42.336],[-120.878,41.994],[-121.036,41.994],[-121.446,41.996],[-121.998,42.004],[-122.29,42.008],[-122.286,42.288],[-122.282,42.996]]]}},{"type":"Feature","id":"48123","properties":{"n":"DeWitt","f":"48123"},"geometry":{"type":"Polygon","coordinates":[[[-97.612,29.11],[-97.336,29.316],[-97.24,29.384],[-96.978,29.104],[-97.304,28.864],[-97.34,28.896],[-97.42,28.926],[-97.574,28.814],[-97.756,29.006],[-97.612,29.11]]]}},{"type":"Feature","id":"01023","properties":{"n":"Choctaw","f":"01023"},"geometry":{"type":"Polygon","coordinates":[[[-88.474,31.894],[-88.432,32.228],[-88.42,32.308],[-87.93,32.31],[-88.018,32.286],[-88.008,32.186],[-88.036,32.146],[-88.044,32.082],[-88.07,32.062],[-88.12,32.054],[-88.116,32.018],[-88.072,31.99],[-88.07,31.958],[-88.122,31.95],[-88.086,31.922],[-88.13,31.904],[-88.14,31.864],[-88.18,31.822],[-88.144,31.752],[-88.104,31.762],[-88.086,31.7],[-88.464,31.698],[-88.474,31.894]]]}},{"type":"Feature","id":"01119","properties":{"n":"Sumter","f":"01119"},"geometry":{"type":"Polygon","coordinates":[[[-88.388,32.578],[-88.366,32.748],[-88.348,32.93],[-88.342,32.992],[-88.174,32.996],[-88.176,32.932],[-88.208,32.926],[-88.18,32.872],[-88.156,32.852],[-88.176,32.828],[-88.134,32.834],[-88.104,32.798],[-88.072,32.804],[-88.076,32.774],[-88.108,32.772],[-88.086,32.71],[-88.116,32.7],[-88.08,32.684],[-88.054,32.696],[-88.058,32.644],[-88.08,32.62],[-88.054,32.592],[-87.976,32.61],[-87.93,32.632],[-87.904,32.614],[-87.858,32.62],[-87.86,32.59],[-87.896,32.592],[-87.854,32.532],[-87.854,32.516],[-87.914,32.518],[-87.954,32.474],[-88.034,32.434],[-88.048,32.378],[-87.972,32.344],[-87.93,32.31],[-88.42,32.308],[-88.388,32.578]]]}},{"type":"Feature","id":"12071","properties":{"n":"Lee","f":"12071"},"geometry":{"type":"MultiPolygon","coordinates":[[[[-82.06,26.77],[-81.566,26.77],[-81.566,26.514],[-81.562,26.422],[-81.658,26.422],[-81.658,26.318],[-81.82,26.316],[-81.846,26.33],[-81.87,26.38],[-81.97,26.476],[-82.01,26.484],[-82.014,26.528],[-82.056,26.548],[-82.056,26.494],[-82.108,26.484],[-82.11,26.54],[-82.14,26.638],[-82.182,26.682],[-82.172,26.702],[-82.126,26.7],[-82.092,26.666],[-82.06,26.77]]],[[[-82.266,26.698],[-82.248,26.684],[-82.178,26.502],[-82.15,26.478],[-82.09,26.456],[-82.064,26.47],[-82.014,26.452],[-82.064,26.426],[-82.096,26.424],[-82.172,26.468],[-82.196,26.492],[-82.244,26.59],[-82.266,26.656],[-82.266,26.698]]],[[[-82.272,26.79],[-82.218,26.77],[-82.25,26.764],[-82.268,26.72],[-82.272,26.79]]]]}},{"type":"Feature","id":"08107","properties":{"n":"Routt","f":"08107"},"geometry":{"type":"Polygon","coordinates":[[[-107.318,41.002],[-106.858,41.002],[-106.874,40.97],[-106.848,40.924],[-106.802,40.898],[-106.78,40.906],[-106.734,40.872],[-106.69,40.886],[-106.636,40.812],[-106.672,40.738],[-106.668,40.698],[-106.704,40.616],[-106.702,40.576],[-106.654,40.51],[-106.65,40.446],[-106.654,40.342],[-106.632,40.342],[-106.636,40.002],[-106.626,39.924],[-106.654,39.92],[-107.034,39.918],[-107.032,40.002],[-107.038,40.092],[-107.038,40.226],[-107.44,40.224],[-107.444,40.334],[-107.434,40.334],[-107.43,40.542],[-107.372,40.542],[-107.372,40.6],[-107.314,40.6],[-107.318,41.002]]]}},{"type":"Feature","id":"20033","properties":{"n":"Comanche","f":"20033"},"geometry":{"type":"Polygon","coordinates":[[[-99.544,37.382],[-99.012,37.384],[-99.002,37.384],[-99.002,37],[-99.458,37],[-99.54,37],[-99.544,37.382]]]}},{"type":"Feature","id":"21059","properties":{"n":"Daviess","f":"21059"},"geometry":{"type":"Polygon","coordinates":[[[-87.3,37.898],[-87.268,37.878],[-87.222,37.85],[-87.158,37.838],[-87.128,37.784],[-87.09,37.788],[-87.064,37.81],[-87.046,37.894],[-86.978,37.93],[-86.988,37.898],[-86.932,37.91],[-86.896,37.882],[-86.914,37.838],[-86.856,37.84],[-86.816,37.792],[-86.824,37.738],[-86.866,37.71],[-86.816,37.674],[-86.928,37.624],[-86.95,37.63],[-87.038,37.56],[-87.096,37.566],[-87.262,37.622],[-87.408,37.684],[-87.394,37.724],[-87.322,37.742],[-87.272,37.782],[-87.322,37.82],[-87.3,37.898]]]}},{"type":"Feature","id":"20153","properties":{"n":"Rawlins","f":"20153"},"geometry":{"type":"Polygon","coordinates":[[[-101.41,40.002],[-101.324,40.002],[-100.758,40.002],[-100.74,40.002],[-100.74,39.568],[-101.388,39.568],[-101.414,39.568],[-101.41,40.002]]]}},{"type":"Feature","id":"13275","properties":{"n":"Thomas","f":"13275"},"geometry":{"type":"Polygon","coordinates":[[[-84.118,31.078],[-84.002,31.078],[-84.002,31.042],[-83.736,31.038],[-83.744,30.658],[-84.006,30.672],[-84.084,30.676],[-84.078,30.906],[-84.118,30.97],[-84.118,31.078]]]}},{"type":"Feature","id":"13099","properties":{"n":"Early","f":"13099"},"geometry":{"type":"Polygon","coordinates":[[[-85.09,31.308],[-85.094,31.362],[-85.064,31.432],[-85.072,31.468],[-85.046,31.518],[-85.028,31.486],[-84.94,31.504],[-84.82,31.5],[-84.796,31.502],[-84.788,31.436],[-84.638,31.434],[-84.642,31.26],[-84.918,31.256],[-84.922,31.072],[-85.026,31.076],[-85.036,31.108],[-85.108,31.186],[-85.098,31.232],[-85.116,31.276],[-85.09,31.308]]]}},{"type":"Feature","id":"26147","properties":{"n":"St. Clair","f":"26147"},"geometry":{"type":"Polygon","coordinates":[[[-82.998,43.154],[-82.502,43.168],[-82.488,43.102],[-82.424,43.008],[-82.416,42.966],[-82.456,42.928],[-82.48,42.802],[-82.466,42.762],[-82.51,42.666],[-82.524,42.608],[-82.588,42.55],[-82.642,42.554],[-82.686,42.518],[-82.682,42.574],[-82.714,42.598],[-82.678,42.612],[-82.624,42.666],[-82.674,42.688],[-82.706,42.684],[-82.732,42.72],[-82.738,42.898],[-82.982,42.894],[-82.998,43.154]]]}},{"type":"Feature","id":"12069","properties":{"n":"Lake","f":"12069"},"geometry":{"type":"Polygon","coordinates":[[[-81.952,28.96],[-81.658,28.96],[-81.658,29.048],[-81.636,29.048],[-81.64,29.276],[-81.616,29.206],[-81.562,29.2],[-81.532,29.178],[-81.5,29.098],[-81.464,29.096],[-81.458,29.064],[-81.354,28.984],[-81.354,28.896],[-81.368,28.878],[-81.418,28.824],[-81.414,28.786],[-81.648,28.786],[-81.658,28.768],[-81.658,28.348],[-81.792,28.346],[-81.792,28.362],[-81.856,28.362],[-81.856,28.346],[-81.956,28.346],[-81.952,28.552],[-81.952,28.96]]]}},{"type":"Feature","id":"21037","properties":{"n":"Campbell","f":"21037"},"geometry":{"type":"Polygon","coordinates":[[[-84.318,39.022],[-84.29,38.956],[-84.24,38.9],[-84.232,38.874],[-84.386,38.812],[-84.418,38.806],[-84.466,38.85],[-84.44,38.908],[-84.462,38.946],[-84.45,38.994],[-84.49,39.02],[-84.504,39.094],[-84.472,39.122],[-84.444,39.114],[-84.43,39.056],[-84.318,39.022]]]}},{"type":"Feature","id":"12121","properties":{"n":"Suwannee","f":"12121"},"geometry":{"type":"Polygon","coordinates":[[[-83.248,30.26],[-83.21,30.312],[-83.212,30.344],[-83.17,30.384],[-83.156,30.418],[-83.084,30.438],[-83.076,30.426],[-83,30.43],[-82.966,30.418],[-82.882,30.366],[-82.796,30.336],[-82.792,29.986],[-82.76,29.966],[-82.8,29.932],[-82.864,29.91],[-82.878,29.886],[-82.926,29.92],[-82.93,29.958],[-82.962,29.994],[-83.004,30.012],[-83.012,30.032],[-83.066,30.066],[-83.07,30.082],[-83.158,30.11],[-83.184,30.094],[-83.228,30.114],[-83.248,30.184],[-83.248,30.26]]]}},{"type":"Feature","id":"23013","properties":{"n":"Knox","f":"23013"},"geometry":{"type":"MultiPolygon","coordinates":[[[[-68.658,44.12],[-68.622,44.112],[-68.582,44.072],[-68.6,44.012],[-68.658,44.004],[-68.668,44.076],[-68.658,44.12]]],[[[-68.912,43.854],[-68.884,43.884],[-68.88,43.82],[-68.912,43.854]]],[[[-68.946,44.112],[-68.916,44.148],[-68.826,44.186],[-68.788,44.144],[-68.82,44.136],[-68.77,44.07],[-68.808,44.036],[-68.874,44.026],[-68.916,44.046],[-68.898,44.068],[-68.91,44.11],[-68.946,44.112]]],[[[-69.408,44.328],[-69.402,44.342],[-69.348,44.308],[-69.268,44.364],[-69.122,44.256],[-69.028,44.25],[-69.052,44.172],[-69.1,44.104],[-69.032,44.08],[-69.078,44.056],[-69.042,44.006],[-69.078,43.974],[-69.174,43.976],[-69.222,43.916],[-69.276,43.914],[-69.282,43.864],[-69.322,43.856],[-69.322,43.902],[-69.296,43.934],[-69.33,43.946],[-69.34,43.92],[-69.384,43.91],[-69.376,43.962],[-69.366,44.012],[-69.33,44.006],[-69.322,44.034],[-69.282,44.052],[-69.312,44.096],[-69.304,44.132],[-69.336,44.21],[-69.404,44.21],[-69.434,44.226],[-69.452,44.314],[-69.408,44.328]]]]}},{"type":"Feature","id":"26163","properties":{"n":"Wayne","f":"26163"},"geometry":{"type":"Polygon","coordinates":[[[-83.554,42.434],[-83.084,42.446],[-82.872,42.452],[-82.896,42.386],[-82.958,42.34],[-83.066,42.318],[-83.13,42.234],[-83.122,42.126],[-83.134,42.088],[-83.188,42.066],[-83.188,42.03],[-83.302,42.094],[-83.54,42.086],[-83.542,42.262],[-83.554,42.434]]]}},{"type":"Feature","id":"29157","properties":{"n":"Perry","f":"29157"},"geometry":{"type":"Polygon","coordinates":[[[-90.148,37.642],[-90.112,37.672],[-90,37.822],[-89.94,37.876],[-89.904,37.87],[-89.846,37.906],[-89.8,37.882],[-89.796,37.856],[-89.742,37.846],[-89.674,37.802],[-89.666,37.752],[-89.616,37.75],[-89.584,37.714],[-89.516,37.692],[-89.508,37.626],[-89.476,37.596],[-89.522,37.57],[-89.522,37.566],[-89.59,37.574],[-89.602,37.602],[-89.626,37.588],[-89.728,37.6],[-89.748,37.59],[-89.802,37.602],[-89.86,37.6],[-90.148,37.598],[-90.148,37.642]]]}},{"type":"Feature","id":"29113","properties":{"n":"Lincoln","f":"29113"},"geometry":{"type":"Polygon","coordinates":[[[-91.26,39.14],[-91.184,39.138],[-91.184,39.228],[-90.722,39.224],[-90.71,39.156],[-90.682,39.088],[-90.714,39.058],[-90.674,38.984],[-90.664,38.934],[-90.682,38.916],[-90.726,38.926],[-90.804,38.912],[-90.808,38.878],[-90.926,38.888],[-90.926,38.888],[-90.934,38.886],[-90.934,38.886],[-90.94,38.886],[-90.94,38.886],[-90.958,38.87],[-91.112,38.872],[-91.11,38.932],[-91.188,38.932],[-91.188,38.992],[-91.264,38.992],[-91.26,39.14]]]}},{"type":"Feature","id":"27057","properties":{"n":"Hubbard","f":"27057"},"geometry":{"type":"Polygon","coordinates":[[[-95.182,47.414],[-94.67,47.41],[-94.658,46.976],[-94.658,46.804],[-94.788,46.804],[-95.162,46.804],[-95.162,46.978],[-95.168,46.978],[-95.168,47.152],[-95.168,47.326],[-95.182,47.326],[-95.182,47.414]]]}},{"type":"Feature","id":"20021","properties":{"n":"Cherokee","f":"20021"},"geometry":{"type":"Polygon","coordinates":[[[-95.076,37.34],[-94.616,37.338],[-94.62,37.058],[-94.62,36.998],[-95.008,37],[-95.072,37],[-95.076,37.048],[-95.076,37.34]]]}},{"type":"Feature","id":"27011","properties":{"n":"Big Stone","f":"27011"},"geometry":{"type":"Polygon","coordinates":[[[-96.834,45.586],[-96.252,45.586],[-96.242,45.586],[-96.242,45.412],[-96.116,45.412],[-96.12,45.24],[-96.102,45.178],[-96.174,45.192],[-96.224,45.22],[-96.274,45.222],[-96.284,45.246],[-96.454,45.268],[-96.472,45.326],[-96.522,45.376],[-96.618,45.408],[-96.684,45.412],[-96.734,45.458],[-96.766,45.522],[-96.834,45.586]]]}},{"type":"Feature","id":"12075","properties":{"n":"Levy","f":"12075"},"geometry":{"type":"Polygon","coordinates":[[[-83.166,29.288],[-83.14,29.324],[-83.12,29.318],[-83.062,29.35],[-83.066,29.372],[-83.022,29.4],[-83.026,29.42],[-82.982,29.47],[-82.976,29.542],[-82.936,29.592],[-82.772,29.586],[-82.756,29.562],[-82.656,29.564],[-82.656,29.536],[-82.556,29.538],[-82.556,29.48],[-82.406,29.486],[-82.402,29.216],[-82.534,29.214],[-82.534,29.044],[-82.596,29.03],[-82.614,29.01],[-82.688,29.034],[-82.714,29.03],[-82.76,28.994],[-82.76,29.054],[-82.818,29.076],[-82.8,29.104],[-82.804,29.146],[-82.828,29.158],[-82.998,29.178],[-83.03,29.134],[-83.054,29.13],[-83.088,29.216],[-83.076,29.256],[-83.126,29.282],[-83.166,29.288]]]}},{"type":"Feature","id":"13065","properties":{"n":"Clinch","f":"13065"},"geometry":{"type":"Polygon","coordinates":[[[-82.972,31.184],[-82.67,31.184],[-82.592,31.018],[-82.548,31],[-82.52,30.964],[-82.492,30.964],[-82.494,30.82],[-82.438,30.82],[-82.43,30.612],[-82.42,30.582],[-82.458,30.584],[-82.584,30.592],[-82.58,30.696],[-82.602,30.714],[-82.7,30.734],[-82.796,30.742],[-82.832,30.782],[-82.846,30.836],[-82.972,30.87],[-82.972,31.184]]]}},{"type":"Feature","id":"26027","properties":{"n":"Cass","f":"26027"},"geometry":{"type":"Polygon","coordinates":[[[-86.228,41.76],[-86.224,42.072],[-85.764,42.068],[-85.762,41.8],[-85.79,41.758],[-86.062,41.76],[-86.228,41.76]]]}},{"type":"Feature","id":"26081","properties":{"n":"Kent","f":"26081"},"geometry":{"type":"Polygon","coordinates":[[[-85.79,43.294],[-85.564,43.294],[-85.312,43.294],[-85.312,43.118],[-85.308,42.77],[-85.546,42.768],[-85.782,42.768],[-85.782,42.914],[-85.79,43.032],[-85.79,43.206],[-85.79,43.294]]]}},{"type":"Feature","id":"31135","properties":{"n":"Perkins","f":"31135"},"geometry":{"type":"Polygon","coordinates":[[[-102.052,41.004],[-101.248,41.004],[-101.248,40.698],[-101.346,40.698],[-102.052,40.698],[-102.052,40.75],[-102.052,41.002],[-102.052,41.004]]]}},{"type":"Feature","id":"34029","properties":{"n":"Ocean","f":"34029"},"geometry":{"type":"Polygon","coordinates":[[[-74.032,40.1],[-74.078,39.91],[-74.096,39.762],[-74.24,39.556],[-74.312,39.5],[-74.38,39.498],[-74.418,39.558],[-74.39,39.596],[-74.39,39.774],[-74.552,40.08],[-74.408,40.172],[-74.26,40.166],[-74.244,40.116],[-74.154,40.1],[-74.106,40.136],[-74.07,40.088],[-74.032,40.1]]]}},{"type":"Feature","id":"36015","properties":{"n":"Chemung","f":"36015"},"geometry":{"type":"Polygon","coordinates":[[[-76.968,42.002],[-76.964,42.278],[-76.964,42.288],[-76.734,42.294],[-76.734,42.248],[-76.64,42.234],[-76.62,42.282],[-76.536,42.282],[-76.536,42.156],[-76.562,42.156],[-76.54,42.052],[-76.558,42],[-76.928,42.002],[-76.968,42.002]]]}},{"type":"Feature","id":"27159","properties":{"n":"Wadena","f":"27159"},"geometry":{"type":"Polygon","coordinates":[[[-95.166,46.718],[-95.162,46.804],[-94.788,46.804],[-94.778,46.394],[-94.73,46.368],[-95.154,46.368],[-95.154,46.63],[-95.166,46.718]]]}},{"type":"Feature","id":"29013","properties":{"n":"Bates","f":"29013"},"geometry":{"type":"Polygon","coordinates":[[[-94.612,38.388],[-94.612,38.478],[-94.31,38.472],[-94.256,38.45],[-94.224,38.46],[-94.174,38.446],[-94.084,38.456],[-94.066,38.448],[-94.074,38.214],[-94.048,38.214],[-94.06,38.036],[-94.11,38.038],[-94.156,38.058],[-94.24,38.026],[-94.24,38.052],[-94.612,38.06],[-94.612,38.388]]]}},{"type":"Feature","id":"31129","properties":{"n":"Nuckolls","f":"31129"},"geometry":{"type":"Polygon","coordinates":[[[-98.274,40.002],[-98.274,40.35],[-97.824,40.35],[-97.822,40.35],[-97.822,40.002],[-97.932,40.002],[-98.274,40.002]]]}},{"type":"Feature","id":"34003","properties":{"n":"Bergen","f":"34003"},"geometry":{"type":"Polygon","coordinates":[[[-74.21,41.134],[-73.906,40.998],[-73.894,40.996],[-73.916,40.918],[-73.934,40.882],[-73.984,40.8],[-74.016,40.824],[-74.1,40.776],[-74.146,40.786],[-74.132,40.82],[-74.122,40.858],[-74.142,40.966],[-74.25,40.992],[-74.272,41.02],[-74.21,41.134]]]}},{"type":"Feature","id":"36119","properties":{"n":"Westchester","f":"36119"},"geometry":{"type":"Polygon","coordinates":[[[-73.982,41.322],[-73.544,41.366],[-73.55,41.296],[-73.482,41.212],[-73.726,41.1],[-73.654,41.014],[-73.658,40.984],[-73.684,40.948],[-73.758,40.912],[-73.766,40.876],[-73.916,40.918],[-73.894,40.996],[-73.888,41.13],[-73.93,41.204],[-73.97,41.248],[-73.946,41.29],[-73.982,41.322]]]}},{"type":"Feature","id":"36063","properties":{"n":"Niagara","f":"36063"},"geometry":{"type":"Polygon","coordinates":[[[-78.464,43.372],[-78.464,43.13],[-78.464,43.088],[-78.51,43.098],[-78.604,43.072],[-78.726,43.086],[-78.802,43.066],[-78.84,43.02],[-78.892,43.022],[-78.894,43.044],[-78.946,43.068],[-79.02,43.066],[-79.074,43.078],[-79.042,43.144],[-79.06,43.252],[-79.07,43.262],[-78.97,43.282],[-78.834,43.318],[-78.632,43.358],[-78.49,43.374],[-78.464,43.372]]]}},{"type":"Feature","id":"37189","properties":{"n":"Watauga","f":"37189"},"geometry":{"type":"Polygon","coordinates":[[[-81.73,36.39],[-81.636,36.35],[-81.566,36.272],[-81.55,36.276],[-81.48,36.24],[-81.458,36.2],[-81.5,36.142],[-81.548,36.118],[-81.676,36.122],[-81.81,36.112],[-81.83,36.168],[-81.856,36.194],[-81.884,36.19],[-81.91,36.216],[-81.896,36.272],[-81.916,36.288],[-81.834,36.348],[-81.794,36.358],[-81.766,36.338],[-81.706,36.338],[-81.73,36.39]]]}},{"type":"Feature","id":"27023","properties":{"n":"Chippewa","f":"27023"},"geometry":{"type":"Polygon","coordinates":[[[-96.038,45.152],[-95.248,45.152],[-95.248,44.89],[-95.484,44.89],[-95.484,44.752],[-95.528,44.77],[-95.498,44.786],[-95.614,44.85],[-95.672,44.904],[-95.71,44.904],[-95.736,44.936],[-95.804,44.95],[-95.826,44.988],[-95.98,45.098],[-96.038,45.152]]]}},{"type":"Feature","id":"42089","properties":{"n":"Monroe","f":"42089"},"geometry":{"type":"Polygon","coordinates":[[[-75.65,41.122],[-75.6,41.162],[-75.542,41.224],[-75.506,41.232],[-75.36,41.24],[-75.13,41.252],[-75.154,41.15],[-75.076,41.142],[-75.03,41.08],[-74.994,41.092],[-74.968,41.094],[-75.026,41.04],[-75.134,40.99],[-75.118,40.968],[-75.22,40.928],[-75.284,40.866],[-75.378,40.832],[-75.474,40.814],[-75.574,40.952],[-75.496,40.988],[-75.578,41.068],[-75.65,41.122]]]}},{"type":"Feature","id":"26029","properties":{"n":"Charlevoix","f":"26029"},"geometry":{"type":"MultiPolygon","coordinates":[[[[-85.098,45.366],[-85.098,45.336],[-85.046,45.336],[-85,45.272],[-84.964,45.292],[-84.73,45.29],[-84.734,45.202],[-84.734,45.116],[-84.856,45.116],[-85.222,45.118],[-85.222,45.206],[-85.388,45.208],[-85.37,45.27],[-85.308,45.312],[-85.272,45.316],[-85.208,45.356],[-85.098,45.366]]],[[[-85.378,45.812],[-85.352,45.796],[-85.394,45.778],[-85.378,45.812]]],[[[-85.524,45.83],[-85.448,45.796],[-85.464,45.766],[-85.532,45.798],[-85.524,45.83]]],[[[-85.628,45.598],[-85.604,45.64],[-85.592,45.698],[-85.57,45.712],[-85.568,45.76],[-85.502,45.754],[-85.506,45.682],[-85.492,45.61],[-85.56,45.572],[-85.628,45.598]]],[[[-85.7,45.736],[-85.654,45.744],[-85.672,45.696],[-85.696,45.698],[-85.7,45.736]]]]}},{"type":"Feature","id":"26091","properties":{"n":"Lenawee","f":"26091"},"geometry":{"type":"Polygon","coordinates":[[[-84.364,42.074],[-84.132,42.072],[-84.01,42.078],[-83.772,42.082],[-83.762,41.724],[-83.88,41.72],[-84.362,41.706],[-84.364,42.074]]]}},{"type":"Feature","id":"27157","properties":{"n":"Wabasha","f":"27157"},"geometry":{"type":"Polygon","coordinates":[[[-92.244,44.454],[-92.214,44.438],[-92.086,44.408],[-91.974,44.368],[-91.924,44.334],[-91.924,44.288],[-91.896,44.274],[-91.892,44.232],[-91.86,44.194],[-92.078,44.194],[-92.078,44.106],[-92.318,44.108],[-92.318,44.194],[-92.552,44.196],[-92.552,44.368],[-92.43,44.368],[-92.43,44.456],[-92.244,44.454]]]}},{"type":"Feature","id":"29047","properties":{"n":"Clay","f":"29047"},"geometry":{"type":"Polygon","coordinates":[[[-94.602,39.16],[-94.602,39.456],[-94.21,39.454],[-94.214,39.208],[-94.256,39.236],[-94.29,39.236],[-94.368,39.164],[-94.39,39.194],[-94.4,39.168],[-94.462,39.12],[-94.484,39.146],[-94.522,39.148],[-94.608,39.114],[-94.602,39.16]]]}},{"type":"Feature","id":"27071","properties":{"n":"Koochiching","f":"27071"},"geometry":{"type":"Polygon","coordinates":[[[-94.43,48.7],[-94.382,48.712],[-94.264,48.7],[-94.224,48.65],[-94.006,48.644],[-93.834,48.626],[-93.804,48.568],[-93.816,48.526],[-93.794,48.516],[-93.644,48.518],[-93.626,48.53],[-93.546,48.53],[-93.464,48.546],[-93.468,48.588],[-93.348,48.626],[-93.208,48.642],[-93.176,48.624],[-93.086,48.628],[-93.098,48.068],[-93.09,48.068],[-93.08,47.892],[-93.776,47.9],[-93.776,47.846],[-94.418,47.846],[-94.43,48.368],[-94.43,48.7]]]}},{"type":"Feature","id":"27107","properties":{"n":"Norman","f":"27107"},"geometry":{"type":"Polygon","coordinates":[[[-96.852,47.5],[-96.066,47.5],[-96.066,47.152],[-96.196,47.152],[-96.83,47.15],[-96.834,47.238],[-96.844,47.292],[-96.834,47.336],[-96.862,47.414],[-96.852,47.5]]]}},{"type":"Feature","id":"27005","properties":{"n":"Becker","f":"27005"},"geometry":{"type":"Polygon","coordinates":[[[-96.196,47.152],[-96.066,47.152],[-95.552,47.152],[-95.168,47.152],[-95.168,46.978],[-95.162,46.978],[-95.162,46.804],[-95.166,46.718],[-95.434,46.716],[-96.174,46.718],[-96.174,46.978],[-96.196,46.978],[-96.196,47.152]]]}},{"type":"Feature","id":"19085","properties":{"n":"Harrison","f":"19085"},"geometry":{"type":"Polygon","coordinates":[[[-96.138,41.866],[-95.672,41.862],[-95.556,41.864],[-95.56,41.602],[-95.498,41.602],[-95.498,41.506],[-95.998,41.508],[-95.998,41.538],[-96.03,41.54],[-96.038,41.508],[-96.092,41.532],[-96.08,41.58],[-96.12,41.614],[-96.094,41.648],[-96.124,41.684],[-96.084,41.698],[-96.106,41.744],[-96.076,41.762],[-96.066,41.8],[-96.11,41.82],[-96.138,41.866]]]}},{"type":"Feature","id":"34023","properties":{"n":"Middlesex","f":"34023"},"geometry":{"type":"Polygon","coordinates":[[[-74.62,40.374],[-74.584,40.418],[-74.53,40.442],[-74.458,40.496],[-74.526,40.56],[-74.512,40.582],[-74.462,40.6],[-74.304,40.608],[-74.29,40.592],[-74.214,40.604],[-74.204,40.594],[-74.218,40.558],[-74.25,40.544],[-74.26,40.502],[-74.26,40.466],[-74.226,40.454],[-74.246,40.408],[-74.354,40.326],[-74.394,40.28],[-74.484,40.254],[-74.484,40.274],[-74.624,40.326],[-74.62,40.374]]]}},{"type":"Feature","id":"29171","properties":{"n":"Putnam","f":"29171"},"geometry":{"type":"Polygon","coordinates":[[[-93.374,40.58],[-93.098,40.584],[-92.714,40.59],[-92.684,40.56],[-92.7,40.528],[-92.678,40.5],[-92.71,40.446],[-92.666,40.408],[-92.684,40.394],[-92.684,40.344],[-92.858,40.344],[-92.854,40.386],[-93.366,40.382],[-93.374,40.58]]]}},{"type":"Feature","id":"29197","properties":{"n":"Schuyler","f":"29197"},"geometry":{"type":"Polygon","coordinates":[[[-92.714,40.59],[-92.638,40.59],[-92.352,40.598],[-92.352,40.346],[-92.684,40.344],[-92.684,40.394],[-92.666,40.408],[-92.71,40.446],[-92.678,40.5],[-92.7,40.528],[-92.684,40.56],[-92.714,40.59]]]}},{"type":"Feature","id":"51063","properties":{"n":"Floyd","f":"51063"},"geometry":{"type":"Polygon","coordinates":[[[-80.542,36.986],[-80.518,37.01],[-80.47,36.994],[-80.434,37.016],[-80.414,37.004],[-80.348,37.022],[-80.284,37.078],[-80.18,37.114],[-80.13,37.124],[-80.108,37.078],[-80.122,36.992],[-80.144,36.95],[-80.172,36.952],[-80.198,36.902],[-80.238,36.872],[-80.292,36.858],[-80.344,36.814],[-80.388,36.798],[-80.396,36.744],[-80.446,36.748],[-80.464,36.708],[-80.636,36.932],[-80.596,36.942],[-80.542,36.986]]]}},{"type":"Feature","id":"30055","properties":{"n":"McCone","f":"30055"},"geometry":{"type":"Polygon","coordinates":[[[-105.844,48.01],[-105.75,48.026],[-105.696,48.054],[-105.642,48.052],[-105.65,48.078],[-105.566,48.084],[-105.53,48.068],[-105.502,48.098],[-105.452,48.09],[-105.33,48.092],[-105.32,48.078],[-105.23,48.09],[-105.194,48.066],[-105.194,47.868],[-105.234,47.868],[-105.234,47.79],[-105.362,47.79],[-105.362,47.53],[-105.406,47.53],[-105.406,47.182],[-105.832,47.182],[-105.832,47.092],[-105.962,47.092],[-105.958,47.182],[-106.088,47.182],[-106.17,47.182],[-106.17,47.354],[-106.3,47.354],[-106.3,47.53],[-106.26,47.53],[-106.26,47.868],[-106.356,47.868],[-106.36,47.956],[-106.418,47.958],[-106.428,48.018],[-106.4,48.062],[-106.32,48.056],[-106.23,48.026],[-106.126,48.03],[-106.144,48.006],[-106.094,48.01],[-106.088,48.036],[-106.016,48.006],[-106.004,48.034],[-105.918,48.004],[-105.9,48.034],[-105.844,48.01]]]}},{"type":"Feature","id":"20177","properties":{"n":"Shawnee","f":"20177"},"geometry":{"type":"Polygon","coordinates":[[[-96.038,39.216],[-95.588,39.216],[-95.596,39.064],[-95.498,39.058],[-95.502,38.87],[-95.948,38.87],[-95.948,39.098],[-96.04,39.126],[-96.038,39.216]]]}},{"type":"Feature","id":"55051","properties":{"n":"Iron","f":"55051"},"geometry":{"type":"Polygon","coordinates":[[[-90.55,46.584],[-90.506,46.59],[-90.416,46.566],[-90.394,46.532],[-90.352,46.538],[-90.352,46.538],[-90.316,46.518],[-90.218,46.504],[-90.118,46.36],[-90.122,46.336],[-89.928,46.3],[-89.928,45.982],[-90.044,45.982],[-90.302,45.982],[-90.302,46.154],[-90.428,46.154],[-90.428,46.24],[-90.552,46.24],[-90.55,46.584]]]}},{"type":"Feature","id":"48475","properties":{"n":"Ward","f":"48475"},"geometry":{"type":"Polygon","coordinates":[[[-103.61,31.652],[-103.328,31.652],[-102.8,31.652],[-102.768,31.652],[-102.768,31.294],[-102.828,31.268],[-102.932,31.35],[-103.012,31.372],[-103.058,31.386],[-103.068,31.366],[-103.18,31.37],[-103.244,31.39],[-103.262,31.428],[-103.33,31.412],[-103.396,31.432],[-103.46,31.428],[-103.488,31.46],[-103.502,31.506],[-103.496,31.55],[-103.514,31.582],[-103.51,31.626],[-103.532,31.642],[-103.574,31.634],[-103.61,31.652]]]}},{"type":"Feature","id":"48485","properties":{"n":"Wichita","f":"48485"},"geometry":{"type":"Polygon","coordinates":[[[-98.952,34.212],[-98.92,34.182],[-98.858,34.162],[-98.812,34.158],[-98.766,34.136],[-98.69,34.132],[-98.646,34.164],[-98.61,34.156],[-98.572,34.144],[-98.486,34.062],[-98.424,34.084],[-98.424,33.836],[-98.952,33.834],[-98.952,34.212]]]}},{"type":"Feature","id":"48489","properties":{"n":"Willacy","f":"48489"},"geometry":{"type":"MultiPolygon","coordinates":[[[[-97.316,26.6],[-97.29,26.6],[-97.226,26.412],[-97.244,26.412],[-97.282,26.542],[-97.368,26.556],[-97.304,26.58],[-97.316,26.6]]],[[[-97.958,26.612],[-97.86,26.598],[-97.44,26.6],[-97.416,26.554],[-97.412,26.482],[-97.38,26.48],[-97.35,26.412],[-97.39,26.412],[-97.448,26.324],[-97.48,26.336],[-97.524,26.324],[-97.526,26.3],[-97.86,26.348],[-97.86,26.434],[-98.004,26.448],[-97.958,26.612]]]]}},{"type":"Feature","id":"29045","properties":{"n":"Clark","f":"29045"},"geometry":{"type":"Polygon","coordinates":[[[-91.95,40.3],[-91.942,40.606],[-91.73,40.614],[-91.716,40.598],[-91.684,40.552],[-91.618,40.54],[-91.622,40.51],[-91.564,40.46],[-91.53,40.46],[-91.526,40.41],[-91.486,40.384],[-91.418,40.378],[-91.446,40.362],[-91.494,40.278],[-91.496,40.248],[-91.95,40.258],[-91.95,40.3]]]}},{"type":"Feature","id":"30105","properties":{"n":"Valley","f":"30105"},"geometry":{"type":"Polygon","coordinates":[[[-107.178,49],[-106.478,48.998],[-106.112,48.998],[-106.112,48.91],[-106.152,48.91],[-106.152,48.824],[-106.022,48.824],[-106.022,48.564],[-105.804,48.564],[-105.804,48.218],[-105.844,48.218],[-105.844,48.01],[-105.9,48.034],[-105.918,48.004],[-106.004,48.034],[-106.016,48.006],[-106.088,48.036],[-106.094,48.01],[-106.144,48.006],[-106.126,48.03],[-106.23,48.026],[-106.32,48.056],[-106.4,48.062],[-106.428,48.018],[-106.418,47.958],[-106.446,47.982],[-106.5,47.958],[-106.49,47.932],[-106.532,47.904],[-106.51,47.878],[-106.564,47.84],[-106.604,47.786],[-106.654,47.79],[-106.712,47.772],[-106.734,47.734],[-106.862,47.738],[-106.88,47.678],[-107.01,47.664],[-107.114,47.67],[-107.25,47.662],[-107.282,47.68],[-107.416,47.692],[-107.416,47.87],[-107.404,47.87],[-107.404,48.218],[-107.368,48.218],[-107.368,48.304],[-107.26,48.304],[-107.26,48.394],[-107.3,48.394],[-107.3,48.48],[-107.258,48.48],[-107.25,48.518],[-107.192,48.51],[-107.208,48.568],[-107.208,48.914],[-107.178,48.914],[-107.178,49]]]}},{"type":"Feature","id":"26033","properties":{"n":"Chippewa","f":"26033"},"geometry":{"type":"MultiPolygon","coordinates":[[[[-85.238,46.756],[-85.172,46.764],[-85.064,46.758],[-84.95,46.77],[-85.028,46.698],[-85.036,46.582],[-85.028,46.542],[-85.058,46.526],[-85.026,46.482],[-84.968,46.476],[-84.936,46.49],[-84.914,46.468],[-84.86,46.47],[-84.8,46.446],[-84.678,46.488],[-84.63,46.484],[-84.59,46.444],[-84.594,46.414],[-84.504,46.438],[-84.48,46.432],[-84.444,46.488],[-84.376,46.51],[-84.294,46.494],[-84.254,46.5],[-84.224,46.534],[-84.128,46.53],[-84.11,46.504],[-84.146,46.418],[-84.12,46.316],[-84.118,46.234],[-84.222,46.232],[-84.25,46.176],[-84.196,46.166],[-84.178,46.184],[-84.124,46.18],[-84.096,46.148],[-84.028,46.132],[-84.074,46.098],[-83.988,46.032],[-83.944,46.032],[-83.874,45.994],[-83.844,46.026],[-83.794,45.996],[-83.766,46.018],[-83.822,46.104],[-83.772,46.092],[-83.626,46.102],[-83.582,46.09],[-83.532,46.012],[-83.474,45.984],[-83.51,45.93],[-83.56,45.912],[-83.658,45.946],[-83.77,45.932],[-83.88,45.968],[-83.92,45.958],[-84.016,45.958],[-84.114,45.978],[-84.24,45.984],[-84.24,46.072],[-84.364,46.072],[-84.364,46.158],[-85.112,46.158],[-85.116,46.246],[-85.238,46.246],[-85.238,46.756]]]]}},{"type":"Feature","id":"26097","properties":{"n":"Mackinac","f":"26097"},"geometry":{"type":"MultiPolygon","coordinates":[[[[-84.652,45.862],[-84.624,45.878],[-84.59,45.826],[-84.358,45.772],[-84.418,45.722],[-84.502,45.738],[-84.552,45.79],[-84.652,45.862]]],[[[-85.866,46.244],[-85.238,46.246],[-85.116,46.246],[-85.112,46.158],[-84.364,46.158],[-84.364,46.072],[-84.24,46.072],[-84.24,45.984],[-84.114,45.978],[-84.328,45.956],[-84.376,45.932],[-84.508,45.992],[-84.562,46.032],[-84.608,46.026],[-84.656,46.052],[-84.692,46.018],[-84.684,45.974],[-84.738,45.946],[-84.734,45.908],[-84.702,45.854],[-84.746,45.836],[-84.832,45.872],[-84.842,45.898],[-84.918,45.93],[-84.936,45.956],[-85.014,46.012],[-85.15,46.05],[-85.198,46.044],[-85.316,46.086],[-85.38,46.082],[-85.428,46.102],[-85.446,46.086],[-85.514,46.094],[-85.604,46.03],[-85.664,45.968],[-85.696,45.96],[-85.812,45.98],[-85.866,45.968],[-85.866,46.244]]]]}},{"type":"Feature","id":"12089","properties":{"n":"Nassau","f":"12089"},"geometry":{"type":"Polygon","coordinates":[[[-81.902,30.82],[-81.87,30.792],[-81.81,30.79],[-81.744,30.766],[-81.72,30.744],[-81.602,30.728],[-81.54,30.714],[-81.49,30.726],[-81.444,30.71],[-81.428,30.698],[-81.444,30.602],[-81.444,30.51],[-81.514,30.566],[-81.53,30.526],[-81.576,30.538],[-81.584,30.564],[-81.612,30.554],[-81.604,30.586],[-81.67,30.56],[-81.724,30.572],[-81.738,30.534],[-81.762,30.536],[-81.83,30.468],[-82.05,30.274],[-82.05,30.362],[-82.036,30.384],[-82.038,30.434],[-82.018,30.476],[-82.006,30.578],[-82.05,30.656],[-82.036,30.708],[-82.038,30.75],[-82.01,30.762],[-82.024,30.784],[-81.982,30.776],[-81.95,30.828],[-81.902,30.82]]]}},{"type":"Feature","id":"12079","properties":{"n":"Madison","f":"12079"},"geometry":{"type":"Polygon","coordinates":[[[-83.612,30.652],[-83.356,30.638],[-83.274,30.632],[-83.238,30.516],[-83.244,30.474],[-83.216,30.456],[-83.224,30.424],[-83.18,30.41],[-83.17,30.384],[-83.212,30.344],[-83.21,30.312],[-83.248,30.26],[-83.368,30.26],[-83.468,30.26],[-83.468,30.304],[-83.82,30.304],[-83.786,30.332],[-83.804,30.354],[-83.794,30.386],[-83.758,30.386],[-83.722,30.434],[-83.736,30.508],[-83.672,30.554],[-83.636,30.552],[-83.604,30.582],[-83.612,30.652]]]}},{"type":"Feature","id":"27049","properties":{"n":"Goodhue","f":"27049"},"geometry":{"type":"Polygon","coordinates":[[[-93.04,44.472],[-93.04,44.516],[-92.954,44.506],[-92.918,44.518],[-92.918,44.544],[-92.792,44.544],[-92.792,44.63],[-92.732,44.63],[-92.732,44.714],[-92.62,44.64],[-92.624,44.618],[-92.574,44.604],[-92.542,44.568],[-92.434,44.566],[-92.336,44.554],[-92.316,44.542],[-92.304,44.504],[-92.244,44.454],[-92.43,44.456],[-92.43,44.368],[-92.552,44.368],[-92.552,44.196],[-92.678,44.196],[-93.04,44.196],[-93.04,44.472]]]}},{"type":"Feature","id":"29077","properties":{"n":"Greene","f":"29077"},"geometry":{"type":"Polygon","coordinates":[[[-93.622,37.428],[-93.184,37.418],[-93.072,37.416],[-93.076,37.27],[-93.062,37.27],[-93.066,37.088],[-93.608,37.098],[-93.604,37.282],[-93.626,37.282],[-93.622,37.428]]]}},{"type":"Feature","id":"01111","properties":{"n":"Randolph","f":"01111"},"geometry":{"type":"Polygon","coordinates":[[[-85.642,33.496],[-85.352,33.492],[-85.306,33.482],[-85.294,33.428],[-85.238,33.13],[-85.234,33.108],[-85.592,33.108],[-85.654,33.106],[-85.65,33.324],[-85.642,33.496]]]}},{"type":"Feature","id":"42119","properties":{"n":"Union","f":"42119"},"geometry":{"type":"Polygon","coordinates":[[[-77.366,40.848],[-77.28,40.91],[-77.204,40.992],[-77.144,41.044],[-77.144,41.068],[-77.058,41.086],[-76.978,41.088],[-76.96,41.148],[-76.896,41.14],[-76.888,41.102],[-76.86,41.072],[-76.882,40.968],[-76.852,40.912],[-76.798,40.882],[-76.798,40.878],[-76.828,40.888],[-76.942,40.888],[-77.024,40.858],[-77.054,40.87],[-77.322,40.818],[-77.354,40.806],[-77.366,40.848]]]}},{"type":"Feature","id":"51770","properties":{"n":"Roanoke","f":"51770"},"geometry":{"type":"Polygon","coordinates":[[[-80.032,37.262],[-80.022,37.308],[-79.976,37.336],[-79.918,37.328],[-79.886,37.31],[-79.9,37.258],[-79.954,37.212],[-79.996,37.252],[-80.032,37.262]]]}},{"type":"Feature","id":"19115","properties":{"n":"Louisa","f":"19115"},"geometry":{"type":"Polygon","coordinates":[[[-91.482,41.424],[-91.368,41.422],[-91.368,41.336],[-91.074,41.334],[-91.112,41.24],[-91.04,41.166],[-90.994,41.16],[-90.948,41.096],[-90.948,41.072],[-91.372,41.074],[-91.372,41.16],[-91.486,41.162],[-91.482,41.424]]]}},{"type":"Feature","id":"19145","properties":{"n":"Page","f":"19145"},"geometry":{"type":"Polygon","coordinates":[[[-95.384,40.902],[-94.928,40.9],[-94.928,40.728],[-94.914,40.728],[-94.914,40.576],[-95.2,40.578],[-95.374,40.58],[-95.37,40.728],[-95.384,40.728],[-95.384,40.902]]]}},{"type":"Feature","id":"45055","properties":{"n":"Kershaw","f":"45055"},"geometry":{"type":"Polygon","coordinates":[[[-80.88,34.458],[-80.744,34.54],[-80.74,34.48],[-80.69,34.516],[-80.658,34.478],[-80.614,34.5],[-80.55,34.492],[-80.528,34.504],[-80.55,34.56],[-80.41,34.614],[-80.38,34.584],[-80.374,34.548],[-80.326,34.498],[-80.32,34.426],[-80.284,34.394],[-80.288,34.366],[-80.288,34.364],[-80.326,34.34],[-80.362,34.34],[-80.352,34.304],[-80.438,34.284],[-80.43,34.226],[-80.482,34.17],[-80.582,34.1],[-80.618,34.1],[-80.718,34.07],[-80.85,34.174],[-80.868,34.182],[-80.826,34.268],[-80.768,34.376],[-80.794,34.412],[-80.84,34.42],[-80.88,34.458]]]}},{"type":"Feature","id":"41011","properties":{"n":"Coos","f":"41011"},"geometry":{"type":"Polygon","coordinates":[[[-124.22,43.61],[-123.876,43.608],[-123.876,43.516],[-123.818,43.516],[-123.818,43.432],[-123.764,43.432],[-123.764,43.258],[-123.704,43.258],[-123.704,43.086],[-123.76,43.084],[-123.76,42.996],[-123.822,42.996],[-123.822,42.824],[-123.812,42.788],[-123.926,42.774],[-123.926,42.74],[-123.998,42.7],[-123.998,42.686],[-124.092,42.686],[-124.134,42.666],[-124.138,42.74],[-124.16,42.74],[-124.166,42.818],[-124.142,42.85],[-124.214,42.904],[-124.22,42.934],[-124.26,42.954],[-124.478,42.954],[-124.436,43.072],[-124.436,43.116],[-124.404,43.184],[-124.382,43.27],[-124.404,43.306],[-124.342,43.352],[-124.314,43.388],[-124.256,43.502],[-124.22,43.61]]]}},{"type":"Feature","id":"41019","properties":{"n":"Douglas","f":"41019"},"geometry":{"type":"Polygon","coordinates":[[[-124.16,43.864],[-123.948,43.862],[-123.926,43.898],[-123.9,43.896],[-123.826,43.946],[-123.704,43.944],[-123.66,43.922],[-123.618,43.922],[-123.62,43.892],[-123.578,43.89],[-123.582,43.868],[-123.528,43.868],[-123.528,43.83],[-123.47,43.83],[-123.47,43.81],[-123.348,43.81],[-123.348,43.78],[-123.14,43.78],[-123.136,43.606],[-123.108,43.606],[-123.108,43.54],[-122.742,43.544],[-122.742,43.438],[-122.49,43.442],[-122.132,43.44],[-122.064,43.406],[-122.02,43.36],[-122.01,43.288],[-121.978,43.26],[-122.042,43.216],[-122.038,43.19],[-122.066,43.152],[-122.096,43.068],[-122.268,43.068],[-122.282,42.996],[-122.4,42.996],[-122.462,42.94],[-122.558,42.94],[-122.558,42.924],[-122.676,42.88],[-122.738,42.824],[-122.774,42.83],[-122.796,42.778],[-122.95,42.776],[-123.01,42.752],[-123.15,42.756],[-123.23,42.702],[-123.272,42.732],[-123.374,42.74],[-123.466,42.7],[-123.542,42.71],[-123.582,42.74],[-123.718,42.74],[-123.718,42.784],[-123.782,42.8],[-123.812,42.788],[-123.822,42.824],[-123.822,42.996],[-123.76,42.996],[-123.76,43.084],[-123.704,43.086],[-123.704,43.258],[-123.764,43.258],[-123.764,43.432],[-123.818,43.432],[-123.818,43.516],[-123.876,43.516],[-123.876,43.608],[-124.22,43.61],[-124.16,43.864]]]}},{"type":"Feature","id":"55023","properties":{"n":"Crawford","f":"55023"},"geometry":{"type":"Polygon","coordinates":[[[-91.206,43.422],[-90.668,43.422],[-90.668,43.172],[-90.69,43.172],[-90.744,43.124],[-90.796,43.11],[-90.848,43.078],[-90.94,43.062],[-90.954,43.044],[-91.062,42.992],[-91.138,43],[-91.156,42.988],[-91.178,43.08],[-91.178,43.132],[-91.146,43.152],[-91.124,43.196],[-91.058,43.248],[-91.106,43.314],[-91.202,43.348],[-91.206,43.422]]]}},{"type":"Feature","id":"51005","properties":{"n":"Alleghany","f":"51005"},"geometry":{"type":"Polygon","coordinates":[[[-80.058,37.952],[-80.004,37.96],[-79.936,37.954],[-79.89,37.894],[-79.806,37.882],[-79.75,37.886],[-79.692,37.844],[-79.648,37.874],[-79.606,37.862],[-79.674,37.764],[-79.818,37.802],[-79.918,37.702],[-80.022,37.648],[-80.032,37.66],[-80.144,37.596],[-80.22,37.628],[-80.28,37.656],[-80.294,37.692],[-80.252,37.726],[-80.258,37.756],[-80.184,37.852],[-80.058,37.952]],[[-80.008,37.76],[-79.994,37.748],[-79.968,37.804],[-79.986,37.814],[-80.008,37.76]]]}},{"type":"Feature","id":"51071","properties":{"n":"Giles","f":"51071"},"geometry":{"type":"Polygon","coordinates":[[[-80.98,37.292],[-80.92,37.306],[-80.85,37.346],[-80.884,37.384],[-80.858,37.43],[-80.858,37.428],[-80.782,37.394],[-80.768,37.372],[-80.622,37.434],[-80.554,37.474],[-80.51,37.482],[-80.496,37.436],[-80.474,37.424],[-80.43,37.316],[-80.478,37.284],[-80.606,37.244],[-80.8,37.18],[-80.854,37.148],[-81.012,37.276],[-80.98,37.292]]]}},{"type":"Feature","id":"12023","properties":{"n":"Columbia","f":"12023"},"geometry":{"type":"Polygon","coordinates":[[[-82.8,29.932],[-82.76,29.966],[-82.792,29.986],[-82.796,30.336],[-82.746,30.316],[-82.688,30.334],[-82.646,30.396],[-82.664,30.454],[-82.7,30.476],[-82.728,30.56],[-82.688,30.598],[-82.584,30.592],[-82.458,30.584],[-82.458,30.136],[-82.456,30.106],[-82.52,30.076],[-82.546,30.02],[-82.578,29.99],[-82.53,29.94],[-82.578,29.914],[-82.588,29.866],[-82.66,29.83],[-82.736,29.86],[-82.768,29.896],[-82.772,29.928],[-82.8,29.932]]]}},{"type":"Feature","id":"27123","properties":{"n":"Ramsey","f":"27123"},"geometry":{"type":"Polygon","coordinates":[[[-93.022,45.124],[-92.986,45.124],[-92.982,44.894],[-93.018,44.89],[-93.05,44.92],[-93.13,44.92],[-93.18,44.888],[-93.202,44.908],[-93.208,45.036],[-93.226,45.036],[-93.226,45.124],[-93.022,45.124]]]}},{"type":"Feature","id":"51067","properties":{"n":"Franklin","f":"51067"},"geometry":{"type":"Polygon","coordinates":[[[-80.13,37.124],[-80.086,37.162],[-80.008,37.172],[-79.964,37.138],[-79.846,37.226],[-79.724,37.192],[-79.706,37.152],[-79.678,37.156],[-79.594,37.042],[-79.642,36.856],[-79.67,36.828],[-79.742,36.808],[-79.76,36.788],[-79.802,36.792],[-80,36.83],[-80.018,36.782],[-80.04,36.794],[-80.064,36.842],[-80.238,36.872],[-80.198,36.902],[-80.172,36.952],[-80.144,36.95],[-80.122,36.992],[-80.108,37.078],[-80.13,37.124]]]}},{"type":"Feature","id":"20005","properties":{"n":"Atchison","f":"20005"},"geometry":{"type":"Polygon","coordinates":[[[-95.564,39.654],[-95.34,39.654],[-95.114,39.652],[-95.096,39.62],[-95.054,39.616],[-95.046,39.594],[-95.108,39.574],[-95.104,39.532],[-95.05,39.498],[-95.046,39.472],[-94.99,39.446],[-94.968,39.418],[-95.18,39.42],[-95.57,39.418],[-95.57,39.566],[-95.564,39.654]]]}},{"type":"Feature","id":"41005","properties":{"n":"Clackamas","f":"41005"},"geometry":{"type":"Polygon","coordinates":[[[-122.868,45.318],[-122.846,45.346],[-122.746,45.332],[-122.746,45.434],[-122.648,45.434],[-122.642,45.462],[-121.82,45.462],[-121.776,45.402],[-121.698,45.374],[-121.704,45.332],[-121.68,45.298],[-121.698,45.258],[-121.682,45.23],[-121.748,45.206],[-121.694,45.116],[-121.664,45.12],[-121.658,45.066],[-121.718,45.038],[-121.78,45.036],[-121.804,45.012],[-121.786,44.946],[-121.716,44.906],[-121.732,44.886],[-122.39,44.886],[-122.536,44.938],[-122.594,45.02],[-122.706,45.06],[-122.748,45.108],[-122.788,45.13],[-122.756,45.172],[-122.738,45.26],[-122.834,45.274],[-122.85,45.26],[-122.868,45.26],[-122.868,45.318]]]}},{"type":"Feature","id":"48419","properties":{"n":"Shelby","f":"48419"},"geometry":{"type":"Polygon","coordinates":[[[-94.512,31.974],[-94.016,31.98],[-94.012,31.982],[-93.974,31.92],[-93.908,31.894],[-93.88,31.844],[-93.876,31.822],[-93.822,31.774],[-93.83,31.746],[-93.802,31.698],[-93.826,31.662],[-93.816,31.622],[-93.834,31.586],[-93.898,31.612],[-93.984,31.57],[-94.092,31.62],[-94.4,31.654],[-94.418,31.706],[-94.426,31.798],[-94.45,31.844],[-94.48,31.902],[-94.512,31.924],[-94.512,31.974]]]}},{"type":"Feature","id":"39029","properties":{"n":"Columbiana","f":"39029"},"geometry":{"type":"Polygon","coordinates":[[[-81.088,40.902],[-80.898,40.9],[-80.898,40.93],[-80.822,40.93],[-80.822,40.9],[-80.52,40.9],[-80.52,40.852],[-80.52,40.638],[-80.586,40.616],[-80.636,40.616],[-80.668,40.582],[-80.746,40.584],[-80.746,40.598],[-80.862,40.6],[-80.862,40.642],[-80.92,40.644],[-80.916,40.728],[-81.088,40.728],[-81.088,40.902]]]}},{"type":"Feature","id":"08035","properties":{"n":"Douglas","f":"08035"},"geometry":{"type":"Polygon","coordinates":[[[-105.05,39.566],[-104.662,39.566],[-104.662,39.13],[-105.032,39.13],[-105.33,39.13],[-105.234,39.246],[-105.164,39.362],[-105.172,39.408],[-105.122,39.434],[-105.136,39.472],[-105.086,39.496],[-105.05,39.566]]]}},{"type":"Feature","id":"48259","properties":{"n":"Kendall","f":"48259"},"geometry":{"type":"Polygon","coordinates":[[[-98.92,30.138],[-98.59,30.14],[-98.414,29.938],[-98.646,29.744],[-98.7,29.738],[-98.74,29.716],[-98.78,29.72],[-98.92,29.782],[-98.92,30.138]]]}},{"type":"Feature","id":"36065","properties":{"n":"Oneida","f":"36065"},"geometry":{"type":"Polygon","coordinates":[[[-75.758,43.47],[-75.536,43.42],[-75.112,43.616],[-75.076,43.33],[-75.148,43.306],[-75.162,43.258],[-75.068,43.226],[-75.22,43.052],[-75.202,42.88],[-75.212,42.88],[-75.248,42.872],[-75.438,42.864],[-75.456,42.934],[-75.542,42.932],[-75.554,43.038],[-75.596,43.036],[-75.6,43.062],[-75.64,43.08],[-75.654,43.114],[-75.708,43.138],[-75.726,43.162],[-75.884,43.156],[-75.862,43.318],[-75.886,43.324],[-75.816,43.484],[-75.758,43.47]]]}},{"type":"Feature","id":"37113","properties":{"n":"Macon","f":"37113"},"geometry":{"type":"Polygon","coordinates":[[[-83.704,35.248],[-83.68,35.28],[-83.496,35.3],[-83.468,35.298],[-83.432,35.326],[-83.338,35.332],[-83.316,35.266],[-83.28,35.23],[-83.224,35.238],[-83.224,35.158],[-83.188,35.134],[-83.144,35.078],[-83.148,35.054],[-83.108,35],[-83.482,34.994],[-83.528,35.01],[-83.586,35.092],[-83.636,35.122],[-83.662,35.16],[-83.736,35.156],[-83.73,35.2],[-83.698,35.226],[-83.704,35.248]]]}},{"type":"Feature","id":"36031","properties":{"n":"Essex","f":"36031"},"geometry":{"type":"Polygon","coordinates":[[[-74.282,44.12],[-74.092,44.138],[-74.142,44.408],[-73.91,44.43],[-73.702,44.446],[-73.668,44.442],[-73.572,44.466],[-73.554,44.482],[-73.496,44.486],[-73.464,44.538],[-73.338,44.546],[-73.306,44.5],[-73.292,44.44],[-73.334,44.372],[-73.314,44.264],[-73.392,44.19],[-73.41,44.112],[-73.44,44.044],[-73.406,44.022],[-73.41,43.934],[-73.374,43.876],[-73.378,43.808],[-73.44,43.804],[-74.056,43.744],[-74.046,43.796],[-74.104,43.806],[-74.15,43.83],[-74.214,43.812],[-74.336,43.926],[-74.258,43.97],[-74.282,44.12]]]}},{"type":"Feature","id":"51017","properties":{"n":"Bath","f":"51017"},"geometry":{"type":"Polygon","coordinates":[[[-79.96,38.064],[-79.924,38.106],[-79.946,38.132],[-79.922,38.18],[-79.832,38.25],[-79.796,38.266],[-79.706,38.222],[-79.562,38.198],[-79.512,38.18],[-79.526,38.152],[-79.48,38.17],[-79.436,38.162],[-79.494,38.096],[-79.484,38.086],[-79.534,38.004],[-79.61,37.936],[-79.648,37.874],[-79.692,37.844],[-79.75,37.886],[-79.806,37.882],[-79.89,37.894],[-79.936,37.954],[-80.004,37.96],[-80.058,37.952],[-80.012,37.986],[-79.96,38.064]]]}},{"type":"Feature","id":"08103","properties":{"n":"Rio Blanco","f":"08103"},"geometry":{"type":"Polygon","coordinates":[[[-109.052,40.222],[-108.624,40.222],[-107.44,40.224],[-107.038,40.226],[-107.038,40.092],[-107.318,40.09],[-107.318,39.916],[-107.434,39.918],[-107.434,39.828],[-107.696,39.83],[-107.94,39.826],[-107.94,39.694],[-108.554,39.694],[-108.554,39.65],[-108.894,39.65],[-108.894,39.66],[-109.052,39.66],[-109.052,40.222]]]}},{"type":"Feature","id":"29135","properties":{"n":"Moniteau","f":"29135"},"geometry":{"type":"Polygon","coordinates":[[[-92.84,38.684],[-92.616,38.68],[-92.616,38.694],[-92.498,38.922],[-92.444,38.838],[-92.38,38.808],[-92.408,38.764],[-92.394,38.74],[-92.494,38.428],[-92.624,38.43],[-92.842,38.596],[-92.84,38.684]]]}},{"type":"Feature","id":"42039","properties":{"n":"Crawford","f":"42039"},"geometry":{"type":"Polygon","coordinates":[[[-80.52,41.85],[-80.204,41.85],[-79.68,41.852],[-79.612,41.85],[-79.612,41.624],[-79.612,41.618],[-79.828,41.622],[-79.828,41.602],[-79.892,41.574],[-79.958,41.514],[-80,41.49],[-80.126,41.48],[-80.52,41.49],[-80.52,41.5],[-80.52,41.85]]]}},{"type":"Feature","id":"21205","properties":{"n":"Rowan","f":"21205"},"geometry":{"type":"Polygon","coordinates":[[[-83.636,38.188],[-83.508,38.27],[-83.49,38.324],[-83.5,38.35],[-83.454,38.382],[-83.414,38.396],[-83.342,38.32],[-83.31,38.252],[-83.302,38.21],[-83.244,38.192],[-83.206,38.176],[-83.224,38.132],[-83.262,38.116],[-83.334,38.084],[-83.382,38.052],[-83.436,38.034],[-83.5,38.05],[-83.464,38.08],[-83.536,38.094],[-83.524,38.118],[-83.622,38.15],[-83.594,38.168],[-83.636,38.188]]]}},{"type":"Feature","id":"20089","properties":{"n":"Jewell","f":"20089"},"geometry":{"type":"Polygon","coordinates":[[[-98.504,40.002],[-98.274,40.002],[-97.932,40.002],[-97.932,39.654],[-97.932,39.566],[-98.488,39.568],[-98.506,39.568],[-98.504,40.002]]]}},{"type":"Feature","id":"20117","properties":{"n":"Marshall","f":"20117"},"geometry":{"type":"Polygon","coordinates":[[[-96.806,40.002],[-96.464,40.002],[-96.238,40],[-96.238,39.566],[-96.58,39.566],[-96.806,39.566],[-96.806,40.002]]]}},{"type":"Feature","id":"20131","properties":{"n":"Nemaha","f":"20131"},"geometry":{"type":"Polygon","coordinates":[[[-96.238,40],[-96.012,40],[-95.79,40],[-95.79,39.654],[-95.79,39.566],[-96.038,39.566],[-96.238,39.566],[-96.238,40]]]}},{"type":"Feature","id":"37043","properties":{"n":"Clay","f":"37043"},"geometry":{"type":"Polygon","coordinates":[[[-83.736,35.156],[-83.662,35.16],[-83.636,35.122],[-83.586,35.092],[-83.528,35.01],[-83.482,34.994],[-83.55,34.992],[-83.618,34.986],[-83.938,34.988],[-84.006,34.988],[-83.956,35.026],[-83.966,35.044],[-83.91,35.078],[-83.84,35.144],[-83.816,35.138],[-83.736,35.156]]]}},{"type":"Feature","id":"45073","properties":{"n":"Oconee","f":"45073"},"geometry":{"type":"Polygon","coordinates":[[[-83.108,35],[-83.008,35.028],[-82.896,35.056],[-82.944,34.988],[-82.914,34.972],[-82.896,34.804],[-82.882,34.792],[-82.9,34.742],[-82.854,34.724],[-82.84,34.624],[-82.846,34.62],[-82.854,34.608],[-82.994,34.48],[-83.052,34.496],[-83.106,34.536],[-83.17,34.606],[-83.23,34.612],[-83.338,34.688],[-83.352,34.716],[-83.32,34.76],[-83.324,34.79],[-83.23,34.88],[-83.12,34.938],[-83.108,35]]]}},{"type":"Feature","id":"20093","properties":{"n":"Kearny","f":"20093"},"geometry":{"type":"Polygon","coordinates":[[[-101.544,38.264],[-101.126,38.264],[-101.102,38.264],[-101.106,37.828],[-101.09,37.83],[-101.09,37.736],[-101.528,37.736],[-101.526,37.828],[-101.544,37.828],[-101.544,38.264]]]}},{"type":"Feature","id":"31065","properties":{"n":"Furnas","f":"31065"},"geometry":{"type":"Polygon","coordinates":[[[-100.198,40.35],[-100.094,40.352],[-99.64,40.35],[-99.63,40.35],[-99.626,40.002],[-100.18,40.002],[-100.194,40.002],[-100.198,40.35]]]}},{"type":"Feature","id":"53015","properties":{"n":"Cowlitz","f":"53015"},"geometry":{"type":"Polygon","coordinates":[[[-123.218,46.386],[-122.364,46.388],[-122.242,46.386],[-122.24,46.384],[-122.246,46.054],[-122.272,46.06],[-122.328,46.01],[-122.332,45.964],[-122.372,45.96],[-122.476,45.988],[-122.534,45.98],[-122.558,45.954],[-122.66,45.928],[-122.72,45.932],[-122.738,45.914],[-122.72,45.868],[-122.784,45.85],[-122.81,45.912],[-122.814,45.962],[-122.878,46.03],[-122.904,46.084],[-123.114,46.186],[-123.166,46.188],[-123.212,46.172],[-123.218,46.386]]]}},{"type":"Feature","id":"01083","properties":{"n":"Limestone","f":"01083"},"geometry":{"type":"Polygon","coordinates":[[[-87.212,34.998],[-86.838,34.992],[-86.784,34.992],[-86.784,34.802],[-86.792,34.55],[-86.906,34.58],[-87.104,34.686],[-87.14,34.724],[-87.222,34.764],[-87.262,34.758],[-87.28,34.774],[-87.214,34.816],[-87.212,34.998]]]}},{"type":"Feature","id":"12013","properties":{"n":"Calhoun","f":"12013"},"geometry":{"type":"Polygon","coordinates":[[[-85.384,30.566],[-85.172,30.564],[-85.168,30.608],[-84.932,30.606],[-84.99,30.524],[-85,30.456],[-84.982,30.442],[-85.032,30.42],[-85.014,30.408],[-85.082,30.228],[-85.116,30.2],[-85.392,30.202],[-85.384,30.566]]]}},{"type":"Feature","id":"12017","properties":{"n":"Citrus","f":"12017"},"geometry":{"type":"Polygon","coordinates":[[[-82.534,29.044],[-82.458,29.048],[-82.42,29.012],[-82.34,28.988],[-82.312,28.96],[-82.272,28.896],[-82.182,28.822],[-82.168,28.794],[-82.19,28.758],[-82.25,28.718],[-82.262,28.668],[-82.42,28.666],[-82.42,28.696],[-82.668,28.694],[-82.714,28.72],[-82.7,28.756],[-82.732,28.85],[-82.688,28.906],[-82.736,28.974],[-82.76,28.994],[-82.714,29.03],[-82.688,29.034],[-82.614,29.01],[-82.596,29.03],[-82.534,29.044]]]}},{"type":"Feature","id":"20129","properties":{"n":"Morton","f":"20129"},"geometry":{"type":"Polygon","coordinates":[[[-102.042,37.388],[-101.558,37.388],[-101.554,36.996],[-102.028,36.992],[-102.042,36.992],[-102.042,37.388]]]}},{"type":"Feature","id":"45083","properties":{"n":"Spartanburg","f":"45083"},"geometry":{"type":"Polygon","coordinates":[[[-82.214,35.196],[-81.97,35.188],[-81.874,35.184],[-81.794,35.036],[-81.756,34.932],[-81.712,34.912],[-81.784,34.838],[-81.824,34.68],[-81.852,34.594],[-81.864,34.58],[-81.91,34.604],[-81.97,34.656],[-82.004,34.662],[-82.072,34.704],[-82.086,34.744],[-82.114,34.75],[-82.146,34.786],[-82.226,34.85],[-82.214,35.196]]]}},{"type":"Feature","id":"20143","properties":{"n":"Ottawa","f":"20143"},"geometry":{"type":"Polygon","coordinates":[[[-97.928,39.306],[-97.368,39.306],[-97.372,39.132],[-97.372,38.958],[-97.928,38.958],[-97.928,39.22],[-97.928,39.306]]]}},{"type":"Feature","id":"30103","properties":{"n":"Treasure","f":"30103"},"geometry":{"type":"Polygon","coordinates":[[[-107.738,46.482],[-107.174,46.482],[-107.154,46.468],[-107.154,46.396],[-107.028,46.396],[-107.028,46.306],[-107.006,46.306],[-107.006,46.134],[-106.938,46.136],[-106.938,45.87],[-107.052,45.87],[-107.052,45.914],[-107.174,45.914],[-107.174,45.958],[-107.426,45.958],[-107.426,46.044],[-107.512,46.044],[-107.472,46.108],[-107.466,46.178],[-107.508,46.192],[-107.53,46.25],[-107.57,46.264],[-107.57,46.294],[-107.612,46.308],[-107.612,46.352],[-107.656,46.366],[-107.656,46.396],[-107.696,46.41],[-107.738,46.482]]]}},{"type":"Feature","id":"31051","properties":{"n":"Dixon","f":"31051"},"geometry":{"type":"Polygon","coordinates":[[[-97.018,42.352],[-97.018,42.762],[-96.978,42.76],[-96.948,42.72],[-96.906,42.734],[-96.806,42.704],[-96.802,42.67],[-96.726,42.666],[-96.686,42.654],[-96.712,42.608],[-96.636,42.552],[-96.634,42.524],[-96.722,42.524],[-96.726,42.278],[-96.726,42.264],[-96.824,42.264],[-97.018,42.264],[-97.018,42.352]]]}},{"type":"Feature","id":"55013","properties":{"n":"Burnett","f":"55013"},"geometry":{"type":"Polygon","coordinates":[[[-92.842,45.73],[-92.786,45.764],[-92.714,45.892],[-92.642,45.932],[-92.552,45.952],[-92.524,45.984],[-92.474,45.974],[-92.438,46.022],[-92.352,46.016],[-92.33,46.066],[-92.294,46.074],[-92.294,46.158],[-92.05,46.158],[-92.05,45.984],[-92.036,45.984],[-92.032,45.64],[-92.154,45.64],[-92.154,45.726],[-92.526,45.728],[-92.53,45.642],[-92.886,45.644],[-92.864,45.722],[-92.842,45.73]]]}},{"type":"Feature","id":"55025","properties":{"n":"Dane","f":"55025"},"geometry":{"type":"Polygon","coordinates":[[[-89.838,43.206],[-89.806,43.238],[-89.73,43.252],[-89.72,43.294],[-89.364,43.294],[-89.364,43.282],[-89.01,43.284],[-89.01,43.198],[-89.012,42.848],[-89.368,42.844],[-89.368,42.856],[-89.838,42.858],[-89.838,43.206]]]}},{"type":"Feature","id":"42127","properties":{"n":"Wayne","f":"42127"},"geometry":{"type":"Polygon","coordinates":[[[-75.464,41.642],[-75.484,42],[-75.402,42],[-75.36,42],[-75.31,41.948],[-75.292,41.952],[-75.262,41.866],[-75.208,41.87],[-75.148,41.85],[-75.076,41.798],[-75.104,41.77],[-75.054,41.752],[-75.044,41.624],[-75.068,41.602],[-75.17,41.476],[-75.188,41.442],[-75.252,41.412],[-75.266,41.372],[-75.352,41.368],[-75.312,41.332],[-75.342,41.254],[-75.36,41.24],[-75.506,41.232],[-75.442,41.258],[-75.464,41.642]]]}},{"type":"Feature","id":"36077","properties":{"n":"Otsego","f":"36077"},"geometry":{"type":"Polygon","coordinates":[[[-75.294,42.744],[-75.252,42.784],[-75.248,42.872],[-75.212,42.88],[-75.212,42.856],[-75.14,42.86],[-75.1,42.908],[-74.908,42.824],[-74.878,42.898],[-74.764,42.864],[-74.648,42.83],[-74.666,42.752],[-74.63,42.626],[-74.714,42.518],[-74.774,42.506],[-74.842,42.512],[-74.968,42.468],[-75.018,42.428],[-75.094,42.42],[-75.198,42.358],[-75.262,42.368],[-75.31,42.322],[-75.416,42.314],[-75.396,42.354],[-75.406,42.38],[-75.374,42.416],[-75.406,42.478],[-75.366,42.554],[-75.328,42.578],[-75.33,42.674],[-75.294,42.744]]]}},{"type":"Feature","id":"36041","properties":{"n":"Hamilton","f":"36041"},"geometry":{"type":"Polygon","coordinates":[[[-74.854,44.07],[-74.534,44.098],[-74.282,44.12],[-74.258,43.97],[-74.336,43.926],[-74.214,43.812],[-74.15,43.83],[-74.104,43.806],[-74.046,43.796],[-74.056,43.744],[-74.214,43.728],[-74.16,43.372],[-74.138,43.254],[-74.226,43.248],[-74.222,43.222],[-74.322,43.214],[-74.326,43.242],[-74.534,43.228],[-74.714,43.286],[-74.868,43.34],[-74.774,43.486],[-74.854,44.07]]]}},{"type":"Feature","id":"42115","properties":{"n":"Susquehanna","f":"42115"},"geometry":{"type":"Polygon","coordinates":[[[-76.106,41.998],[-75.744,41.998],[-75.484,42],[-75.464,41.642],[-75.718,41.642],[-76.088,41.644],[-76.116,41.652],[-76.12,41.738],[-76.146,41.998],[-76.106,41.998]]]}},{"type":"Feature","id":"12037","properties":{"n":"Franklin","f":"12037"},"geometry":{"type":"MultiPolygon","coordinates":[[[[-84.67,29.794],[-84.566,29.836],[-84.566,29.81],[-84.624,29.778],[-84.662,29.774],[-84.67,29.794]]],[[[-85.026,29.972],[-85.008,30.014],[-84.544,30.012],[-84.516,29.988],[-84.468,30.002],[-84.436,29.976],[-84.34,29.96],[-84.344,29.9],[-84.38,29.894],[-84.434,29.906],[-84.45,29.928],[-84.538,29.91],[-84.648,29.848],[-84.882,29.734],[-84.904,29.736],[-84.878,29.774],[-84.914,29.784],[-84.94,29.75],[-84.992,29.714],[-85.122,29.716],[-85.076,29.674],[-85.068,29.64],[-85.01,29.622],[-84.904,29.668],[-84.8,29.702],[-84.702,29.774],[-84.692,29.762],[-84.778,29.692],[-84.878,29.656],[-85.004,29.598],[-85.046,29.586],[-85.082,29.616],[-85.14,29.634],[-85.226,29.678],[-85.204,29.712],[-85.108,29.776],[-85.04,29.78],[-85.022,29.808],[-85.054,29.91],[-85.018,29.952],[-85.026,29.972]]]]}},{"type":"Feature","id":"12039","properties":{"n":"Gadsden","f":"12039"},"geometry":{"type":"Polygon","coordinates":[[[-84.864,30.712],[-84.38,30.69],[-84.282,30.686],[-84.336,30.596],[-84.372,30.58],[-84.39,30.53],[-84.39,30.53],[-84.398,30.484],[-84.418,30.464],[-84.52,30.452],[-84.644,30.388],[-84.68,30.388],[-84.68,30.418],[-84.714,30.418],[-84.714,30.46],[-84.782,30.46],[-84.782,30.518],[-84.818,30.534],[-84.882,30.534],[-84.882,30.606],[-84.932,30.606],[-84.906,30.62],[-84.864,30.712]]]}},{"type":"Feature","id":"12045","properties":{"n":"Gulf","f":"12045"},"geometry":{"type":"Polygon","coordinates":[[[-85.388,29.924],[-85.392,30.202],[-85.116,30.2],[-85.154,30.092],[-85.136,30.086],[-85.136,30.042],[-85.116,30.024],[-85.028,29.988],[-85.026,29.972],[-85.018,29.952],[-85.054,29.91],[-85.022,29.808],[-85.04,29.78],[-85.108,29.776],[-85.204,29.712],[-85.226,29.678],[-85.29,29.684],[-85.352,29.66],[-85.398,29.74],[-85.416,29.842],[-85.388,29.878],[-85.388,29.788],[-85.366,29.71],[-85.342,29.692],[-85.306,29.726],[-85.302,29.808],[-85.388,29.924]]]}},{"type":"Feature","id":"12065","properties":{"n":"Jefferson","f":"12065"},"geometry":{"type":"Polygon","coordinates":[[[-84.074,30.274],[-84.074,30.434],[-84.042,30.474],[-84.042,30.522],[-83.978,30.522],[-84.006,30.61],[-84.006,30.672],[-83.744,30.658],[-83.612,30.652],[-83.604,30.582],[-83.636,30.552],[-83.672,30.554],[-83.736,30.508],[-83.722,30.434],[-83.758,30.386],[-83.794,30.386],[-83.804,30.354],[-83.786,30.332],[-83.82,30.304],[-83.838,30.28],[-83.916,30.246],[-83.93,30.188],[-83.952,30.186],[-83.992,30.084],[-84.024,30.104],[-84.078,30.096],[-84.074,30.274]]]}},{"type":"Feature","id":"12103","properties":{"n":"Pinellas","f":"12103"},"geometry":{"type":"Polygon","coordinates":[[[-82.828,28.172],[-82.814,28.062],[-82.782,28.056],[-82.79,28.152],[-82.804,28.172],[-82.652,28.174],[-82.65,28.02],[-82.688,28.028],[-82.686,27.972],[-82.724,27.948],[-82.686,27.916],[-82.628,27.91],[-82.588,27.816],[-82.624,27.78],[-82.624,27.726],[-82.638,27.704],[-82.714,27.698],[-82.724,27.672],[-82.7,27.638],[-82.732,27.612],[-82.746,27.648],[-82.738,27.718],[-82.79,27.792],[-82.822,27.814],[-82.85,27.864],[-82.828,28.02],[-82.846,28.076],[-82.86,28.172],[-82.828,28.172]]]}},{"type":"Feature","id":"29081","properties":{"n":"Harrison","f":"29081"},"geometry":{"type":"Polygon","coordinates":[[[-94.232,40.572],[-94.016,40.574],[-93.776,40.578],[-93.776,40.472],[-93.766,40.472],[-93.762,40.264],[-93.766,40.132],[-94.218,40.136],[-94.214,40.384],[-94.214,40.47],[-94.232,40.47],[-94.232,40.572]]]}},{"type":"Feature","id":"53069","properties":{"n":"Wahkiakum","f":"53069"},"geometry":{"type":"Polygon","coordinates":[[[-123.358,46.384],[-123.218,46.386],[-123.212,46.172],[-123.28,46.146],[-123.362,46.146],[-123.43,46.182],[-123.428,46.23],[-123.474,46.268],[-123.55,46.26],[-123.672,46.268],[-123.682,46.296],[-123.728,46.29],[-123.726,46.384],[-123.358,46.384]]]}},{"type":"Feature","id":"12019","properties":{"n":"Clay","f":"12019"},"geometry":{"type":"Polygon","coordinates":[[[-82.05,30.188],[-81.68,30.19],[-81.68,30.122],[-81.69,30.042],[-81.684,30.016],[-81.604,29.962],[-81.608,29.916],[-81.58,29.84],[-81.812,29.836],[-81.864,29.8],[-81.91,29.794],[-81.938,29.748],[-82.006,29.74],[-82.05,29.72],[-82.046,29.748],[-82.05,30.144],[-82.05,30.188]]]}},{"type":"Feature","id":"26153","properties":{"n":"Schoolcraft","f":"26153"},"geometry":{"type":"Polygon","coordinates":[[[-85.866,46.506],[-85.866,46.244],[-85.866,45.968],[-85.922,45.948],[-85.916,45.92],[-85.998,45.952],[-86.074,45.966],[-86.16,45.954],[-86.196,45.964],[-86.278,45.942],[-86.324,45.906],[-86.332,45.852],[-86.364,45.79],[-86.414,45.794],[-86.462,45.758],[-86.458,45.896],[-86.49,45.896],[-86.49,46.158],[-86.616,46.158],[-86.616,46.334],[-86.364,46.332],[-86.364,46.506],[-85.866,46.506]]]}},{"type":"Feature","id":"55031","properties":{"n":"Douglas","f":"55031"},"geometry":{"type":"Polygon","coordinates":[[[-92.294,46.418],[-92.294,46.664],[-92.214,46.65],[-92.176,46.686],[-92.208,46.702],[-92.15,46.714],[-92.14,46.74],[-92.09,46.75],[-92.014,46.706],[-91.942,46.68],[-91.82,46.69],[-91.55,46.756],[-91.55,46.158],[-92.05,46.158],[-92.294,46.158],[-92.294,46.418]]]}},{"type":"Feature","id":"13193","properties":{"n":"Macon","f":"13193"},"geometry":{"type":"MultiPolygon","coordinates":[[[[-84.002,32.53],[-84.01,32.522],[-84.052,32.522],[-84.002,32.53]]],[[[-84.254,32.372],[-84.254,32.396],[-84.196,32.402],[-84.12,32.506],[-84.052,32.522],[-84.016,32.506],[-83.934,32.506],[-83.848,32.468],[-83.838,32.382],[-83.848,32.292],[-83.898,32.28],[-83.966,32.248],[-84.028,32.17],[-84.084,32.192],[-84.136,32.186],[-84.136,32.228],[-84.182,32.23],[-84.222,32.23],[-84.218,32.296],[-84.258,32.296],[-84.254,32.372]]]]}},{"type":"Feature","id":"31067","properties":{"n":"Gage","f":"31067"},"geometry":{"type":"Polygon","coordinates":[[[-96.916,40.002],[-96.916,40.35],[-96.914,40.524],[-96.464,40.522],[-96.464,40.262],[-96.464,40.002],[-96.806,40.002],[-96.916,40.002]]]}},{"type":"Feature","id":"48343","properties":{"n":"Morris","f":"48343"},"geometry":{"type":"Polygon","coordinates":[[[-94.81,33.364],[-94.778,33.332],[-94.748,33.328],[-94.73,33.31],[-94.692,33.312],[-94.652,33.268],[-94.656,32.88],[-94.706,32.88],[-94.72,32.904],[-94.77,32.926],[-94.82,32.982],[-94.81,33.364]]]}},{"type":"Feature","id":"48223","properties":{"n":"Hopkins","f":"48223"},"geometry":{"type":"Polygon","coordinates":[[[-95.862,33.218],[-95.786,33.254],[-95.732,33.304],[-95.674,33.302],[-95.584,33.358],[-95.502,33.348],[-95.402,33.372],[-95.344,33.362],[-95.308,33.376],[-95.308,32.962],[-95.664,32.96],[-95.668,32.98],[-95.862,32.98],[-95.864,33],[-95.862,33.218]]]}},{"type":"Feature","id":"36057","properties":{"n":"Montgomery","f":"36057"},"geometry":{"type":"Polygon","coordinates":[[[-74.764,42.864],[-74.742,42.996],[-74.76,43.048],[-74.54,42.986],[-74.096,42.982],[-74.092,42.956],[-74.086,42.898],[-74.258,42.812],[-74.264,42.796],[-74.29,42.784],[-74.454,42.774],[-74.562,42.812],[-74.648,42.83],[-74.764,42.864]]]}},{"type":"Feature","id":"12113","properties":{"n":"Santa Rosa","f":"12113"},"geometry":{"type":"Polygon","coordinates":[[[-87.164,31],[-86.784,30.998],[-86.798,30.386],[-86.92,30.37],[-86.92,30.386],[-87.074,30.362],[-87.178,30.334],[-87.232,30.348],[-87.23,30.384],[-87.154,30.406],[-87.126,30.5],[-87.158,30.536],[-87.212,30.554],[-87.258,30.612],[-87.272,30.718],[-87.3,30.72],[-87.312,30.786],[-87.294,30.812],[-87.316,30.848],[-87.282,30.888],[-87.286,30.926],[-87.254,30.932],[-87.23,30.962],[-87.164,31]]]}},{"type":"Feature","id":"12117","properties":{"n":"Seminole","f":"12117"},"geometry":{"type":"Polygon","coordinates":[[[-81.414,28.786],[-81.418,28.824],[-81.368,28.878],[-81.358,28.848],[-81.322,28.834],[-81.224,28.832],[-81.218,28.808],[-81.178,28.782],[-81.138,28.792],[-81.106,28.828],[-81.066,28.812],[-81.052,28.774],[-81.062,28.75],[-81.016,28.694],[-81.02,28.674],[-80.988,28.612],[-81.328,28.61],[-81.328,28.64],[-81.458,28.64],[-81.462,28.714],[-81.422,28.738],[-81.414,28.786]]]}},{"type":"Feature","id":"13007","properties":{"n":"Baker","f":"13007"},"geometry":{"type":"Polygon","coordinates":[[[-84.638,31.434],[-84.49,31.428],[-84.448,31.454],[-84.43,31.436],[-84.21,31.436],[-84.142,31.44],[-84.154,31.414],[-84.196,31.392],[-84.2,31.356],[-84.314,31.322],[-84.364,31.24],[-84.508,31.124],[-84.508,31.078],[-84.544,31.078],[-84.538,31.256],[-84.642,31.26],[-84.638,31.434]]]}},{"type":"Feature","id":"13083","properties":{"n":"Dade","f":"13083"},"geometry":{"type":"Polygon","coordinates":[[[-85.606,34.984],[-85.474,34.984],[-85.362,34.984],[-85.42,34.9],[-85.448,34.832],[-85.448,34.76],[-85.492,34.7],[-85.492,34.67],[-85.534,34.624],[-85.582,34.86],[-85.606,34.984]]]}},{"type":"Feature","id":"13095","properties":{"n":"Dougherty","f":"13095"},"geometry":{"type":"Polygon","coordinates":[[[-84.45,31.622],[-84.296,31.622],[-84.042,31.624],[-84.016,31.65],[-83.996,31.626],[-83.998,31.444],[-84.142,31.44],[-84.21,31.436],[-84.43,31.436],[-84.412,31.456],[-84.458,31.586],[-84.45,31.622]]]}},{"type":"Feature","id":"13205","properties":{"n":"Mitchell","f":"13205"},"geometry":{"type":"Polygon","coordinates":[[[-84.142,31.44],[-83.998,31.444],[-83.998,31.334],[-84.002,31.078],[-84.118,31.078],[-84.376,31.078],[-84.508,31.078],[-84.508,31.124],[-84.364,31.24],[-84.314,31.322],[-84.2,31.356],[-84.196,31.392],[-84.154,31.414],[-84.142,31.44]]]}},{"type":"Feature","id":"13253","properties":{"n":"Seminole","f":"13253"},"geometry":{"type":"Polygon","coordinates":[[[-85.026,31.076],[-84.922,31.072],[-84.73,31.07],[-84.752,31.042],[-84.756,30.896],[-84.788,30.802],[-84.85,30.772],[-84.874,30.728],[-84.914,30.752],[-84.936,30.816],[-84.942,30.888],[-84.982,30.932],[-85.004,31],[-85.026,31.076]]]}},{"type":"Feature","id":"21087","properties":{"n":"Green","f":"21087"},"geometry":{"type":"Polygon","coordinates":[[[-85.656,37.422],[-85.636,37.472],[-85.586,37.47],[-85.586,37.432],[-85.478,37.364],[-85.43,37.306],[-85.392,37.238],[-85.352,37.192],[-85.38,37.168],[-85.528,37.11],[-85.632,37.126],[-85.686,37.182],[-85.672,37.268],[-85.696,37.302],[-85.686,37.362],[-85.65,37.396],[-85.656,37.422]]]}},{"type":"Feature","id":"48397","properties":{"n":"Rockwall","f":"48397"},"geometry":{"type":"Polygon","coordinates":[[[-96.518,32.982],[-96.296,32.982],[-96.296,32.842],[-96.296,32.814],[-96.518,32.814],[-96.518,32.982]]]}},{"type":"Feature","id":"48229","properties":{"n":"Hudspeth","f":"48229"},"geometry":{"type":"Polygon","coordinates":[[[-105.998,32.002],[-105.43,32],[-104.918,32],[-104.918,31.814],[-104.91,31],[-104.906,30.836],[-104.918,30.836],[-104.918,30.664],[-104.982,30.628],[-105.006,30.686],[-105.06,30.686],[-105.11,30.744],[-105.154,30.752],[-105.164,30.772],[-105.218,30.802],[-105.262,30.798],[-105.286,30.822],[-105.398,30.856],[-105.398,30.89],[-105.556,30.99],[-105.602,31.082],[-105.646,31.114],[-105.71,31.136],[-105.742,31.164],[-105.774,31.166],[-105.782,31.198],[-105.868,31.288],[-105.94,31.318],[-105.954,31.366],[-105.998,31.386],[-105.958,31.424],[-105.958,31.478],[-105.994,31.478],[-105.998,32.002]]]}},{"type":"Feature","id":"21147","properties":{"n":"McCreary","f":"21147"},"geometry":{"type":"Polygon","coordinates":[[[-84.576,36.868],[-84.416,36.948],[-84.358,36.96],[-84.346,36.94],[-84.296,36.946],[-84.322,36.89],[-84.314,36.86],[-84.344,36.838],[-84.35,36.78],[-84.322,36.76],[-84.308,36.676],[-84.228,36.592],[-84.26,36.592],[-84.544,36.596],[-84.778,36.604],[-84.674,36.74],[-84.674,36.762],[-84.634,36.77],[-84.624,36.794],[-84.58,36.804],[-84.576,36.868]]]}},{"type":"Feature","id":"55043","properties":{"n":"Grant","f":"55043"},"geometry":{"type":"Polygon","coordinates":[[[-91.156,42.988],[-91.138,43],[-91.062,42.992],[-90.954,43.044],[-90.94,43.062],[-90.848,43.078],[-90.796,43.11],[-90.744,43.124],[-90.69,43.172],[-90.668,43.172],[-90.546,43.212],[-90.43,43.202],[-90.428,42.812],[-90.428,42.508],[-90.642,42.508],[-90.642,42.54],[-90.708,42.634],[-90.898,42.676],[-90.98,42.698],[-91.066,42.752],[-91.102,42.884],[-91.146,42.904],[-91.156,42.988]]]}},{"type":"Feature","id":"48423","properties":{"n":"Smith","f":"48423"},"geometry":{"type":"Polygon","coordinates":[[[-95.596,32.688],[-95.47,32.606],[-95.41,32.606],[-95.41,32.606],[-95.406,32.606],[-95.406,32.606],[-95.406,32.604],[-95.406,32.604],[-95.402,32.604],[-95.402,32.606],[-95.402,32.604],[-95.402,32.606],[-95.398,32.606],[-95.398,32.606],[-95.384,32.602],[-95.384,32.602],[-95.344,32.608],[-95.236,32.56],[-95.204,32.572],[-95.166,32.544],[-95.154,32.57],[-95.14,32.55],[-95.078,32.556],[-95.01,32.516],[-94.986,32.538],[-94.986,32.372],[-94.986,32.138],[-95.46,32.136],[-95.478,32.146],[-95.462,32.202],[-95.488,32.236],[-95.448,32.296],[-95.448,32.356],[-95.502,32.41],[-95.596,32.48],[-95.596,32.688]]]}},{"type":"Feature","id":"36033","properties":{"n":"Franklin","f":"36033"},"geometry":{"type":"Polygon","coordinates":[[[-74.028,44.996],[-73.984,44.708],[-73.966,44.708],[-73.946,44.574],[-73.934,44.576],[-73.91,44.43],[-74.142,44.408],[-74.092,44.138],[-74.282,44.12],[-74.534,44.098],[-74.544,44.17],[-74.526,44.172],[-74.624,44.816],[-74.642,44.952],[-74.72,44.952],[-74.728,44.994],[-74.662,45],[-74.336,44.992],[-74.146,44.992],[-74.028,44.996]]]}},{"type":"Feature","id":"53041","properties":{"n":"Lewis","f":"53041"},"geometry":{"type":"Polygon","coordinates":[[[-123.37,46.792],[-123.162,46.794],[-123.162,46.764],[-122.616,46.762],[-122.204,46.762],[-122.042,46.742],[-121.956,46.756],[-121.93,46.74],[-121.834,46.73],[-121.758,46.784],[-121.456,46.784],[-121.432,46.742],[-121.37,46.726],[-121.378,46.686],[-121.41,46.684],[-121.414,46.648],[-121.388,46.622],[-121.414,46.558],[-121.454,46.534],[-121.436,46.476],[-121.384,46.41],[-121.396,46.388],[-121.522,46.388],[-122.242,46.386],[-122.364,46.388],[-123.218,46.386],[-123.358,46.384],[-123.358,46.562],[-123.366,46.562],[-123.37,46.792]]]}},{"type":"Feature","id":"51143","properties":{"n":"Pittsylvania","f":"51143"},"geometry":{"type":"Polygon","coordinates":[[[-79.642,36.856],[-79.594,37.042],[-79.54,37.046],[-79.48,37.006],[-79.462,37.022],[-79.49,37.058],[-79.444,37.056],[-79.404,37.064],[-79.404,37.092],[-79.332,37.126],[-79.296,37.104],[-79.26,37.132],[-79.182,37.07],[-79.128,37.09],[-79.092,37.062],[-79.218,36.542],[-79.344,36.54],[-79.336,36.572],[-79.304,36.57],[-79.332,36.602],[-79.364,36.608],[-79.398,36.644],[-79.422,36.602],[-79.502,36.618],[-79.52,36.604],[-79.458,36.576],[-79.47,36.54],[-79.512,36.54],[-79.714,36.542],[-79.642,36.856]]]}},{"type":"Feature","id":"42105","properties":{"n":"Potter","f":"42105"},"geometry":{"type":"Polygon","coordinates":[[[-78.206,42],[-77.75,41.998],[-77.61,42],[-77.6,41.542],[-77.6,41.478],[-77.99,41.474],[-78.052,41.476],[-78.202,41.618],[-78.206,42]]]}},{"type":"Feature","id":"48215","properties":{"n":"Hidalgo","f":"48215"},"geometry":{"type":"Polygon","coordinates":[[[-98.32,26.782],[-97.986,26.782],[-97.986,26.616],[-97.958,26.612],[-98.004,26.448],[-97.86,26.434],[-97.86,26.348],[-97.86,26.07],[-97.868,26.056],[-97.886,26.066],[-97.968,26.052],[-97.982,26.068],[-98.03,26.066],[-98.04,26.042],[-98.076,26.068],[-98.148,26.056],[-98.176,26.074],[-98.198,26.056],[-98.248,26.074],[-98.276,26.1],[-98.266,26.12],[-98.324,26.122],[-98.334,26.16],[-98.388,26.158],[-98.464,26.222],[-98.496,26.214],[-98.586,26.254],[-98.492,26.446],[-98.396,26.626],[-98.32,26.782]]]}},{"type":"Feature","id":"51131","properties":{"n":"Northampton","f":"51131"},"geometry":{"type":"Polygon","coordinates":[[[-75.938,37.55],[-75.836,37.554],[-75.786,37.528],[-75.812,37.474],[-75.714,37.45],[-75.676,37.464],[-75.658,37.452],[-75.722,37.374],[-75.764,37.306],[-75.798,37.296],[-75.794,37.248],[-75.834,37.174],[-75.898,37.118],[-75.956,37.12],[-75.94,37.09],[-75.974,37.086],[-75.976,37.158],[-76.012,37.204],[-76.026,37.258],[-76.02,37.318],[-75.988,37.368],[-75.976,37.444],[-75.938,37.55]]]}},{"type":"Feature","id":"36049","properties":{"n":"Lewis","f":"36049"},"geometry":{"type":"Polygon","coordinates":[[[-75.446,44.218],[-75.17,44.098],[-75.112,43.616],[-75.536,43.42],[-75.758,43.47],[-75.776,43.69],[-75.786,43.788],[-75.852,43.792],[-75.84,43.884],[-75.758,43.878],[-75.604,43.972],[-75.542,43.968],[-75.55,44.008],[-75.502,44.01],[-75.484,44.074],[-75.546,44.104],[-75.446,44.218]]]}},{"type":"Feature","id":"13249","properties":{"n":"Schley","f":"13249"},"geometry":{"type":"Polygon","coordinates":[[[-84.394,32.414],[-84.362,32.428],[-84.364,32.398],[-84.322,32.398],[-84.326,32.372],[-84.254,32.372],[-84.258,32.296],[-84.218,32.296],[-84.222,32.23],[-84.182,32.23],[-84.182,32.158],[-84.43,32.166],[-84.43,32.232],[-84.412,32.232],[-84.412,32.298],[-84.39,32.298],[-84.394,32.414]]]}},{"type":"Feature","id":"19043","properties":{"n":"Clayton","f":"19043"},"geometry":{"type":"Polygon","coordinates":[[[-91.604,43.082],[-91.178,43.08],[-91.156,42.988],[-91.146,42.904],[-91.102,42.884],[-91.066,42.752],[-90.98,42.698],[-90.898,42.676],[-90.898,42.646],[-91.134,42.646],[-91.608,42.644],[-91.604,43.082]]]}},{"type":"Feature","id":"37041","properties":{"n":"Chowan","f":"37041"},"geometry":{"type":"Polygon","coordinates":[[[-76.69,36.278],[-76.698,36.296],[-76.64,36.328],[-76.612,36.324],[-76.558,36.352],[-76.572,36.258],[-76.59,36.238],[-76.572,36.108],[-76.49,36.084],[-76.41,36.076],[-76.458,36.024],[-76.516,36.006],[-76.576,36.006],[-76.604,36.034],[-76.676,36.044],[-76.72,36.148],[-76.72,36.2],[-76.676,36.266],[-76.69,36.278]]]}},{"type":"Feature","id":"01095","properties":{"n":"Marshall","f":"01095"},"geometry":{"type":"Polygon","coordinates":[[[-86.55,34.546],[-86.532,34.502],[-86.468,34.476],[-86.426,34.48],[-86.392,34.518],[-86.338,34.51],[-86.304,34.58],[-86.328,34.6],[-86.148,34.6],[-86.148,34.522],[-86.098,34.522],[-86.088,34.466],[-86.06,34.476],[-86.11,34.428],[-86.106,34.2],[-86.106,34.186],[-86.188,34.182],[-86.304,34.1],[-86.41,34.206],[-86.454,34.26],[-86.478,34.304],[-86.584,34.304],[-86.584,34.37],[-86.55,34.546]]]}},{"type":"Feature","id":"36007","properties":{"n":"Broome","f":"36007"},"geometry":{"type":"Polygon","coordinates":[[[-76.132,42.41],[-76.02,42.41],[-75.866,42.416],[-75.844,42.26],[-75.818,42.25],[-75.64,42.248],[-75.636,42.196],[-75.416,42.196],[-75.42,42.042],[-75.402,42],[-75.484,42],[-75.744,41.998],[-76.106,41.998],[-76.116,42.186],[-76.088,42.186],[-76.08,42.23],[-76.132,42.41]]]}},{"type":"Feature","id":"36093","properties":{"n":"Schenectady","f":"36093"},"geometry":{"type":"Polygon","coordinates":[[[-74.264,42.796],[-74.258,42.812],[-74.086,42.898],[-74.092,42.956],[-74.006,42.934],[-73.956,42.898],[-73.906,42.91],[-73.894,42.85],[-73.808,42.778],[-73.812,42.776],[-74.182,42.73],[-74.186,42.712],[-74.272,42.714],[-74.304,42.748],[-74.258,42.758],[-74.264,42.796]]]}},{"type":"Feature","id":"48041","properties":{"n":"Brazos","f":"48041"},"geometry":{"type":"Polygon","coordinates":[[[-96.568,30.696],[-96.458,30.744],[-96.388,30.864],[-96.338,30.92],[-96.242,30.974],[-96.198,30.932],[-96.214,30.912],[-96.178,30.858],[-96.17,30.822],[-96.184,30.798],[-96.162,30.77],[-96.178,30.71],[-96.162,30.658],[-96.188,30.6],[-96.13,30.49],[-96.106,30.422],[-96.156,30.33],[-96.148,30.368],[-96.198,30.384],[-96.266,30.36],[-96.3,30.378],[-96.296,30.412],[-96.27,30.416],[-96.292,30.444],[-96.342,30.474],[-96.36,30.542],[-96.414,30.54],[-96.424,30.588],[-96.486,30.604],[-96.512,30.628],[-96.6,30.64],[-96.568,30.696]]]}},{"type":"Feature","id":"51047","properties":{"n":"Culpeper","f":"51047"},"geometry":{"type":"Polygon","coordinates":[[[-77.936,38.696],[-77.908,38.698],[-77.872,38.648],[-77.858,38.558],[-77.814,38.53],[-77.736,38.412],[-77.692,38.426],[-77.634,38.41],[-77.616,38.368],[-77.646,38.378],[-77.704,38.362],[-77.772,38.394],[-77.782,38.364],[-77.828,38.382],[-77.908,38.382],[-77.912,38.37],[-78.03,38.328],[-78.036,38.312],[-78.094,38.312],[-78.084,38.328],[-78.12,38.368],[-78.098,38.386],[-78.12,38.434],[-78.23,38.532],[-78.176,38.522],[-78.09,38.598],[-77.936,38.696]]]}},{"type":"Feature","id":"48051","properties":{"n":"Burleson","f":"48051"},"geometry":{"type":"Polygon","coordinates":[[[-96.964,30.558],[-96.622,30.732],[-96.568,30.696],[-96.6,30.64],[-96.512,30.628],[-96.486,30.604],[-96.424,30.588],[-96.414,30.54],[-96.36,30.542],[-96.342,30.474],[-96.292,30.444],[-96.27,30.416],[-96.296,30.412],[-96.3,30.378],[-96.314,30.384],[-96.422,30.344],[-96.64,30.296],[-96.694,30.32],[-96.744,30.32],[-96.79,30.39],[-96.874,30.458],[-96.92,30.54],[-96.964,30.558]]]}},{"type":"Feature","id":"48119","properties":{"n":"Delta","f":"48119"},"geometry":{"type":"Polygon","coordinates":[[[-95.858,33.41],[-95.858,33.462],[-95.826,33.458],[-95.76,33.496],[-95.682,33.47],[-95.642,33.486],[-95.568,33.478],[-95.528,33.446],[-95.492,33.456],[-95.416,33.412],[-95.308,33.38],[-95.306,33.378],[-95.308,33.376],[-95.344,33.362],[-95.402,33.372],[-95.502,33.348],[-95.584,33.358],[-95.674,33.302],[-95.732,33.304],[-95.786,33.254],[-95.862,33.218],[-95.858,33.41]]]}},{"type":"Feature","id":"42093","properties":{"n":"Montour","f":"42093"},"geometry":{"type":"Polygon","coordinates":[[[-76.734,41.172],[-76.64,41.156],[-76.62,41.064],[-76.568,41.054],[-76.566,41],[-76.516,40.96],[-76.53,40.882],[-76.568,40.916],[-76.558,40.938],[-76.602,40.942],[-76.662,40.968],[-76.792,40.948],[-76.778,41.008],[-76.734,41.092],[-76.734,41.172]]]}},{"type":"Feature","id":"48105","properties":{"n":"Crockett","f":"48105"},"geometry":{"type":"Polygon","coordinates":[[[-102.39,31.088],[-102.3,31.086],[-101.776,31.08],[-101.274,31.078],[-100.962,31.082],[-100.962,30.706],[-100.962,30.288],[-101.004,30.286],[-101.758,30.288],[-101.738,30.328],[-101.702,30.346],[-101.668,30.34],[-101.702,30.402],[-101.74,30.42],[-101.702,30.458],[-101.68,30.522],[-101.648,30.56],[-101.666,30.588],[-101.65,30.62],[-101.712,30.654],[-101.77,30.652],[-101.776,30.682],[-101.808,30.7],[-101.816,30.752],[-101.834,30.758],[-101.83,30.802],[-101.86,30.874],[-101.892,30.89],[-101.874,30.912],[-101.952,30.956],[-101.992,30.99],[-102.014,30.98],[-102.05,31.004],[-102.082,30.988],[-102.14,30.994],[-102.2,31.03],[-102.29,31.036],[-102.322,31.062],[-102.39,31.088]]]}},{"type":"Feature","id":"12127","properties":{"n":"Volusia","f":"12127"},"geometry":{"type":"Polygon","coordinates":[[[-81.68,29.324],[-81.446,29.38],[-81.432,29.398],[-81.422,29.4],[-81.418,29.262],[-81.148,29.266],[-81.156,29.41],[-81.102,29.428],[-81.048,29.308],[-80.944,29.11],[-80.732,28.792],[-80.97,28.79],[-80.966,28.612],[-80.988,28.612],[-81.02,28.674],[-81.016,28.694],[-81.062,28.75],[-81.052,28.774],[-81.066,28.812],[-81.106,28.828],[-81.138,28.792],[-81.178,28.782],[-81.218,28.808],[-81.224,28.832],[-81.322,28.834],[-81.358,28.848],[-81.368,28.878],[-81.354,28.896],[-81.354,28.984],[-81.458,29.064],[-81.464,29.096],[-81.5,29.098],[-81.532,29.178],[-81.562,29.2],[-81.616,29.206],[-81.64,29.276],[-81.68,29.324]]]}},{"type":"Feature","id":"36101","properties":{"n":"Steuben","f":"36101"},"geometry":{"type":"Polygon","coordinates":[[[-77.724,42.47],[-77.722,42.536],[-77.66,42.536],[-77.66,42.58],[-77.492,42.578],[-77.366,42.576],[-77.144,42.576],[-77.15,42.5],[-77.108,42.506],[-77.108,42.484],[-77.1,42.272],[-76.964,42.278],[-76.968,42.002],[-77.126,42],[-77.61,42],[-77.75,41.998],[-77.742,42.192],[-77.724,42.404],[-77.724,42.47]]]}},{"type":"Feature","id":"55101","properties":{"n":"Racine","f":"55101"},"geometry":{"type":"Polygon","coordinates":[[[-88.306,42.842],[-88.07,42.842],[-87.828,42.842],[-87.768,42.784],[-87.782,42.708],[-87.806,42.668],[-88.188,42.67],[-88.188,42.612],[-88.306,42.612],[-88.306,42.842]]]}},{"type":"Feature","id":"19091","properties":{"n":"Humboldt","f":"19091"},"geometry":{"type":"Polygon","coordinates":[[[-94.444,42.908],[-93.97,42.908],[-93.974,42.644],[-94.444,42.646],[-94.444,42.908]]]}},{"type":"Feature","id":"29055","properties":{"n":"Crawford","f":"29055"},"geometry":{"type":"Polygon","coordinates":[[[-91.368,38.21],[-91.368,38.204],[-91.094,38.204],[-91.094,37.87],[-91.098,37.74],[-91.146,37.74],[-91.152,37.698],[-91.31,37.7],[-91.306,37.788],[-91.53,37.79],[-91.526,38.152],[-91.532,38.152],[-91.536,38.21],[-91.368,38.21]]]}},{"type":"Feature","id":"27173","properties":{"n":"Yellow Medicine","f":"27173"},"geometry":{"type":"Polygon","coordinates":[[[-96.45,44.806],[-95.85,44.806],[-95.848,44.892],[-95.736,44.892],[-95.736,44.936],[-95.71,44.904],[-95.672,44.904],[-95.614,44.85],[-95.498,44.786],[-95.528,44.77],[-95.484,44.752],[-95.442,44.744],[-95.358,44.698],[-95.358,44.542],[-95.596,44.542],[-95.602,44.63],[-96.094,44.63],[-96.45,44.632],[-96.45,44.806]]]}},{"type":"Feature","id":"13151","properties":{"n":"Henry","f":"13151"},"geometry":{"type":"Polygon","coordinates":[[[-84.282,33.648],[-84.246,33.63],[-84.186,33.646],[-84.124,33.562],[-84.048,33.542],[-84.046,33.526],[-84.032,33.498],[-83.944,33.482],[-83.924,33.444],[-83.974,33.408],[-83.962,33.376],[-84.032,33.362],[-84.06,33.31],[-84.102,33.298],[-84.15,33.314],[-84.15,33.336],[-84.246,33.336],[-84.25,33.352],[-84.354,33.352],[-84.354,33.436],[-84.294,33.436],[-84.282,33.548],[-84.242,33.59],[-84.282,33.648]]]}},{"type":"Feature","id":"01011","properties":{"n":"Bullock","f":"01011"},"geometry":{"type":"Polygon","coordinates":[[[-85.92,32.274],[-85.88,32.292],[-85.858,32.232],[-85.434,32.234],[-85.428,32.146],[-85.41,32.146],[-85.428,32.14],[-85.428,32.016],[-85.514,32.014],[-85.514,32],[-85.592,31.994],[-85.604,31.962],[-85.65,31.912],[-85.656,31.88],[-85.79,31.88],[-85.79,31.968],[-85.884,31.968],[-85.894,32.048],[-85.998,32.052],[-85.998,32.25],[-85.988,32.272],[-85.92,32.274]]]}},{"type":"Feature","id":"51095","properties":{"n":"James City","f":"51095"},"geometry":{"type":"Polygon","coordinates":[[[-76.902,37.378],[-76.892,37.432],[-76.824,37.45],[-76.77,37.436],[-76.742,37.466],[-76.712,37.432],[-76.658,37.38],[-76.672,37.368],[-76.742,37.37],[-76.756,37.354],[-76.726,37.306],[-76.726,37.25],[-76.662,37.252],[-76.602,37.238],[-76.59,37.214],[-76.58,37.182],[-76.612,37.168],[-76.652,37.222],[-76.73,37.214],[-76.76,37.192],[-76.796,37.232],[-76.86,37.242],[-76.874,37.26],[-76.874,37.366],[-76.91,37.348],[-76.902,37.378]]]}},{"type":"Feature","id":"37073","properties":{"n":"Gates","f":"37073"},"geometry":{"type":"Polygon","coordinates":[[[-76.918,36.544],[-76.918,36.552],[-76.54,36.55],[-76.49,36.51],[-76.49,36.468],[-76.454,36.378],[-76.558,36.352],[-76.612,36.324],[-76.64,36.328],[-76.698,36.296],[-76.762,36.352],[-76.82,36.364],[-76.936,36.402],[-76.95,36.47],[-76.902,36.522],[-76.918,36.544]]]}},{"type":"Feature","id":"55063","properties":{"n":"La Crosse","f":"55063"},"geometry":{"type":"Polygon","coordinates":[[[-91.424,43.984],[-91.32,43.984],[-91.338,44.038],[-91.268,44.072],[-91.22,44.054],[-91.198,44.088],[-91.152,44.08],[-91.152,44.072],[-90.972,44.07],[-90.912,44.072],[-90.912,43.726],[-91.256,43.726],[-91.246,43.774],[-91.286,43.848],[-91.386,43.954],[-91.424,43.984]]]}},{"type":"Feature","id":"13269","properties":{"n":"Taylor","f":"13269"},"geometry":{"type":"MultiPolygon","coordinates":[[[[-84.052,32.522],[-84.01,32.522],[-84.016,32.506],[-84.052,32.522]]],[[[-84.444,32.562],[-84.408,32.562],[-84.408,32.61],[-84.38,32.632],[-84.364,32.68],[-84.34,32.68],[-84.34,32.72],[-84.286,32.748],[-84.258,32.722],[-84.236,32.738],[-84.204,32.69],[-84.106,32.674],[-84.056,32.636],[-84.07,32.598],[-84.052,32.566],[-84.002,32.53],[-84.052,32.522],[-84.12,32.506],[-84.196,32.402],[-84.254,32.396],[-84.254,32.372],[-84.326,32.372],[-84.322,32.398],[-84.364,32.398],[-84.362,32.428],[-84.394,32.414],[-84.408,32.486],[-84.434,32.492],[-84.454,32.534],[-84.444,32.562]]]]}},{"type":"Feature","id":"37139","properties":{"n":"Pasquotank","f":"37139"},"geometry":{"type":"Polygon","coordinates":[[[-76.49,36.51],[-76.436,36.468],[-76.324,36.418],[-76.292,36.386],[-76.238,36.372],[-76.214,36.326],[-76.182,36.322],[-76.218,36.3],[-76.184,36.292],[-76.148,36.264],[-76.116,36.214],[-76.08,36.2],[-76.06,36.156],[-76.092,36.136],[-76.178,36.124],[-76.254,36.184],[-76.274,36.188],[-76.318,36.24],[-76.376,36.258],[-76.454,36.378],[-76.49,36.468],[-76.49,36.51]]]}},{"type":"Feature","id":"51061","properties":{"n":"Fauquier","f":"51061"},"geometry":{"type":"Polygon","coordinates":[[[-78.004,38.98],[-77.962,39.014],[-77.656,38.942],[-77.692,38.886],[-77.71,38.824],[-77.53,38.556],[-77.634,38.466],[-77.634,38.41],[-77.692,38.426],[-77.736,38.412],[-77.814,38.53],[-77.858,38.558],[-77.872,38.648],[-77.908,38.698],[-77.936,38.696],[-78.016,38.728],[-78.026,38.796],[-78.052,38.8],[-78.13,38.864],[-78.062,38.892],[-78.076,38.912],[-78.004,38.98]]]}},{"type":"Feature","id":"51137","properties":{"n":"Orange","f":"51137"},"geometry":{"type":"Polygon","coordinates":[[[-78.368,38.184],[-78.288,38.272],[-78.252,38.234],[-78.176,38.254],[-78.184,38.268],[-78.126,38.282],[-78.094,38.312],[-78.036,38.312],[-78.03,38.328],[-77.912,38.37],[-77.908,38.382],[-77.828,38.382],[-77.782,38.364],[-77.772,38.394],[-77.704,38.362],[-77.714,38.336],[-77.954,38.118],[-78.002,38.138],[-78.048,38.136],[-78.102,38.152],[-78.17,38.13],[-78.21,38.132],[-78.368,38.184]]]}},{"type":"Feature","id":"36017","properties":{"n":"Chenango","f":"36017"},"geometry":{"type":"Polygon","coordinates":[[[-75.89,42.724],[-75.428,42.746],[-75.428,42.738],[-75.294,42.744],[-75.33,42.674],[-75.328,42.578],[-75.366,42.554],[-75.406,42.478],[-75.374,42.416],[-75.406,42.38],[-75.396,42.354],[-75.416,42.314],[-75.416,42.196],[-75.636,42.196],[-75.64,42.248],[-75.818,42.25],[-75.844,42.26],[-75.866,42.416],[-75.872,42.544],[-75.89,42.724]]]}},{"type":"Feature","id":"51680","properties":{"n":"Lynchburg","f":"51680"},"geometry":{"type":"Polygon","coordinates":[[[-79.186,37.466],[-79.12,37.398],[-79.086,37.394],[-79.178,37.342],[-79.214,37.332],[-79.258,37.356],[-79.232,37.394],[-79.268,37.43],[-79.21,37.468],[-79.186,37.466]]]}},{"type":"Feature","id":"48287","properties":{"n":"Lee","f":"48287"},"geometry":{"type":"Polygon","coordinates":[[[-97.332,30.402],[-97.154,30.458],[-96.964,30.558],[-96.92,30.54],[-96.874,30.458],[-96.79,30.39],[-96.744,30.32],[-96.694,30.32],[-96.64,30.296],[-96.686,30.256],[-96.734,30.242],[-96.74,30.198],[-96.794,30.16],[-96.844,30.116],[-97.02,30.032],[-97.024,30.052],[-97.082,30.26],[-97.2,30.338],[-97.332,30.402]]]}},{"type":"Feature","id":"51031","properties":{"n":"Campbell","f":"51031"},"geometry":{"type":"Polygon","coordinates":[[[-79.444,37.056],[-79.258,37.356],[-79.214,37.332],[-79.178,37.342],[-79.086,37.394],[-79.07,37.422],[-79.02,37.43],[-78.928,37.278],[-78.92,37.246],[-78.862,37.24],[-78.856,37.212],[-78.822,37.204],[-78.906,37.022],[-78.97,37.05],[-79.002,37.03],[-79.092,37.062],[-79.128,37.09],[-79.182,37.07],[-79.26,37.132],[-79.296,37.104],[-79.332,37.126],[-79.404,37.092],[-79.404,37.064],[-79.444,37.056]]]}},{"type":"Feature","id":"32031","properties":{"n":"Washoe","f":"32031"},"geometry":{"type":"Polygon","coordinates":[[[-120.006,39.316],[-120.002,39.446],[-120.002,39.722],[-120,39.734],[-119.996,40.072],[-119.996,40.722],[-120,40.75],[-120,41.184],[-120,41.994],[-120,41.996],[-119.888,41.998],[-119.36,41.994],[-119.324,41.994],[-119.328,41.59],[-119.324,41.414],[-119.304,41.414],[-119.306,41.234],[-119.332,41.234],[-119.328,40.96],[-119.31,40.96],[-119.314,40.518],[-119.338,40.518],[-119.338,39.998],[-119.224,40],[-119.228,39.9],[-119.21,39.9],[-119.21,39.81],[-119.17,39.788],[-119.17,39.68],[-119.188,39.65],[-119.26,39.648],[-119.286,39.622],[-119.372,39.588],[-119.468,39.584],[-119.472,39.566],[-119.532,39.566],[-119.584,39.548],[-119.622,39.512],[-119.694,39.516],[-119.698,39.448],[-119.654,39.448],[-119.658,39.404],[-119.688,39.39],[-119.658,39.332],[-119.676,39.332],[-119.676,39.282],[-119.712,39.252],[-119.752,39.244],[-119.77,39.216],[-119.828,39.208],[-119.88,39.166],[-120.002,39.166],[-120.006,39.316]]]}},{"type":"Feature","id":"36105","properties":{"n":"Sullivan","f":"36105"},"geometry":{"type":"Polygon","coordinates":[[[-75.148,41.85],[-74.782,42.016],[-74.454,41.876],[-74.576,41.746],[-74.394,41.644],[-74.368,41.592],[-74.408,41.574],[-74.476,41.504],[-74.752,41.494],[-74.756,41.424],[-74.806,41.442],[-74.896,41.44],[-74.89,41.456],[-74.942,41.484],[-74.982,41.48],[-74.986,41.508],[-75.068,41.602],[-75.044,41.624],[-75.054,41.752],[-75.104,41.77],[-75.076,41.798],[-75.148,41.85]]]}},{"type":"Feature","id":"42041","properties":{"n":"Cumberland","f":"42041"},"geometry":{"type":"Polygon","coordinates":[[[-77.614,40.198],[-77.606,40.186],[-77.394,40.304],[-77.358,40.308],[-77.42,40.256],[-77.322,40.292],[-77.32,40.268],[-77.24,40.284],[-76.974,40.31],[-76.914,40.328],[-76.924,40.29],[-76.86,40.226],[-76.896,40.224],[-76.928,40.198],[-76.906,40.166],[-76.978,40.164],[-77.028,40.148],[-77.136,40.07],[-77.186,40.03],[-77.406,39.994],[-77.47,39.944],[-77.456,39.972],[-77.53,40.048],[-77.564,40.118],[-77.61,40.152],[-77.614,40.198]]]}},{"type":"Feature","id":"31113","properties":{"n":"Logan","f":"31113"},"geometry":{"type":"Polygon","coordinates":[[[-100.71,41.74],[-100.266,41.74],[-100.252,41.74],[-100.252,41.394],[-100.714,41.394],[-100.71,41.74]]]}},{"type":"Feature","id":"01113","properties":{"n":"Russell","f":"01113"},"geometry":{"type":"Polygon","coordinates":[[[-85.434,32.41],[-85.33,32.41],[-85.334,32.468],[-85.058,32.474],[-85.062,32.508],[-85.004,32.51],[-84.996,32.454],[-84.964,32.422],[-84.982,32.378],[-85,32.322],[-84.936,32.298],[-84.892,32.264],[-84.922,32.23],[-84.968,32.218],[-84.96,32.198],[-85.01,32.18],[-85.058,32.136],[-85.05,32.062],[-85.186,32.062],[-85.258,32.148],[-85.41,32.146],[-85.428,32.146],[-85.434,32.234],[-85.434,32.41]]]}},{"type":"Feature","id":"21003","properties":{"n":"Allen","f":"21003"},"geometry":{"type":"Polygon","coordinates":[[[-86.408,36.776],[-86.264,36.874],[-86.268,36.892],[-86.206,36.908],[-86.166,36.934],[-86.178,36.914],[-86.076,36.894],[-86.076,36.854],[-86.056,36.828],[-86.07,36.806],[-86.002,36.76],[-85.976,36.724],[-85.948,36.662],[-85.976,36.628],[-86.206,36.64],[-86.41,36.65],[-86.408,36.776]]]}},{"type":"Feature","id":"36079","properties":{"n":"Putnam","f":"36079"},"geometry":{"type":"Polygon","coordinates":[[[-73.982,41.324],[-73.948,41.394],[-73.982,41.44],[-73.934,41.488],[-73.528,41.526],[-73.544,41.366],[-73.982,41.322],[-73.982,41.324]]]}},{"type":"Feature","id":"36087","properties":{"n":"Rockland","f":"36087"},"geometry":{"type":"Polygon","coordinates":[[[-74.236,41.142],[-73.982,41.324],[-73.982,41.322],[-73.946,41.29],[-73.97,41.248],[-73.93,41.204],[-73.888,41.13],[-73.894,40.996],[-73.906,40.998],[-74.21,41.134],[-74.236,41.142]]]}},{"type":"Feature","id":"29091","properties":{"n":"Howell","f":"29091"},"geometry":{"type":"Polygon","coordinates":[[[-92.122,36.498],[-92.114,36.794],[-92.096,36.794],[-92.09,37.056],[-91.654,37.048],[-91.658,36.888],[-91.658,36.788],[-91.672,36.788],[-91.68,36.626],[-91.672,36.5],[-92.122,36.498]]]}},{"type":"Feature","id":"48395","properties":{"n":"Robertson","f":"48395"},"geometry":{"type":"Polygon","coordinates":[[[-96.83,31.106],[-96.598,31.22],[-96.32,31.358],[-96.332,31.252],[-96.296,31.182],[-96.296,31.14],[-96.27,31.078],[-96.242,31.06],[-96.26,31.006],[-96.242,30.974],[-96.338,30.92],[-96.388,30.864],[-96.458,30.744],[-96.568,30.696],[-96.622,30.732],[-96.612,30.758],[-96.648,30.78],[-96.636,30.804],[-96.694,30.864],[-96.684,30.906],[-96.73,30.9],[-96.756,30.926],[-96.77,31],[-96.794,31.066],[-96.83,31.106]]]}},{"type":"Feature","id":"34001","properties":{"n":"Atlantic","f":"34001"},"geometry":{"type":"Polygon","coordinates":[[[-74.878,39.608],[-74.734,39.73],[-74.66,39.668],[-74.66,39.63],[-74.62,39.626],[-74.53,39.57],[-74.476,39.552],[-74.418,39.558],[-74.38,39.498],[-74.312,39.5],[-74.3,39.478],[-74.336,39.432],[-74.458,39.344],[-74.54,39.3],[-74.588,39.31],[-74.616,39.294],[-74.698,39.29],[-74.86,39.324],[-74.856,39.424],[-74.986,39.514],[-74.878,39.608]]]}},{"type":"Feature","id":"48333","properties":{"n":"Mills","f":"48333"},"geometry":{"type":"Polygon","coordinates":[[[-98.992,31.484],[-98.78,31.61],[-98.762,31.688],[-98.668,31.7],[-98.492,31.724],[-98.464,31.684],[-98.27,31.416],[-98.266,31.41],[-98.564,31.23],[-98.578,31.264],[-98.626,31.27],[-98.586,31.322],[-98.646,31.314],[-98.64,31.354],[-98.658,31.37],[-98.712,31.348],[-98.704,31.408],[-98.736,31.43],[-98.75,31.39],[-98.78,31.378],[-98.772,31.412],[-98.854,31.414],[-98.87,31.444],[-98.926,31.434],[-98.966,31.45],[-98.992,31.484]]]}},{"type":"Feature","id":"21053","properties":{"n":"Clinton","f":"21053"},"geometry":{"type":"Polygon","coordinates":[[[-85.294,36.626],[-85.248,36.744],[-85.216,36.854],[-85.234,36.886],[-85.118,36.826],[-85.064,36.858],[-85.026,36.808],[-85.004,36.756],[-85.022,36.718],[-85,36.676],[-85,36.624],[-84.976,36.616],[-85.276,36.626],[-85.294,36.626]]]}},{"type":"Feature","id":"39151","properties":{"n":"Stark","f":"39151"},"geometry":{"type":"Polygon","coordinates":[[[-81.652,40.668],[-81.648,40.914],[-81.422,40.906],[-81.418,40.988],[-81.392,40.988],[-81.088,40.988],[-81.088,40.902],[-81.088,40.728],[-81.238,40.724],[-81.242,40.65],[-81.318,40.652],[-81.468,40.656],[-81.648,40.636],[-81.652,40.668]]]}},{"type":"Feature","id":"01117","properties":{"n":"Shelby","f":"01117"},"geometry":{"type":"Polygon","coordinates":[[[-87.028,33.246],[-86.982,33.246],[-86.97,33.268],[-86.88,33.332],[-86.83,33.332],[-86.83,33.36],[-86.776,33.366],[-86.752,33.416],[-86.72,33.416],[-86.67,33.466],[-86.604,33.468],[-86.562,33.518],[-86.518,33.524],[-86.518,33.546],[-86.482,33.546],[-86.482,33.502],[-86.378,33.502],[-86.378,33.39],[-86.342,33.352],[-86.368,33.336],[-86.356,33.296],[-86.392,33.276],[-86.432,33.282],[-86.428,33.25],[-86.468,33.224],[-86.462,33.202],[-86.504,33.18],[-86.462,33.126],[-86.49,33.102],[-86.512,33.088],[-86.518,33.02],[-86.554,33.018],[-86.612,33.07],[-86.824,33.068],[-86.88,33.072],[-86.88,33.05],[-86.934,33.064],[-86.97,33.098],[-86.97,33.158],[-87.024,33.166],[-87.028,33.246]]]}},{"type":"Feature","id":"41053","properties":{"n":"Polk","f":"41053"},"geometry":{"type":"Polygon","coordinates":[[[-123.726,45.044],[-123.726,45.076],[-123.496,45.074],[-123.068,45.074],[-123.076,45.014],[-123.04,44.988],[-123.044,44.944],[-123.112,44.93],[-123.176,44.832],[-123.09,44.812],[-123.148,44.77],[-123.144,44.75],[-123.15,44.72],[-123.604,44.72],[-123.704,44.72],[-123.726,44.738],[-123.726,45.044]]]}},{"type":"Feature","id":"20167","properties":{"n":"Russell","f":"20167"},"geometry":{"type":"Polygon","coordinates":[[[-99.038,39.134],[-98.488,39.132],[-98.486,39.132],[-98.486,38.87],[-98.486,38.698],[-99.034,38.698],[-99.042,38.698],[-99.038,38.856],[-99.038,39.134]]]}},{"type":"Feature","id":"20045","properties":{"n":"Douglas","f":"20045"},"geometry":{"type":"Polygon","coordinates":[[[-95.498,39.058],[-95.438,39.07],[-95.34,39.032],[-95.298,39.042],[-95.186,39.044],[-95.186,38.964],[-95.166,38.982],[-95.076,38.964],[-95.058,38.982],[-95.058,38.738],[-95.502,38.74],[-95.502,38.87],[-95.498,39.058]]]}},{"type":"Feature","id":"20157","properties":{"n":"Republic","f":"20157"},"geometry":{"type":"Polygon","coordinates":[[[-97.932,40.002],[-97.822,40.002],[-97.368,40.002],[-97.368,39.654],[-97.932,39.654],[-97.932,40.002]]]}},{"type":"Feature","id":"51710","properties":{"n":"Norfolk","f":"51710"},"geometry":{"type":"Polygon","coordinates":[[[-76.332,36.888],[-76.318,36.886],[-76.328,36.96],[-76.268,36.964],[-76.184,36.93],[-76.196,36.828],[-76.224,36.84],[-76.288,36.822],[-76.332,36.888]]]}},{"type":"Feature","id":"48301","properties":{"n":"Loving","f":"48301"},"geometry":{"type":"Polygon","coordinates":[[[-103.98,32],[-103.722,32],[-103.328,32],[-103.328,31.652],[-103.61,31.652],[-103.632,31.674],[-103.626,31.706],[-103.66,31.71],[-103.694,31.748],[-103.726,31.74],[-103.798,31.77],[-103.83,31.888],[-103.888,31.87],[-103.952,31.988],[-103.98,32]]]}},{"type":"Feature","id":"08014","properties":{"n":"Broomfield","f":"08014"},"geometry":{"type":"MultiPolygon","coordinates":[[[[-105.09,39.958],[-105.11,39.956],[-105.09,39.958],[-105.09,39.958]]],[[[-105.146,39.914],[-105.11,39.956],[-105.09,39.958],[-105.054,40],[-104.988,40.008],[-105,40.026],[-104.96,40.044],[-104.96,40],[-104.988,39.968],[-105.014,39.982],[-105.014,39.922],[-105.054,39.914],[-105.072,39.9],[-105.146,39.914]],[[-105.082,39.96],[-105.082,39.96],[-105.082,39.96],[-105.082,39.96]],[[-104.978,40.032],[-104.978,40.032],[-104.978,40.032],[-104.978,40.032]]]]}},{"type":"Feature","id":"37075","properties":{"n":"Graham","f":"37075"},"geometry":{"type":"Polygon","coordinates":[[[-83.96,35.464],[-83.952,35.462],[-83.912,35.466],[-83.804,35.444],[-83.734,35.448],[-83.612,35.426],[-83.586,35.434],[-83.594,35.376],[-83.622,35.346],[-83.682,35.324],[-83.68,35.28],[-83.704,35.248],[-83.772,35.246],[-83.83,35.256],[-83.944,35.22],[-84.002,35.234],[-84.028,35.292],[-84.038,35.35],[-84.006,35.372],[-84.02,35.41],[-83.96,35.464]]]}},{"type":"Feature","id":"37039","properties":{"n":"Cherokee","f":"37039"},"geometry":{"type":"Polygon","coordinates":[[[-84.294,35.206],[-84.29,35.224],[-84.21,35.266],[-84.2,35.244],[-84.1,35.248],[-84.028,35.292],[-84.002,35.234],[-83.944,35.22],[-83.83,35.256],[-83.772,35.246],[-83.704,35.248],[-83.698,35.226],[-83.73,35.2],[-83.736,35.156],[-83.816,35.138],[-83.84,35.144],[-83.91,35.078],[-83.966,35.044],[-83.956,35.026],[-84.006,34.988],[-84.128,34.988],[-84.322,34.988],[-84.294,35.206]]]}},{"type":"Feature","id":"31043","properties":{"n":"Dakota","f":"31043"},"geometry":{"type":"Polygon","coordinates":[[[-96.634,42.524],[-96.612,42.506],[-96.526,42.51],[-96.508,42.484],[-96.446,42.49],[-96.396,42.484],[-96.382,42.446],[-96.414,42.408],[-96.414,42.342],[-96.374,42.318],[-96.356,42.276],[-96.726,42.278],[-96.722,42.524],[-96.634,42.524]]]}},{"type":"Feature","id":"39017","properties":{"n":"Butler","f":"39017"},"geometry":{"type":"Polygon","coordinates":[[[-84.818,39.522],[-84.814,39.568],[-84.48,39.57],[-84.48,39.592],[-84.364,39.59],[-84.364,39.544],[-84.332,39.548],[-84.34,39.412],[-84.354,39.292],[-84.63,39.312],[-84.642,39.306],[-84.82,39.306],[-84.818,39.522]]]}},{"type":"Feature","id":"41051","properties":{"n":"Multnomah","f":"41051"},"geometry":{"type":"Polygon","coordinates":[[[-122.928,45.722],[-122.784,45.72],[-122.764,45.728],[-122.764,45.656],[-122.644,45.61],[-122.48,45.58],[-122.44,45.564],[-122.38,45.576],[-122.332,45.548],[-122.25,45.548],[-122.186,45.578],[-122.102,45.584],[-121.924,45.65],[-121.916,45.546],[-121.894,45.514],[-121.82,45.462],[-122.642,45.462],[-122.648,45.434],[-122.746,45.434],[-122.746,45.516],[-122.806,45.562],[-122.846,45.578],[-122.928,45.642],[-122.928,45.722]]]}},{"type":"Feature","id":"37019","properties":{"n":"Brunswick","f":"37019"},"geometry":{"type":"Polygon","coordinates":[[[-78.162,34.358],[-78.138,34.372],[-78.08,34.34],[-78.03,34.332],[-78.016,34.292],[-77.958,34.234],[-77.954,34.154],[-77.936,34.122],[-77.932,34.028],[-77.948,33.972],[-77.936,33.93],[-77.962,33.852],[-78.008,33.858],[-78.018,33.888],[-78.094,33.906],[-78.176,33.914],[-78.278,33.912],[-78.386,33.902],[-78.51,33.866],[-78.54,33.852],[-78.65,33.944],[-78.626,33.98],[-78.64,34.01],[-78.578,34.038],[-78.554,34.066],[-78.56,34.092],[-78.54,34.148],[-78.514,34.166],[-78.42,34.14],[-78.374,34.206],[-78.256,34.216],[-78.162,34.358]]]}},{"type":"Feature","id":"37083","properties":{"n":"Halifax","f":"37083"},"geometry":{"type":"Polygon","coordinates":[[[-78.008,36.202],[-77.944,36.298],[-77.912,36.382],[-77.9,36.504],[-77.818,36.5],[-77.774,36.482],[-77.646,36.48],[-77.632,36.45],[-77.556,36.418],[-77.548,36.374],[-77.582,36.35],[-77.57,36.314],[-77.542,36.302],[-77.442,36.324],[-77.408,36.264],[-77.38,36.25],[-77.388,36.214],[-77.29,36.168],[-77.266,36.16],[-77.25,36.114],[-77.23,36.106],[-77.312,36.09],[-77.326,36.07],[-77.402,36.004],[-77.474,36.038],[-77.53,36.04],[-77.542,36.096],[-77.632,36.116],[-77.646,36.138],[-77.7,36.154],[-77.75,36.156],[-77.808,36.138],[-77.886,36.144],[-77.918,36.182],[-77.968,36.194],[-77.976,36.174],[-78.008,36.202]]]}},{"type":"Feature","id":"08031","properties":{"n":"Denver","f":"08031"},"geometry":{"type":"Polygon","coordinates":[[[-105.054,39.79],[-104.914,39.784],[-104.884,39.798],[-104.792,39.798],[-104.792,39.842],[-104.73,39.844],[-104.73,39.898],[-104.68,39.906],[-104.602,39.9],[-104.62,39.874],[-104.62,39.822],[-104.762,39.824],[-104.734,39.77],[-104.828,39.774],[-104.884,39.74],[-104.866,39.696],[-104.902,39.692],[-104.902,39.668],[-104.848,39.656],[-104.884,39.624],[-104.974,39.668],[-105.036,39.654],[-105.054,39.632],[-105.054,39.63],[-105.054,39.622],[-105.11,39.626],[-105.054,39.652],[-105.082,39.67],[-105.054,39.698],[-105.054,39.79]],[[-104.942,39.71],[-104.942,39.71],[-104.942,39.71],[-104.942,39.71]]]}},{"type":"Feature","id":"51735","properties":{"n":"Poquoson","f":"51735"},"geometry":{"type":"Polygon","coordinates":[[[-76.396,37.164],[-76.35,37.17],[-76.336,37.144],[-76.288,37.118],[-76.304,37.104],[-76.396,37.108],[-76.414,37.156],[-76.396,37.164]]]}},{"type":"Feature","id":"51740","properties":{"n":"Portsmouth","f":"51740"},"geometry":{"type":"Polygon","coordinates":[[[-76.408,36.898],[-76.386,36.924],[-76.354,36.924],[-76.332,36.888],[-76.288,36.822],[-76.292,36.798],[-76.376,36.786],[-76.404,36.814],[-76.382,36.838],[-76.422,36.866],[-76.408,36.898]]]}},{"type":"Feature","id":"08013","properties":{"n":"Boulder","f":"08013"},"geometry":{"type":"MultiPolygon","coordinates":[[[[-105.082,39.96],[-105.082,39.96],[-105.082,39.96],[-105.082,39.96]]],[[[-105.652,40.26],[-105.406,40.258],[-105.29,40.264],[-105.054,40.262],[-105.058,40.002],[-105.054,40],[-105.09,39.958],[-105.11,39.956],[-105.146,39.914],[-105.398,39.912],[-105.398,39.934],[-105.674,39.932],[-105.692,39.942],[-105.688,40.014],[-105.638,40.046],[-105.636,40.146],[-105.668,40.158],[-105.678,40.202],[-105.652,40.26]],[[-105.11,39.956],[-105.09,39.958],[-105.11,39.956],[-105.11,39.956]]]]}},{"type":"Feature","id":"37099","properties":{"n":"Jackson","f":"37099"},"geometry":{"type":"Polygon","coordinates":[[[-83.188,35.514],[-83.138,35.488],[-83.044,35.414],[-83.044,35.394],[-82.99,35.368],[-82.966,35.316],[-82.922,35.292],[-82.926,35.238],[-82.986,35.188],[-82.982,35.132],[-83.058,35.054],[-83.008,35.028],[-83.108,35],[-83.148,35.054],[-83.144,35.078],[-83.188,35.134],[-83.224,35.158],[-83.224,35.238],[-83.28,35.23],[-83.316,35.266],[-83.338,35.332],[-83.342,35.398],[-83.364,35.426],[-83.352,35.468],[-83.31,35.48],[-83.238,35.524],[-83.188,35.514]]]}},{"type":"Feature","id":"01025","properties":{"n":"Clarke","f":"01025"},"geometry":{"type":"Polygon","coordinates":[[[-88.072,31.99],[-87.668,31.992],[-87.668,31.878],[-87.62,31.87],[-87.62,31.828],[-87.502,31.828],[-87.52,31.814],[-87.516,31.698],[-87.566,31.698],[-87.566,31.554],[-87.62,31.514],[-87.562,31.478],[-87.578,31.432],[-87.624,31.41],[-87.638,31.426],[-87.706,31.402],[-87.724,31.344],[-87.754,31.362],[-87.786,31.328],[-87.764,31.298],[-87.81,31.306],[-87.786,31.282],[-87.828,31.276],[-87.868,31.216],[-87.914,31.188],[-87.946,31.194],[-87.944,31.244],[-87.986,31.26],[-87.954,31.268],[-87.962,31.316],[-87.908,31.322],[-87.896,31.382],[-87.944,31.376],[-87.912,31.424],[-87.908,31.492],[-87.936,31.522],[-88.018,31.552],[-88.072,31.594],[-88.09,31.658],[-88.086,31.7],[-88.104,31.762],[-88.144,31.752],[-88.18,31.822],[-88.14,31.864],[-88.13,31.904],[-88.086,31.922],[-88.122,31.95],[-88.07,31.958],[-88.072,31.99]]]}},{"type":"Feature","id":"01091","properties":{"n":"Marengo","f":"01091"},"geometry":{"type":"Polygon","coordinates":[[[-87.93,32.31],[-87.972,32.344],[-88.048,32.378],[-88.034,32.434],[-87.954,32.474],[-87.914,32.518],[-87.854,32.516],[-87.854,32.532],[-87.814,32.524],[-87.728,32.524],[-87.728,32.48],[-87.524,32.482],[-87.524,32.308],[-87.474,32.308],[-87.474,32.266],[-87.524,32.256],[-87.524,32.134],[-87.624,32.132],[-87.624,32.006],[-87.668,31.992],[-88.072,31.99],[-88.116,32.018],[-88.12,32.054],[-88.07,32.062],[-88.044,32.082],[-88.036,32.146],[-88.008,32.186],[-88.018,32.286],[-87.93,32.31]]]}},{"type":"Feature","id":"01065","properties":{"n":"Hale","f":"01065"},"geometry":{"type":"Polygon","coordinates":[[[-87.718,33.006],[-87.422,33.004],[-87.422,32.874],[-87.422,32.83],[-87.474,32.83],[-87.474,32.656],[-87.524,32.656],[-87.524,32.482],[-87.728,32.48],[-87.728,32.524],[-87.814,32.524],[-87.79,32.582],[-87.736,32.588],[-87.75,32.612],[-87.8,32.61],[-87.814,32.634],[-87.754,32.634],[-87.742,32.652],[-87.79,32.654],[-87.796,32.716],[-87.832,32.712],[-87.806,32.752],[-87.872,32.762],[-87.822,32.794],[-87.832,32.84],[-87.804,32.898],[-87.76,32.908],[-87.774,32.928],[-87.738,32.938],[-87.718,33.006]]]}},{"type":"Feature","id":"01075","properties":{"n":"Lamar","f":"01075"},"geometry":{"type":"Polygon","coordinates":[[[-88.248,33.744],[-88.208,34.058],[-87.986,34.052],[-87.986,34.022],[-87.95,34.022],[-87.95,33.92],[-87.946,33.524],[-88.274,33.534],[-88.248,33.744]]]}},{"type":"Feature","id":"01107","properties":{"n":"Pickens","f":"01107"},"geometry":{"type":"Polygon","coordinates":[[[-88.306,33.288],[-88.274,33.534],[-87.946,33.524],[-87.84,33.524],[-87.84,33.154],[-87.932,33.114],[-87.968,33.078],[-88.026,33.064],[-88.044,33.032],[-88.148,33.038],[-88.174,32.996],[-88.342,32.992],[-88.306,33.288]]]}},{"type":"Feature","id":"31127","properties":{"n":"Nemaha","f":"31127"},"geometry":{"type":"Polygon","coordinates":[[[-96.066,40.524],[-95.71,40.524],[-95.692,40.556],[-95.654,40.542],[-95.7,40.506],[-95.696,40.472],[-95.656,40.442],[-95.66,40.408],[-95.618,40.314],[-95.552,40.292],[-95.556,40.264],[-95.552,40.262],[-96.008,40.262],[-96.066,40.262],[-96.066,40.524]]]}},{"type":"Feature","id":"51041","properties":{"n":"Chesterfield","f":"51041"},"geometry":{"type":"Polygon","coordinates":[[[-77.854,37.418],[-77.808,37.426],[-77.796,37.46],[-77.656,37.564],[-77.596,37.556],[-77.596,37.534],[-77.528,37.532],[-77.506,37.468],[-77.42,37.448],[-77.388,37.388],[-77.312,37.374],[-77.28,37.352],[-77.25,37.382],[-77.272,37.32],[-77.284,37.314],[-77.334,37.312],[-77.352,37.312],[-77.376,37.244],[-77.406,37.238],[-77.384,37.242],[-77.37,37.298],[-77.43,37.276],[-77.416,37.234],[-77.448,37.222],[-77.52,37.216],[-77.56,37.226],[-77.614,37.272],[-77.65,37.266],[-77.704,37.296],[-77.76,37.27],[-77.808,37.304],[-77.796,37.334],[-77.836,37.338],[-77.878,37.366],[-77.876,37.418],[-77.854,37.418]]]}},{"type":"Feature","id":"48403","properties":{"n":"Sabine","f":"48403"},"geometry":{"type":"Polygon","coordinates":[[[-93.984,31.57],[-93.898,31.612],[-93.834,31.586],[-93.786,31.528],[-93.74,31.522],[-93.73,31.492],[-93.75,31.468],[-93.7,31.438],[-93.704,31.41],[-93.676,31.398],[-93.664,31.356],[-93.686,31.31],[-93.644,31.27],[-93.622,31.272],[-93.6,31.176],[-93.912,31.158],[-94.038,31.134],[-94.03,31.24],[-94.048,31.296],[-94.024,31.364],[-94.046,31.41],[-93.984,31.466],[-93.984,31.57]]]}},{"type":"Feature","id":"26019","properties":{"n":"Benzie","f":"26019"},"geometry":{"type":"Polygon","coordinates":[[[-86.074,44.778],[-85.814,44.774],[-85.818,44.512],[-86.234,44.518],[-86.224,44.594],[-86.26,44.664],[-86.256,44.692],[-86.16,44.728],[-86.088,44.742],[-86.074,44.778]]]}},{"type":"Feature","id":"29037","properties":{"n":"Cass","f":"29037"},"geometry":{"type":"Polygon","coordinates":[[[-94.608,38.738],[-94.608,38.848],[-94.49,38.842],[-94.12,38.832],[-94.128,38.656],[-94.116,38.656],[-94.12,38.57],[-94.064,38.568],[-94.066,38.448],[-94.084,38.456],[-94.174,38.446],[-94.224,38.46],[-94.256,38.45],[-94.31,38.472],[-94.612,38.478],[-94.608,38.738]]]}},{"type":"Feature","id":"01037","properties":{"n":"Coosa","f":"01037"},"geometry":{"type":"Polygon","coordinates":[[[-86.518,33.02],[-86.512,33.088],[-86.49,33.102],[-86.174,33.104],[-86.008,33.104],[-86.008,33.09],[-86.008,32.756],[-86.374,32.754],[-86.458,32.814],[-86.45,32.864],[-86.478,32.874],[-86.514,32.93],[-86.518,33.02]]]}},{"type":"Feature","id":"08069","properties":{"n":"Larimer","f":"08069"},"geometry":{"type":"Polygon","coordinates":[[[-106.192,40.998],[-105.724,40.996],[-105.276,40.998],[-104.942,40.998],[-104.942,40.682],[-104.946,40.596],[-104.946,40.35],[-105.058,40.35],[-105.054,40.262],[-105.29,40.264],[-105.406,40.258],[-105.652,40.26],[-105.686,40.302],[-105.768,40.36],[-105.814,40.422],[-105.808,40.474],[-105.854,40.486],[-105.868,40.52],[-105.908,40.516],[-105.912,40.566],[-105.948,40.642],[-106.048,40.804],[-106.126,40.87],[-106.138,40.902],[-106.188,40.938],[-106.192,40.998]]]}},{"type":"Feature","id":"42027","properties":{"n":"Centre","f":"42027"},"geometry":{"type":"Polygon","coordinates":[[[-78.036,41.154],[-78.004,41.144],[-77.972,41.172],[-77.972,41.204],[-77.94,41.21],[-77.896,41.252],[-77.894,41.178],[-77.8,41.182],[-77.742,41.108],[-77.62,41.092],[-77.564,41.058],[-77.582,41.046],[-77.51,40.964],[-77.34,40.988],[-77.144,41.044],[-77.204,40.992],[-77.28,40.91],[-77.366,40.848],[-77.438,40.824],[-77.682,40.73],[-77.768,40.72],[-77.826,40.744],[-77.944,40.692],[-78.116,40.74],[-78.13,40.744],[-78.36,40.732],[-78.378,40.754],[-78.314,40.808],[-78.288,40.85],[-78.248,40.856],[-78.22,40.912],[-78.156,40.942],[-78.076,40.96],[-78.088,40.994],[-78.058,41.004],[-78.08,41.032],[-78.112,41.114],[-78.07,41.124],[-78.036,41.154]]]}},{"type":"Feature","id":"48015","properties":{"n":"Austin","f":"48015"},"geometry":{"type":"Polygon","coordinates":[[[-96.144,30.07],[-96.084,30.006],[-96.124,29.968],[-96.126,29.898],[-96.094,29.876],[-96.12,29.836],[-96.102,29.81],[-96.048,29.804],[-96.034,29.728],[-96.012,29.72],[-96.026,29.604],[-96.088,29.602],[-96.11,29.622],[-96.174,29.634],[-96.198,29.656],[-96.26,29.67],[-96.27,29.716],[-96.3,29.738],[-96.342,29.83],[-96.414,29.824],[-96.536,29.908],[-96.568,29.962],[-96.622,30.044],[-96.586,30.064],[-96.518,30.066],[-96.288,30.098],[-96.26,30.076],[-96.16,30.054],[-96.144,30.07]]]}},{"type":"Feature","id":"50013","properties":{"n":"Grand Isle","f":"50013"},"geometry":{"type":"Polygon","coordinates":[[[-73.342,45.012],[-73.192,45.014],[-73.242,44.95],[-73.192,44.908],[-73.21,44.824],[-73.26,44.772],[-73.228,44.722],[-73.234,44.65],[-73.266,44.592],[-73.36,44.564],[-73.388,44.636],[-73.374,44.662],[-73.368,44.742],[-73.332,44.788],[-73.378,44.838],[-73.364,44.892],[-73.338,44.918],[-73.342,45.012]]]}},{"type":"Feature","id":"51800","properties":{"n":"Suffolk","f":"51800"},"geometry":{"type":"Polygon","coordinates":[[[-76.9,36.644],[-76.748,36.752],[-76.53,36.916],[-76.482,36.93],[-76.482,36.896],[-76.408,36.898],[-76.422,36.866],[-76.458,36.816],[-76.49,36.55],[-76.54,36.55],[-76.918,36.552],[-76.9,36.644]]]}},{"type":"Feature","id":"08025","properties":{"n":"Crowley","f":"08025"},"geometry":{"type":"Polygon","coordinates":[[[-104.052,38.522],[-103.614,38.522],[-103.502,38.516],[-103.506,38.342],[-103.502,38.266],[-103.51,38.172],[-103.618,38.172],[-103.618,38.112],[-103.836,38.112],[-103.848,38.124],[-103.974,38.132],[-103.994,38.146],[-104.06,38.146],[-104.052,38.522]]]}},{"type":"Feature","id":"08027","properties":{"n":"Custer","f":"08027"},"geometry":{"type":"Polygon","coordinates":[[[-105.796,38.266],[-105.05,38.258],[-105.05,37.916],[-105.086,37.956],[-105.126,37.952],[-105.146,38.006],[-105.194,38.008],[-105.24,37.962],[-105.272,37.908],[-105.316,37.938],[-105.412,37.89],[-105.474,37.896],[-105.51,37.94],[-105.56,37.952],[-105.602,38.01],[-105.628,38.068],[-105.656,38.092],[-105.674,38.16],[-105.79,38.244],[-105.796,38.266]]]}},{"type":"Feature","id":"48383","properties":{"n":"Reagan","f":"48383"},"geometry":{"type":"Polygon","coordinates":[[[-101.776,31.652],[-101.266,31.652],[-101.266,31.556],[-101.266,31.528],[-101.274,31.078],[-101.776,31.08],[-101.776,31.652]]]}},{"type":"Feature","id":"29179","properties":{"n":"Reynolds","f":"29179"},"geometry":{"type":"Polygon","coordinates":[[[-91.156,37.588],[-91.102,37.588],[-90.988,37.604],[-90.768,37.602],[-90.772,37.374],[-90.75,37.372],[-90.754,37.27],[-90.736,37.272],[-90.736,37.166],[-90.778,37.138],[-90.778,37.05],[-90.966,37.054],[-90.962,37.098],[-91.02,37.096],[-91.016,37.144],[-91.034,37.17],[-91.07,37.162],[-91.088,37.204],[-91.128,37.2],[-91.124,37.254],[-91.16,37.254],[-91.16,37.314],[-91.178,37.312],[-91.174,37.414],[-91.214,37.416],[-91.21,37.502],[-91.314,37.504],[-91.314,37.594],[-91.156,37.588]]]}},{"type":"Feature","id":"48389","properties":{"n":"Reeves","f":"48389"},"geometry":{"type":"Polygon","coordinates":[[[-104.024,32],[-103.98,32],[-103.952,31.988],[-103.888,31.87],[-103.83,31.888],[-103.798,31.77],[-103.726,31.74],[-103.694,31.748],[-103.66,31.71],[-103.626,31.706],[-103.632,31.674],[-103.61,31.652],[-103.574,31.634],[-103.532,31.642],[-103.51,31.626],[-103.514,31.582],[-103.496,31.55],[-103.502,31.506],[-103.488,31.46],[-103.46,31.428],[-103.396,31.432],[-103.33,31.412],[-103.262,31.428],[-103.244,31.39],[-103.18,31.37],[-103.068,31.366],[-103.058,31.386],[-103.012,31.372],[-103.374,30.988],[-103.586,30.766],[-104.102,31.106],[-104.024,32]]]}},{"type":"Feature","id":"08041","properties":{"n":"El Paso","f":"08041"},"geometry":{"type":"Polygon","coordinates":[[[-105.032,39.13],[-104.662,39.13],[-104.052,39.128],[-104.056,38.868],[-104.052,38.522],[-104.566,38.52],[-104.942,38.52],[-104.942,38.65],[-104.938,38.796],[-105.072,38.8],[-105.068,38.87],[-105.028,38.868],[-105.032,39.13]]]}},{"type":"Feature","id":"39167","properties":{"n":"Washington","f":"39167"},"geometry":{"type":"Polygon","coordinates":[[[-81.846,39.45],[-81.824,39.494],[-81.708,39.48],[-81.706,39.532],[-81.724,39.532],[-81.716,39.584],[-81.586,39.588],[-81.472,39.584],[-81.472,39.646],[-81.414,39.63],[-81.396,39.602],[-81.286,39.592],[-81.282,39.606],[-81.246,39.58],[-81.038,39.572],[-81.038,39.54],[-81.102,39.488],[-81.12,39.458],[-81.17,39.44],[-81.21,39.392],[-81.27,39.386],[-81.372,39.342],[-81.436,39.408],[-81.468,39.404],[-81.558,39.338],[-81.568,39.268],[-81.68,39.274],[-81.69,39.226],[-81.726,39.216],[-81.724,39.27],[-81.82,39.272],[-81.816,39.302],[-81.852,39.318],[-81.846,39.45]]]}},{"type":"Feature","id":"51045","properties":{"n":"Craig","f":"51045"},"geometry":{"type":"Polygon","coordinates":[[[-80.22,37.628],[-80.144,37.596],[-80.032,37.66],[-80.022,37.648],[-80.028,37.624],[-79.968,37.544],[-80.012,37.51],[-80.046,37.442],[-80.076,37.422],[-80.148,37.382],[-80.202,37.378],[-80.262,37.342],[-80.324,37.37],[-80.43,37.316],[-80.474,37.424],[-80.298,37.508],[-80.284,37.534],[-80.33,37.536],[-80.326,37.564],[-80.262,37.594],[-80.22,37.628]]]}},{"type":"Feature","id":"01127","properties":{"n":"Walker","f":"01127"},"geometry":{"type":"Polygon","coordinates":[[[-87.634,34.002],[-87.498,33.996],[-87.15,33.992],[-87.11,33.96],[-87.082,33.906],[-87.092,33.89],[-87.006,33.888],[-87.006,33.866],[-86.964,33.858],[-86.952,33.816],[-86.97,33.786],[-87.024,33.772],[-87.038,33.688],[-87.056,33.656],[-87.092,33.658],[-87.092,33.628],[-87.178,33.614],[-87.204,33.578],[-87.186,33.556],[-87.268,33.512],[-87.318,33.514],[-87.318,33.588],[-87.422,33.602],[-87.422,33.688],[-87.528,33.692],[-87.53,33.868],[-87.634,33.872],[-87.634,33.916],[-87.634,34.002]]]}},{"type":"Feature","id":"51069","properties":{"n":"Frederick","f":"51069"},"geometry":{"type":"Polygon","coordinates":[[[-78.508,39.088],[-78.46,39.114],[-78.404,39.168],[-78.438,39.198],[-78.4,39.244],[-78.42,39.258],[-78.338,39.348],[-78.364,39.358],[-78.342,39.388],[-78.36,39.412],[-78.346,39.466],[-78.228,39.392],[-78.034,39.264],[-78.076,39.204],[-78.072,39.178],[-78.152,39.036],[-78.162,39.018],[-78.314,39.008],[-78.346,39.06],[-78.346,39.096],[-78.392,39.102],[-78.45,39.056],[-78.454,39.028],[-78.544,39.056],[-78.508,39.088]],[[-78.188,39.174],[-78.184,39.13],[-78.138,39.184],[-78.188,39.204],[-78.188,39.174]]]}},{"type":"Feature","id":"30095","properties":{"n":"Stillwater","f":"30095"},"geometry":{"type":"Polygon","coordinates":[[[-109.418,46.044],[-109.414,46.132],[-108.922,46.132],[-108.922,45.96],[-108.902,45.96],[-108.904,45.682],[-108.884,45.682],[-108.844,45.61],[-108.934,45.604],[-108.974,45.616],[-109.07,45.584],[-109.128,45.588],[-109.128,45.524],[-109.192,45.524],[-109.192,45.464],[-109.358,45.464],[-109.418,45.45],[-109.44,45.42],[-109.48,45.42],[-109.5,45.392],[-109.586,45.334],[-109.608,45.306],[-109.608,45.262],[-109.688,45.262],[-109.688,45.168],[-109.798,45.168],[-109.798,45.172],[-110.064,45.172],[-110.064,45.348],[-109.932,45.348],[-109.932,45.522],[-109.81,45.522],[-109.81,45.566],[-109.684,45.566],[-109.684,45.61],[-109.562,45.61],[-109.566,45.784],[-109.548,45.784],[-109.548,45.872],[-109.504,45.87],[-109.508,45.958],[-109.422,45.96],[-109.418,46.044]]]}},{"type":"Feature","id":"26047","properties":{"n":"Emmet","f":"26047"},"geometry":{"type":"Polygon","coordinates":[[[-84.73,45.788],[-84.73,45.29],[-84.964,45.292],[-85,45.272],[-85.046,45.336],[-85.098,45.336],[-85.098,45.366],[-85.032,45.36],[-84.918,45.394],[-84.922,45.422],[-85.04,45.436],[-85.09,45.476],[-85.118,45.574],[-85.062,45.64],[-85.014,45.652],[-84.942,45.71],[-84.95,45.738],[-85.014,45.76],[-84.8,45.748],[-84.774,45.79],[-84.73,45.788]]]}},{"type":"Feature","id":"37185","properties":{"n":"Warren","f":"37185"},"geometry":{"type":"Polygon","coordinates":[[[-78.324,36.544],[-78.048,36.544],[-77.9,36.544],[-77.9,36.504],[-77.912,36.382],[-77.944,36.298],[-78.008,36.202],[-78.044,36.216],[-78.102,36.21],[-78.134,36.246],[-78.174,36.256],[-78.306,36.266],[-78.278,36.306],[-78.324,36.544]]]}},{"type":"Feature","id":"26115","properties":{"n":"Monroe","f":"26115"},"geometry":{"type":"Polygon","coordinates":[[[-83.772,42.082],[-83.54,42.086],[-83.302,42.094],[-83.188,42.03],[-83.192,42.006],[-83.248,41.972],[-83.27,41.94],[-83.316,41.936],[-83.342,41.88],[-83.382,41.87],[-83.442,41.808],[-83.424,41.74],[-83.454,41.734],[-83.762,41.724],[-83.772,42.082]]]}},{"type":"Feature","id":"30047","properties":{"n":"Lake","f":"30047"},"geometry":{"type":"Polygon","coordinates":[[[-114.604,47.79],[-114.48,47.79],[-114.48,47.876],[-114.494,47.876],[-114.494,47.962],[-114.038,47.962],[-114.078,48.024],[-114.03,48.052],[-113.884,48.052],[-113.844,47.978],[-113.804,47.98],[-113.744,47.95],[-113.664,47.884],[-113.676,47.866],[-113.654,47.774],[-113.664,47.746],[-113.604,47.722],[-113.606,47.664],[-113.636,47.6],[-113.948,47.6],[-113.908,47.514],[-113.952,47.476],[-113.904,47.448],[-113.872,47.392],[-113.89,47.354],[-113.872,47.288],[-113.826,47.274],[-113.822,47.182],[-113.934,47.182],[-113.934,47.138],[-114.188,47.138],[-114.202,47.182],[-114.202,47.356],[-114.288,47.356],[-114.354,47.39],[-114.324,47.468],[-114.286,47.468],[-114.3,47.496],[-114.382,47.484],[-114.364,47.542],[-114.328,47.558],[-114.35,47.602],[-114.584,47.602],[-114.584,47.746],[-114.604,47.79]]]}},{"type":"Feature","id":"30063","properties":{"n":"Missoula","f":"30063"},"geometry":{"type":"Polygon","coordinates":[[[-114.798,47.268],[-114.708,47.256],[-114.688,47.274],[-114.566,47.254],[-114.454,47.208],[-114.426,47.21],[-114.346,47.176],[-114.356,47.158],[-114.252,47.122],[-114.188,47.138],[-113.934,47.138],[-113.934,47.182],[-113.822,47.182],[-113.826,47.274],[-113.872,47.288],[-113.89,47.354],[-113.872,47.392],[-113.904,47.448],[-113.952,47.476],[-113.908,47.514],[-113.948,47.6],[-113.636,47.6],[-113.466,47.6],[-113.466,47.18],[-113.302,47.18],[-113.302,46.832],[-113.416,46.832],[-113.416,46.802],[-113.482,46.802],[-113.482,46.744],[-113.546,46.744],[-113.552,46.716],[-113.668,46.716],[-113.668,46.658],[-113.83,46.66],[-114.332,46.66],[-114.36,46.67],[-114.454,46.65],[-114.468,46.632],[-114.548,46.644],[-114.594,46.634],[-114.644,46.674],[-114.622,46.706],[-114.676,46.738],[-114.676,46.748],[-114.55,46.748],[-114.548,46.834],[-114.566,46.834],[-114.566,46.962],[-114.526,47.01],[-114.45,46.994],[-114.418,47.024],[-114.482,47.024],[-114.482,47.068],[-114.566,47.068],[-114.586,47.124],[-114.63,47.124],[-114.652,47.168],[-114.712,47.182],[-114.712,47.226],[-114.776,47.226],[-114.798,47.268]]]}},{"type":"Feature","id":"08047","properties":{"n":"Gilpin","f":"08047"},"geometry":{"type":"Polygon","coordinates":[[[-105.674,39.932],[-105.398,39.934],[-105.398,39.912],[-105.398,39.746],[-105.498,39.758],[-105.632,39.844],[-105.688,39.852],[-105.7,39.892],[-105.674,39.932]]]}},{"type":"Feature","id":"08055","properties":{"n":"Huerfano","f":"08055"},"geometry":{"type":"Polygon","coordinates":[[[-105.456,37.752],[-105.456,37.796],[-105.434,37.804],[-105.43,37.852],[-105.474,37.896],[-105.412,37.89],[-105.316,37.938],[-105.272,37.908],[-105.24,37.962],[-105.194,38.008],[-105.146,38.006],[-105.126,37.952],[-105.086,37.956],[-105.05,37.916],[-105.014,37.882],[-104.648,37.9],[-104.35,37.818],[-104.458,37.738],[-104.544,37.616],[-104.558,37.57],[-104.662,37.496],[-104.688,37.496],[-104.694,37.444],[-104.752,37.406],[-104.882,37.388],[-104.932,37.396],[-105,37.37],[-105.11,37.298],[-105.154,37.294],[-105.164,37.29],[-105.164,37.388],[-105.128,37.412],[-105.158,37.458],[-105.176,37.456],[-105.18,37.546],[-105.218,37.582],[-105.186,37.62],[-105.236,37.62],[-105.298,37.658],[-105.37,37.64],[-105.402,37.612],[-105.442,37.612],[-105.484,37.578],[-105.502,37.598],[-105.478,37.666],[-105.478,37.708],[-105.456,37.752]]]}},{"type":"Feature","id":"01129","properties":{"n":"Washington","f":"01129"},"geometry":{"type":"Polygon","coordinates":[[[-88.464,31.698],[-88.086,31.7],[-88.09,31.658],[-88.072,31.594],[-88.018,31.552],[-87.936,31.522],[-87.908,31.492],[-87.912,31.424],[-87.944,31.376],[-87.896,31.382],[-87.908,31.322],[-87.962,31.316],[-87.954,31.268],[-87.986,31.26],[-87.944,31.244],[-87.946,31.194],[-87.94,31.164],[-87.972,31.162],[-87.99,31.174],[-88.026,31.144],[-88.332,31.144],[-88.332,31.114],[-88.432,31.114],[-88.45,31.436],[-88.464,31.698]]]}},{"type":"Feature","id":"34005","properties":{"n":"Burlington","f":"34005"},"geometry":{"type":"Polygon","coordinates":[[[-74.976,40.05],[-74.86,40.084],[-74.818,40.128],[-74.782,40.12],[-74.724,40.15],[-74.71,40.182],[-74.624,40.142],[-74.588,40.138],[-74.552,40.08],[-74.39,39.774],[-74.39,39.596],[-74.418,39.558],[-74.476,39.552],[-74.53,39.57],[-74.62,39.626],[-74.66,39.63],[-74.66,39.668],[-74.734,39.73],[-74.82,39.788],[-74.904,39.79],[-74.932,39.886],[-74.976,39.938],[-75.014,39.948],[-75.012,39.98],[-75.062,39.992],[-74.976,40.05]]]}},{"type":"Feature","id":"27045","properties":{"n":"Fillmore","f":"27045"},"geometry":{"type":"Polygon","coordinates":[[[-92.448,43.834],[-92.448,43.848],[-92.078,43.848],[-91.73,43.848],[-91.73,43.5],[-92.078,43.5],[-92.448,43.5],[-92.448,43.834]]]}},{"type":"Feature","id":"48439","properties":{"n":"Tarrant","f":"48439"},"geometry":{"type":"Polygon","coordinates":[[[-97.544,32.994],[-97.398,32.992],[-97.032,32.99],[-97.038,32.548],[-97.086,32.55],[-97.552,32.556],[-97.544,32.994]]]}},{"type":"Feature","id":"51550","properties":{"n":"Chesapeake","f":"51550"},"geometry":{"type":"Polygon","coordinates":[[[-76.422,36.866],[-76.382,36.838],[-76.404,36.814],[-76.376,36.786],[-76.292,36.798],[-76.288,36.822],[-76.224,36.84],[-76.202,36.77],[-76.142,36.758],[-76.08,36.712],[-76.07,36.678],[-76.12,36.666],[-76.124,36.55],[-76.314,36.55],[-76.49,36.55],[-76.458,36.816],[-76.422,36.866]]]}},{"type":"Feature","id":"26155","properties":{"n":"Shiawassee","f":"26155"},"geometry":{"type":"Polygon","coordinates":[[[-84.368,43.128],[-83.93,43.132],[-83.924,42.782],[-84.156,42.776],[-84.364,42.776],[-84.368,43.118],[-84.368,43.128]]]}},{"type":"Feature","id":"26157","properties":{"n":"Tuscola","f":"26157"},"geometry":{"type":"Polygon","coordinates":[[[-83.7,43.602],[-83.646,43.604],[-83.546,43.708],[-83.496,43.708],[-83.474,43.732],[-83.468,43.668],[-83.12,43.676],[-83.106,43.328],[-83.12,43.328],[-83.352,43.322],[-83.352,43.236],[-83.46,43.232],[-83.46,43.224],[-83.698,43.222],[-83.694,43.326],[-83.698,43.478],[-83.7,43.602]]]}},{"type":"Feature","id":"55035","properties":{"n":"Eau Claire","f":"55035"},"geometry":{"type":"Polygon","coordinates":[[[-91.652,44.856],[-90.922,44.858],[-90.922,44.596],[-91.166,44.598],[-91.53,44.596],[-91.652,44.596],[-91.652,44.684],[-91.652,44.856]]]}},{"type":"Feature","id":"32005","properties":{"n":"Douglas","f":"32005"},"geometry":{"type":"Polygon","coordinates":[[[-120.002,39.112],[-119.762,39.114],[-119.752,39.084],[-119.55,39.086],[-119.31,39.084],[-119.31,38.99],[-119.4,38.984],[-119.422,38.954],[-119.422,38.824],[-119.404,38.808],[-119.408,38.734],[-119.35,38.728],[-119.346,38.648],[-119.328,38.648],[-119.328,38.534],[-119.586,38.714],[-119.906,38.934],[-120,39],[-120.002,39.068],[-120.002,39.112]]]}},{"type":"Feature","id":"21111","properties":{"n":"Jefferson","f":"21111"},"geometry":{"type":"Polygon","coordinates":[[[-85.902,38.18],[-85.85,38.222],[-85.83,38.278],[-85.79,38.288],[-85.744,38.268],[-85.674,38.302],[-85.64,38.38],[-85.466,38.286],[-85.406,38.264],[-85.424,38.148],[-85.428,38.118],[-85.568,38.076],[-85.71,38.088],[-85.884,38.04],[-85.936,37.998],[-85.944,38.008],[-85.922,38.026],[-85.904,38.086],[-85.902,38.18]]]}},{"type":"Feature","id":"48209","properties":{"n":"Hays","f":"48209"},"geometry":{"type":"Polygon","coordinates":[[[-98.172,30.356],[-97.71,30.024],[-97.76,29.988],[-97.792,29.946],[-97.892,29.884],[-97.874,29.858],[-98,29.752],[-98.03,29.848],[-98.298,30.038],[-98.172,30.356]]]}},{"type":"Feature","id":"37131","properties":{"n":"Northampton","f":"37131"},"geometry":{"type":"Polygon","coordinates":[[[-77.9,36.544],[-77.768,36.546],[-77.298,36.544],[-77.164,36.546],[-77.146,36.524],[-77.092,36.518],[-77.072,36.48],[-77.122,36.472],[-77.132,36.434],[-77.208,36.246],[-77.23,36.218],[-77.298,36.208],[-77.29,36.168],[-77.388,36.214],[-77.38,36.25],[-77.408,36.264],[-77.442,36.324],[-77.542,36.302],[-77.57,36.314],[-77.582,36.35],[-77.548,36.374],[-77.556,36.418],[-77.632,36.45],[-77.646,36.48],[-77.774,36.482],[-77.818,36.5],[-77.9,36.504],[-77.9,36.544]]]}},{"type":"Feature","id":"01041","properties":{"n":"Crenshaw","f":"01041"},"geometry":{"type":"Polygon","coordinates":[[[-86.446,31.964],[-86.404,31.964],[-86.408,32.05],[-86.304,32.05],[-86.304,31.964],[-86.192,31.966],[-86.174,31.93],[-86.184,31.832],[-86.198,31.79],[-86.148,31.792],[-86.148,31.664],[-86.182,31.616],[-86.146,31.618],[-86.146,31.538],[-86.196,31.53],[-86.196,31.44],[-86.264,31.442],[-86.278,31.456],[-86.282,31.528],[-86.338,31.488],[-86.364,31.488],[-86.396,31.45],[-86.4,31.528],[-86.5,31.526],[-86.5,31.656],[-86.45,31.656],[-86.446,31.7],[-86.446,31.964]]]}},{"type":"Feature","id":"39113","properties":{"n":"Montgomery","f":"39113"},"geometry":{"type":"Polygon","coordinates":[[[-84.486,39.918],[-84.426,39.92],[-84.156,39.924],[-84.156,39.886],[-84.052,39.88],[-84.052,39.85],[-84.092,39.838],[-84.114,39.626],[-84.114,39.578],[-84.364,39.59],[-84.48,39.592],[-84.486,39.918]]]}},{"type":"Feature","id":"01045","properties":{"n":"Dale","f":"01045"},"geometry":{"type":"Polygon","coordinates":[[[-85.79,31.618],[-85.746,31.618],[-85.416,31.62],[-85.416,31.316],[-85.416,31.286],[-85.484,31.286],[-85.484,31.246],[-85.604,31.272],[-85.664,31.268],[-85.71,31.194],[-85.79,31.196],[-85.79,31.618]]]}},{"type":"Feature","id":"08091","properties":{"n":"Ouray","f":"08091"},"geometry":{"type":"Polygon","coordinates":[[[-107.634,38.302],[-107.588,38.25],[-107.562,38.158],[-107.57,38.148],[-107.566,38.1],[-107.512,38.06],[-107.548,37.998],[-107.592,37.992],[-107.57,37.966],[-107.642,37.966],[-107.638,37.92],[-107.696,37.892],[-107.738,37.906],[-107.732,37.93],[-107.796,37.988],[-107.85,37.992],[-107.9,38.026],[-107.892,38.116],[-107.95,38.116],[-107.964,38.152],[-107.946,38.152],[-107.94,38.218],[-108.012,38.256],[-108.086,38.256],[-108.104,38.314],[-108.134,38.332],[-107.634,38.332],[-107.634,38.302]]]}},{"type":"Feature","id":"39005","properties":{"n":"Ashland","f":"39005"},"geometry":{"type":"Polygon","coordinates":[[[-82.336,41.066],[-82.172,41.064],[-82.172,40.992],[-82.128,40.992],[-82.126,40.668],[-82.222,40.668],[-82.218,40.568],[-82.336,40.556],[-82.34,40.728],[-82.38,40.728],[-82.388,40.808],[-82.42,40.824],[-82.42,40.992],[-82.434,40.992],[-82.438,41.066],[-82.336,41.066]]]}},{"type":"Feature","id":"41041","properties":{"n":"Lincoln","f":"41041"},"geometry":{"type":"Polygon","coordinates":[[[-124.006,45.044],[-123.726,45.044],[-123.726,44.738],[-123.704,44.72],[-123.604,44.72],[-123.6,44.434],[-123.722,44.434],[-123.714,44.36],[-123.736,44.346],[-123.818,44.344],[-123.814,44.316],[-123.776,44.316],[-123.776,44.284],[-124.116,44.276],[-124.08,44.442],[-124.084,44.5],[-124.058,44.658],[-124.058,44.738],[-124.076,44.772],[-124.048,44.85],[-124.006,45.044]]]}},{"type":"Feature","id":"26063","properties":{"n":"Huron","f":"26063"},"geometry":{"type":"Polygon","coordinates":[[[-82.606,43.69],[-83.12,43.676],[-83.468,43.668],[-83.474,43.732],[-83.496,43.772],[-83.464,43.81],[-83.432,43.884],[-83.418,43.842],[-83.35,43.868],[-83.332,43.894],[-83.406,43.92],[-83.32,43.918],[-83.28,43.938],[-83.262,43.974],[-83.18,43.982],[-83.058,44.006],[-83.026,44.044],[-82.914,44.07],[-82.876,44.044],[-82.792,44.024],[-82.738,43.99],[-82.678,43.884],[-82.642,43.852],[-82.616,43.77],[-82.606,43.69]]]}},{"type":"Feature","id":"29227","properties":{"n":"Worth","f":"29227"},"geometry":{"type":"Polygon","coordinates":[[[-94.634,40.572],[-94.472,40.57],[-94.232,40.572],[-94.232,40.47],[-94.214,40.47],[-94.214,40.384],[-94.598,40.386],[-94.608,40.386],[-94.608,40.472],[-94.63,40.472],[-94.634,40.572]]]}},{"type":"Feature","id":"29175","properties":{"n":"Randolph","f":"29175"},"geometry":{"type":"Polygon","coordinates":[[[-92.692,39.61],[-92.3,39.606],[-92.312,39.348],[-92.316,39.246],[-92.43,39.248],[-92.706,39.322],[-92.696,39.608],[-92.692,39.61]]]}},{"type":"Feature","id":"12087","properties":{"n":"Monroe","f":"12087"},"geometry":{"type":"MultiPolygon","coordinates":[[[[-80.496,25.2],[-80.496,25.228],[-80.42,25.236],[-80.396,25.254],[-80.378,25.306],[-80.338,25.29],[-80.292,25.318],[-80.27,25.352],[-80.252,25.342],[-80.326,25.224],[-80.36,25.154],[-80.448,25.074],[-80.57,24.954],[-80.658,24.898],[-80.668,24.908],[-80.546,25.012],[-80.496,25.046],[-80.47,25.092],[-80.46,25.162],[-80.442,25.19],[-80.464,25.21],[-80.496,25.2]]],[[[-80.75,24.858],[-80.7,24.91],[-80.682,24.88],[-80.732,24.844],[-80.75,24.858]]],[[[-80.85,24.804],[-80.818,24.838],[-80.78,24.84],[-80.798,24.812],[-80.85,24.804]]],[[[-81.124,24.708],[-80.938,24.784],[-80.916,24.758],[-81.078,24.69],[-81.124,24.708]]],[[[-81.468,25.804],[-80.872,25.806],[-80.872,25.364],[-80.862,25.364],[-80.858,25.176],[-80.902,25.162],[-80.902,25.14],[-80.998,25.124],[-81.08,25.118],[-81.142,25.164],[-81.17,25.222],[-81.164,25.29],[-81.142,25.342],[-81.12,25.338],[-81.128,25.38],[-81.17,25.464],[-81.21,25.504],[-81.202,25.534],[-81.232,25.588],[-81.27,25.614],[-81.288,25.688],[-81.31,25.702],[-81.35,25.69],[-81.382,25.776],[-81.468,25.804]]],[[[-81.812,24.57],[-81.744,24.66],[-81.672,24.7],[-81.584,24.736],[-81.572,24.756],[-81.444,24.814],[-81.306,24.756],[-81.292,24.71],[-81.242,24.674],[-81.256,24.664],[-81.4,24.624],[-81.41,24.646],[-81.508,24.642],[-81.518,24.622],[-81.684,24.558],[-81.812,24.546],[-81.812,24.57]]],[[[-82.014,24.544],[-81.874,24.564],[-81.91,24.526],[-81.97,24.514],[-82.018,24.522],[-82.014,24.544]]],[[[-82.164,24.564],[-82.144,24.594],[-82.1,24.584],[-82.118,24.55],[-82.164,24.564]]],[[[-82.932,24.632],[-82.878,24.644],[-82.864,24.624],[-82.936,24.616],[-82.932,24.632]]]]}},{"type":"Feature","id":"13033","properties":{"n":"Burke","f":"13033"},"geometry":{"type":"Polygon","coordinates":[[[-82.316,32.836],[-82.272,32.938],[-82.29,33.062],[-82.266,33.154],[-82.232,33.23],[-82.268,33.268],[-82.176,33.298],[-82.1,33.232],[-82.06,33.242],[-81.978,33.228],[-81.934,33.254],[-81.884,33.262],[-81.852,33.248],[-81.806,33.212],[-81.78,33.222],[-81.756,33.198],[-81.774,33.18],[-81.744,33.142],[-81.648,33.094],[-81.616,33.094],[-81.544,33.046],[-81.766,32.91],[-81.784,32.928],[-81.856,32.954],[-81.956,32.924],[-82.082,32.916],[-82.126,32.884],[-82.146,32.812],[-82.214,32.804],[-82.316,32.836]]]}},{"type":"Feature","id":"01081","properties":{"n":"Lee","f":"01081"},"geometry":{"type":"Polygon","coordinates":[[[-85.592,32.728],[-85.294,32.73],[-85.284,32.746],[-85.13,32.752],[-85.104,32.646],[-85.082,32.608],[-85.022,32.542],[-85.004,32.51],[-85.062,32.508],[-85.058,32.474],[-85.334,32.468],[-85.33,32.41],[-85.434,32.41],[-85.438,32.498],[-85.488,32.498],[-85.66,32.568],[-85.696,32.596],[-85.696,32.698],[-85.678,32.712],[-85.61,32.714],[-85.592,32.728]]]}},{"type":"Feature","id":"48409","properties":{"n":"San Patricio","f":"48409"},"geometry":{"type":"Polygon","coordinates":[[[-97.818,28.178],[-97.57,28.13],[-97.542,28.166],[-97.52,28.152],[-97.484,28.168],[-97.426,28.118],[-97.344,28.12],[-97.318,28.138],[-97.262,28.076],[-97.136,27.902],[-97.186,27.83],[-97.228,27.83],[-97.25,27.876],[-97.326,27.868],[-97.34,27.884],[-97.456,27.874],[-97.494,27.884],[-97.506,27.844],[-97.588,27.856],[-97.63,27.894],[-97.638,27.866],[-97.674,27.882],[-97.692,27.918],[-97.724,27.916],[-97.782,27.948],[-97.806,27.934],[-97.818,27.97],[-97.8,27.996],[-97.804,28.038],[-97.84,28.034],[-97.882,28.056],[-97.9,28.068],[-97.904,28.114],[-97.818,28.178]]]}},{"type":"Feature","id":"29147","properties":{"n":"Nodaway","f":"29147"},"geometry":{"type":"Polygon","coordinates":[[[-95.2,40.578],[-94.914,40.576],[-94.634,40.572],[-94.63,40.472],[-94.608,40.472],[-94.608,40.386],[-94.598,40.386],[-94.606,40.126],[-95.044,40.13],[-95.064,40.15],[-95.072,40.26],[-95.18,40.262],[-95.18,40.478],[-95.2,40.478],[-95.2,40.578]]]}},{"type":"Feature","id":"08017","properties":{"n":"Cheyenne","f":"08017"},"geometry":{"type":"Polygon","coordinates":[[[-103.162,39.038],[-102.716,39.04],[-102.046,39.046],[-102.046,38.698],[-102.046,38.616],[-103.062,38.614],[-103.172,38.612],[-103.166,38.69],[-103.162,39.038]]]}},{"type":"Feature","id":"53009","properties":{"n":"Clallam","f":"53009"},"geometry":{"type":"Polygon","coordinates":[[[-122.928,48.066],[-122.95,48.066],[-122.95,47.866],[-123.506,47.866],[-123.506,47.882],[-124.612,47.88],[-124.67,47.982],[-124.698,48.07],[-124.694,48.114],[-124.734,48.164],[-124.69,48.212],[-124.658,48.332],[-124.726,48.37],[-124.716,48.39],[-124.654,48.39],[-124.512,48.344],[-124.396,48.288],[-124.36,48.288],[-124.27,48.254],[-124.25,48.264],[-124.102,48.218],[-124.106,48.2],[-123.98,48.164],[-123.778,48.156],[-123.704,48.166],[-123.592,48.134],[-123.56,48.152],[-123.524,48.136],[-123.438,48.142],[-123.394,48.114],[-123.248,48.116],[-123.132,48.176],[-123.144,48.156],[-123.064,48.12],[-123.04,48.082],[-122.978,48.096],[-122.918,48.092],[-122.928,48.066]]]}},{"type":"Feature","id":"53027","properties":{"n":"Grays Harbor","f":"53027"},"geometry":{"type":"Polygon","coordinates":[[[-124.354,47.534],[-124.048,47.534],[-124.048,47.518],[-123.506,47.518],[-123.506,47.258],[-123.492,47.258],[-123.488,47.082],[-123.202,47.084],[-123.204,46.998],[-123.158,46.996],[-123.162,46.794],[-123.37,46.792],[-123.84,46.792],[-124.098,46.794],[-124.138,46.906],[-124.11,46.912],[-124.088,46.868],[-124.048,46.894],[-123.862,46.948],[-123.898,46.972],[-124.02,46.992],[-124.026,47.03],[-124.124,47.042],[-124.152,47.022],[-124.124,46.944],[-124.18,46.926],[-124.17,46.958],[-124.184,47.136],[-124.234,47.286],[-124.32,47.356],[-124.354,47.534]]]}},{"type":"Feature","id":"12109","properties":{"n":"St. Johns","f":"12109"},"geometry":{"type":"Polygon","coordinates":[[[-81.68,30.122],[-81.622,30.134],[-81.54,30.12],[-81.54,30.104],[-81.432,30.106],[-81.436,30.252],[-81.378,30.252],[-81.31,29.97],[-81.264,29.858],[-81.264,29.814],[-81.214,29.67],[-81.268,29.664],[-81.324,29.626],[-81.522,29.622],[-81.526,29.76],[-81.566,29.804],[-81.58,29.84],[-81.608,29.916],[-81.604,29.962],[-81.684,30.016],[-81.69,30.042],[-81.68,30.122]]]}},{"type":"Feature","id":"53031","properties":{"n":"Jefferson","f":"53031"},"geometry":{"type":"Polygon","coordinates":[[[-124.612,47.88],[-123.506,47.882],[-123.506,47.866],[-122.95,47.866],[-122.95,48.066],[-122.928,48.066],[-122.878,48.048],[-122.874,47.996],[-122.838,48.002],[-122.828,48.048],[-122.878,48.076],[-122.878,48.11],[-122.834,48.134],[-122.76,48.144],[-122.748,48.116],[-122.802,48.088],[-122.766,48.044],[-122.742,48.05],[-122.734,48.09],[-122.698,48.102],[-122.67,48.018],[-122.724,48.008],[-122.684,47.972],[-122.656,47.906],[-122.608,47.888],[-122.638,47.866],[-122.694,47.868],[-122.688,47.832],[-122.748,47.8],[-122.782,47.704],[-122.832,47.696],[-122.792,47.792],[-122.814,47.808],[-122.882,47.72],[-122.896,47.676],[-122.978,47.606],[-123.366,47.608],[-123.506,47.604],[-123.506,47.518],[-124.048,47.518],[-124.048,47.534],[-124.354,47.534],[-124.372,47.6],[-124.424,47.738],[-124.476,47.77],[-124.49,47.816],[-124.54,47.836],[-124.558,47.864],[-124.612,47.88]]]}},{"type":"Feature","id":"51053","properties":{"n":"Dinwiddie","f":"51053"},"geometry":{"type":"Polygon","coordinates":[[[-77.796,37.192],[-77.746,37.192],[-77.65,37.266],[-77.614,37.272],[-77.56,37.226],[-77.52,37.216],[-77.448,37.222],[-77.456,37.188],[-77.398,37.17],[-77.398,36.992],[-77.62,36.878],[-77.656,36.894],[-77.714,36.914],[-77.764,36.974],[-77.84,36.996],[-77.89,36.988],[-77.9,37.144],[-77.796,37.192]]]}},{"type":"Feature","id":"08081","properties":{"n":"Moffat","f":"08081"},"geometry":{"type":"Polygon","coordinates":[[[-109.048,40.662],[-109.048,41],[-108.18,41],[-107.918,41.002],[-107.318,41.002],[-107.314,40.6],[-107.372,40.6],[-107.372,40.542],[-107.43,40.542],[-107.434,40.334],[-107.444,40.334],[-107.44,40.224],[-108.624,40.222],[-109.052,40.222],[-109.052,40.5],[-109.048,40.662]]]}},{"type":"Feature","id":"39081","properties":{"n":"Jefferson","f":"39081"},"geometry":{"type":"Polygon","coordinates":[[[-80.862,40.6],[-80.746,40.598],[-80.746,40.584],[-80.668,40.582],[-80.628,40.536],[-80.596,40.464],[-80.628,40.394],[-80.606,40.37],[-80.6,40.32],[-80.618,40.264],[-80.654,40.246],[-80.682,40.186],[-80.704,40.158],[-80.884,40.16],[-80.866,40.422],[-80.94,40.424],[-80.926,40.468],[-80.92,40.556],[-80.866,40.556],[-80.862,40.6]]]}},{"type":"Feature","id":"36021","properties":{"n":"Columbia","f":"36021"},"geometry":{"type":"Polygon","coordinates":[[[-73.91,42.128],[-73.892,42.168],[-73.856,42.192],[-73.848,42.23],[-73.802,42.254],[-73.784,42.288],[-73.794,42.374],[-73.776,42.43],[-73.784,42.464],[-73.352,42.51],[-73.508,42.086],[-73.496,42.05],[-73.522,42.05],[-73.528,41.978],[-73.712,42.006],[-73.91,42.08],[-73.93,42.078],[-73.91,42.128]]]}},{"type":"Feature","id":"13291","properties":{"n":"Union","f":"13291"},"geometry":{"type":"Polygon","coordinates":[[[-84.128,34.988],[-84.006,34.988],[-83.938,34.988],[-83.944,34.97],[-83.916,34.926],[-83.852,34.9],[-83.82,34.914],[-83.812,34.872],[-83.78,34.818],[-83.78,34.792],[-83.826,34.778],[-83.83,34.73],[-83.856,34.722],[-83.938,34.742],[-83.984,34.716],[-83.996,34.678],[-84.038,34.642],[-84.124,34.664],[-84.156,34.648],[-84.102,34.728],[-84.092,34.802],[-84.138,34.808],[-84.142,34.854],[-84.106,34.888],[-84.178,34.952],[-84.128,34.988]]]}},{"type":"Feature","id":"39001","properties":{"n":"Adams","f":"39001"},"geometry":{"type":"Polygon","coordinates":[[[-83.704,38.64],[-83.704,38.68],[-83.672,39.02],[-83.612,39.02],[-83.384,39.056],[-83.314,39.052],[-83.27,39.016],[-83.266,38.618],[-83.31,38.6],[-83.328,38.638],[-83.368,38.658],[-83.468,38.676],[-83.522,38.704],[-83.614,38.684],[-83.646,38.636],[-83.704,38.64]]]}},{"type":"Feature","id":"34009","properties":{"n":"Cape May","f":"34009"},"geometry":{"type":"Polygon","coordinates":[[[-74.914,39.178],[-74.922,39.224],[-74.896,39.234],[-74.882,39.308],[-74.86,39.324],[-74.698,39.29],[-74.616,39.294],[-74.588,39.31],[-74.54,39.3],[-74.638,39.222],[-74.714,39.12],[-74.792,38.992],[-74.864,38.94],[-74.932,38.928],[-74.972,38.94],[-74.95,39.016],[-74.896,39.1],[-74.886,39.158],[-74.914,39.178]]]}},{"type":"Feature","id":"32003","properties":{"n":"Clark","f":"32003"},"geometry":{"type":"Polygon","coordinates":[[[-115.896,36.842],[-115.742,36.842],[-115.742,36.852],[-114.762,36.854],[-114.762,36.844],[-114.052,36.844],[-114.052,36.626],[-114.044,36.392],[-114.048,36.194],[-114.066,36.18],[-114.152,36.024],[-114.238,36.014],[-114.314,36.058],[-114.306,36.082],[-114.372,36.144],[-114.418,36.146],[-114.504,36.13],[-114.512,36.15],[-114.572,36.152],[-114.616,36.13],[-114.634,36.142],[-114.666,36.118],[-114.756,36.09],[-114.73,36.022],[-114.744,35.986],[-114.702,35.902],[-114.666,35.876],[-114.698,35.854],[-114.712,35.806],[-114.694,35.756],[-114.706,35.712],[-114.68,35.686],[-114.69,35.652],[-114.658,35.62],[-114.658,35.53],[-114.68,35.5],[-114.666,35.45],[-114.626,35.41],[-114.604,35.354],[-114.572,35.2],[-114.572,35.138],[-114.648,35.102],[-114.612,35.084],[-114.634,35.002],[-115.16,35.424],[-115.412,35.626],[-115.65,35.81],[-115.846,35.964],[-115.846,36.17],[-115.896,36.172],[-115.896,36.842]]]}},{"type":"Feature","id":"20103","properties":{"n":"Leavenworth","f":"20103"},"geometry":{"type":"Polygon","coordinates":[[[-95.18,39.42],[-94.968,39.418],[-94.924,39.384],[-94.878,39.376],[-94.91,39.354],[-94.888,39.286],[-94.824,39.242],[-94.834,39.218],[-94.774,39.2],[-94.9,39.204],[-94.91,38.992],[-94.95,38.984],[-95.022,39],[-95.058,38.982],[-95.076,38.964],[-95.166,38.982],[-95.186,38.964],[-95.186,39.044],[-95.18,39.13],[-95.18,39.42]]]}},{"type":"Feature","id":"51145","properties":{"n":"Powhatan","f":"51145"},"geometry":{"type":"Polygon","coordinates":[[[-78.134,37.454],[-78.088,37.628],[-78.072,37.658],[-77.984,37.624],[-77.944,37.644],[-77.948,37.678],[-77.912,37.69],[-77.832,37.634],[-77.822,37.608],[-77.76,37.612],[-77.656,37.564],[-77.796,37.46],[-77.808,37.426],[-77.854,37.418],[-77.864,37.456],[-77.9,37.476],[-78.016,37.492],[-78.016,37.472],[-78.066,37.452],[-78.134,37.454]]]}},{"type":"Feature","id":"53043","properties":{"n":"Lincoln","f":"53043"},"geometry":{"type":"Polygon","coordinates":[[[-118.972,47.944],[-118.85,47.958],[-118.812,47.92],[-118.728,47.9],[-118.69,47.942],[-118.654,47.926],[-118.57,47.932],[-118.534,47.914],[-118.546,47.884],[-118.466,47.882],[-118.446,47.846],[-118.392,47.83],[-118.356,47.842],[-118.342,47.894],[-118.248,47.944],[-118.212,47.946],[-118.144,47.884],[-118.118,47.832],[-118.046,47.792],[-117.99,47.834],[-117.936,47.822],[-117.882,47.848],[-117.82,47.826],[-117.824,47.26],[-117.96,47.26],[-118.98,47.262],[-118.972,47.944]]]}},{"type":"Feature","id":"53045","properties":{"n":"Mason","f":"53045"},"geometry":{"type":"Polygon","coordinates":[[[-122.978,47.606],[-123.108,47.458],[-123.154,47.356],[-123.112,47.362],[-123.028,47.352],[-122.986,47.374],[-122.91,47.39],[-122.9,47.422],[-123.058,47.368],[-123.118,47.392],[-123.018,47.52],[-122.802,47.52],[-122.802,47.404],[-122.802,47.354],[-122.864,47.27],[-122.838,47.208],[-122.86,47.168],[-122.904,47.158],[-122.936,47.19],[-123.004,47.152],[-123.014,47.124],[-123.076,47.106],[-123.076,47.084],[-123.202,47.084],[-123.488,47.082],[-123.492,47.258],[-123.506,47.258],[-123.506,47.518],[-123.506,47.604],[-123.366,47.608],[-122.978,47.606]]]}},{"type":"Feature","id":"53055","properties":{"n":"San Juan","f":"53055"},"geometry":{"type":"MultiPolygon","coordinates":[[[[-122.978,48.794],[-122.938,48.79],[-122.816,48.744],[-122.846,48.738],[-122.924,48.754],[-122.978,48.794]]],[[[-123.072,48.7],[-123.01,48.722],[-123.004,48.694],[-123.072,48.7]]],[[[-123.204,48.596],[-123.18,48.622],[-123.108,48.622],[-123.1,48.598],[-123.046,48.57],[-122.986,48.562],[-123.05,48.62],[-122.918,48.714],[-122.874,48.712],[-122.742,48.662],[-122.81,48.62],[-122.77,48.562],[-122.778,48.51],[-122.816,48.488],[-122.802,48.428],[-122.874,48.418],[-122.928,48.462],[-122.96,48.45],[-123.04,48.46],[-123.15,48.514],[-123.172,48.578],[-123.204,48.596]]],[[[-123.236,48.688],[-123.172,48.68],[-123.108,48.634],[-123.216,48.67],[-123.236,48.688]]]]}},{"type":"Feature","id":"08097","properties":{"n":"Pitkin","f":"08097"},"geometry":{"type":"Polygon","coordinates":[[[-107.43,39.366],[-107.114,39.366],[-106.428,39.362],[-106.432,39.316],[-106.486,39.312],[-106.482,39.272],[-106.508,39.168],[-106.562,39.156],[-106.558,39.12],[-106.586,39.088],[-106.578,39.058],[-106.6,38.998],[-106.654,39.044],[-106.694,39.056],[-106.748,39.042],[-106.802,38.978],[-106.848,38.986],[-106.862,39.01],[-106.906,38.992],[-107.002,39.042],[-106.996,39.07],[-107.068,39.118],[-107.282,39.118],[-107.296,39.154],[-107.354,39.174],[-107.376,39.198],[-107.372,39.24],[-107.394,39.256],[-107.38,39.27],[-107.466,39.314],[-107.43,39.366]]]}},{"type":"Feature","id":"19101","properties":{"n":"Jefferson","f":"19101"},"geometry":{"type":"Polygon","coordinates":[[[-92.178,41.162],[-91.946,41.164],[-91.716,41.162],[-91.72,40.902],[-92.178,40.9],[-92.178,41.162]]]}},{"type":"Feature","id":"08099","properties":{"n":"Prowers","f":"08099"},"geometry":{"type":"Polygon","coordinates":[[[-102.742,38.266],[-102.046,38.268],[-102.046,38.262],[-102.042,37.738],[-102.042,37.644],[-102.75,37.644],[-102.75,37.824],[-102.742,37.824],[-102.742,38.266]]]}},{"type":"Feature","id":"12097","properties":{"n":"Osceola","f":"12097"},"geometry":{"type":"Polygon","coordinates":[[[-81.658,28.348],[-80.862,28.348],[-80.862,28.092],[-80.868,28.084],[-80.868,27.822],[-80.884,27.822],[-80.872,27.642],[-81.142,27.644],[-81.146,27.71],[-81.21,27.822],[-81.232,27.842],[-81.304,27.862],[-81.31,27.922],[-81.374,27.978],[-81.386,28.004],[-81.414,27.998],[-81.462,28.052],[-81.392,28.028],[-81.382,28.012],[-81.368,28.062],[-81.346,28.084],[-81.458,28.086],[-81.458,28.144],[-81.526,28.142],[-81.526,28.202],[-81.558,28.26],[-81.658,28.26],[-81.658,28.348]]]}},{"type":"Feature","id":"27171","properties":{"n":"Wright","f":"27171"},"geometry":{"type":"Polygon","coordinates":[[[-94.26,45.284],[-94.256,45.306],[-94.188,45.318],[-94.164,45.302],[-94.082,45.366],[-94.048,45.422],[-93.96,45.378],[-93.92,45.384],[-93.87,45.34],[-93.83,45.336],[-93.758,45.294],[-93.578,45.292],[-93.522,45.246],[-93.572,45.218],[-93.64,45.21],[-93.64,45.166],[-93.7,45.136],[-93.736,45.082],[-93.762,45.082],[-93.768,44.978],[-94.012,44.978],[-94.256,44.98],[-94.26,45.284]]]}},{"type":"Feature","id":"13293","properties":{"n":"Upson","f":"13293"},"geometry":{"type":"Polygon","coordinates":[[[-84.526,32.97],[-84.49,32.994],[-84.272,32.992],[-84.12,32.99],[-84.124,32.932],[-84.124,32.85],[-84.124,32.8],[-84.15,32.802],[-84.204,32.69],[-84.236,32.738],[-84.258,32.722],[-84.286,32.748],[-84.39,32.786],[-84.422,32.838],[-84.458,32.83],[-84.508,32.882],[-84.526,32.914],[-84.526,32.97]]]}},{"type":"Feature","id":"31049","properties":{"n":"Deuel","f":"31049"},"geometry":{"type":"Polygon","coordinates":[[[-102.61,41.222],[-102.056,41.222],[-102.052,41.004],[-102.052,41.002],[-102.62,41.002],[-102.61,41.048],[-102.61,41.222]]]}},{"type":"Feature","id":"48359","properties":{"n":"Oldham","f":"48359"},"geometry":{"type":"Polygon","coordinates":[[[-103.04,35.622],[-102.164,35.628],[-102.164,35.62],[-102.168,35.184],[-103.044,35.184],[-103.04,35.622]]]}},{"type":"Feature","id":"13297","properties":{"n":"Walton","f":"13297"},"geometry":{"type":"Polygon","coordinates":[[[-83.98,33.786],[-83.798,33.93],[-83.762,33.894],[-83.676,33.918],[-83.646,33.906],[-83.63,33.888],[-83.582,33.884],[-83.576,33.848],[-83.508,33.818],[-83.68,33.596],[-83.734,33.646],[-83.758,33.646],[-83.916,33.744],[-83.98,33.786]]]}},{"type":"Feature","id":"13303","properties":{"n":"Washington","f":"13303"},"geometry":{"type":"Polygon","coordinates":[[[-83.052,33.08],[-83.008,33.08],[-82.968,33.108],[-82.9,33.128],[-82.854,33.196],[-82.778,33.238],[-82.75,33.238],[-82.732,33.208],[-82.738,33.176],[-82.664,33.126],[-82.598,33.032],[-82.548,33.02],[-82.538,32.948],[-82.51,32.918],[-82.528,32.834],[-82.52,32.822],[-82.56,32.82],[-82.668,32.784],[-82.682,32.798],[-82.768,32.768],[-82.804,32.81],[-82.948,32.76],[-82.968,32.834],[-83.026,32.856],[-83.072,32.946],[-83.048,32.986],[-83.07,33.028],[-83.052,33.08]]]}},{"type":"Feature","id":"34013","properties":{"n":"Essex","f":"34013"},"geometry":{"type":"Polygon","coordinates":[[[-74.272,40.898],[-74.132,40.82],[-74.146,40.786],[-74.168,40.748],[-74.122,40.742],[-74.114,40.704],[-74.136,40.674],[-74.21,40.692],[-74.222,40.708],[-74.286,40.722],[-74.326,40.716],[-74.372,40.74],[-74.368,40.794],[-74.336,40.814],[-74.326,40.908],[-74.272,40.898]]]}},{"type":"Feature","id":"13305","properties":{"n":"Wayne","f":"13305"},"geometry":{"type":"Polygon","coordinates":[[[-82.05,31.828],[-82.014,31.822],[-81.97,31.79],[-81.91,31.75],[-81.852,31.668],[-81.812,31.664],[-81.792,31.634],[-81.698,31.578],[-81.698,31.554],[-81.662,31.538],[-81.658,31.51],[-81.612,31.468],[-81.622,31.452],[-81.666,31.4],[-81.69,31.4],[-81.73,31.33],[-81.802,31.364],[-81.924,31.346],[-82.042,31.374],[-82.056,31.408],[-82.054,31.454],[-82.09,31.48],[-82.132,31.472],[-82.132,31.774],[-82.09,31.774],[-82.108,31.8],[-82.05,31.828]]]}},{"type":"Feature","id":"29189","properties":{"n":"St. Louis","f":"29189"},"geometry":{"type":"Polygon","coordinates":[[[-90.732,38.64],[-90.664,38.688],[-90.538,38.686],[-90.532,38.732],[-90.492,38.752],[-90.442,38.828],[-90.362,38.828],[-90.33,38.886],[-90.298,38.888],[-90.254,38.852],[-90.184,38.818],[-90.14,38.83],[-90.118,38.806],[-90.166,38.772],[-90.252,38.718],[-90.302,38.656],[-90.32,38.6],[-90.298,38.562],[-90.258,38.532],[-90.262,38.522],[-90.294,38.426],[-90.342,38.388],[-90.338,38.454],[-90.412,38.456],[-90.406,38.502],[-90.592,38.502],[-90.614,38.472],[-90.66,38.478],[-90.678,38.446],[-90.696,38.472],[-90.736,38.466],[-90.732,38.64]]]}},{"type":"Feature","id":"01001","properties":{"n":"Autauga","f":"01001"},"geometry":{"type":"Polygon","coordinates":[[[-86.916,32.664],[-86.712,32.662],[-86.716,32.706],[-86.414,32.708],[-86.41,32.41],[-86.458,32.406],[-86.462,32.378],[-86.496,32.344],[-86.532,32.338],[-86.544,32.364],[-86.616,32.374],[-86.618,32.406],[-86.654,32.398],[-86.684,32.352],[-86.712,32.36],[-86.72,32.402],[-86.776,32.394],[-86.774,32.34],[-86.798,32.308],[-86.816,32.34],[-86.816,32.372],[-86.846,32.4],[-86.824,32.426],[-86.86,32.45],[-86.906,32.536],[-86.898,32.568],[-86.916,32.664]]]}},{"type":"Feature","id":"01005","properties":{"n":"Barbour","f":"01005"},"geometry":{"type":"Polygon","coordinates":[[[-85.656,31.88],[-85.65,31.912],[-85.604,31.962],[-85.592,31.994],[-85.514,32],[-85.514,32.014],[-85.428,32.016],[-85.428,32.14],[-85.41,32.146],[-85.258,32.148],[-85.186,32.062],[-85.05,32.062],[-85.062,31.99],[-85.08,31.94],[-85.13,31.878],[-85.14,31.84],[-85.126,31.78],[-85.126,31.762],[-85.148,31.774],[-85.204,31.742],[-85.216,31.702],[-85.416,31.706],[-85.416,31.62],[-85.746,31.618],[-85.714,31.66],[-85.718,31.698],[-85.696,31.748],[-85.664,31.784],[-85.678,31.856],[-85.656,31.88]]]}},{"type":"Feature","id":"01097","properties":{"n":"Mobile","f":"01097"},"geometry":{"type":"MultiPolygon","coordinates":[[[[-88.332,30.236],[-88.13,30.262],[-88.126,30.284],[-88.076,30.25],[-88.108,30.226],[-88.144,30.238],[-88.208,30.238],[-88.28,30.222],[-88.332,30.236]]],[[[-88.432,31.114],[-88.332,31.114],[-88.332,31.144],[-88.026,31.144],[-87.99,31.174],[-87.972,31.162],[-87.94,31.146],[-87.976,31.09],[-87.94,31.048],[-87.964,31.008],[-87.964,30.968],[-87.926,30.936],[-87.982,30.886],[-87.98,30.862],[-87.944,30.828],[-87.986,30.812],[-88.026,30.754],[-88.008,30.684],[-88.062,30.646],[-88.054,30.612],[-88.086,30.564],[-88.084,30.528],[-88.104,30.5],[-88.108,30.378],[-88.138,30.32],[-88.192,30.316],[-88.188,30.348],[-88.26,30.382],[-88.314,30.368],[-88.332,30.388],[-88.396,30.37],[-88.414,30.736],[-88.424,30.998],[-88.432,31.114]]]]}},{"type":"Feature","id":"53065","properties":{"n":"Stevens","f":"53065"},"geometry":{"type":"Polygon","coordinates":[[[-118.198,49],[-117.43,49],[-117.43,48.924],[-117.498,48.924],[-117.498,48.836],[-117.562,48.836],[-117.562,48.742],[-117.63,48.742],[-117.63,48.656],[-117.502,48.656],[-117.502,48.134],[-117.436,48.134],[-117.436,48.048],[-117.534,48.048],[-117.534,47.794],[-117.602,47.804],[-117.66,47.844],[-117.666,47.88],[-117.792,47.812],[-117.82,47.826],[-117.882,47.848],[-117.936,47.822],[-117.99,47.834],[-118.046,47.792],[-118.118,47.832],[-118.144,47.884],[-118.212,47.946],[-118.248,47.944],[-118.342,47.894],[-118.352,47.974],[-118.402,48.03],[-118.356,48.05],[-118.284,48.042],[-118.234,48.064],[-118.252,48.132],[-118.202,48.14],[-118.19,48.216],[-118.14,48.27],[-118.172,48.318],[-118.202,48.406],[-118.204,48.474],[-118.18,48.516],[-118.15,48.52],[-118.104,48.652],[-118.132,48.756],[-118.212,48.89],[-118.222,48.938],[-118.198,49]]]}},{"type":"Feature","id":"53073","properties":{"n":"Whatcom","f":"53073"},"geometry":{"type":"MultiPolygon","coordinates":[[[[-122.724,48.732],[-122.702,48.744],[-122.608,48.646],[-122.674,48.682],[-122.724,48.732]]],[[[-120.85,49],[-120.886,48.974],[-120.836,48.94],[-120.792,48.96],[-120.768,48.876],[-120.736,48.864],[-120.736,48.786],[-120.678,48.736],[-120.754,48.658],[-120.908,48.658],[-120.908,48.64],[-121.564,48.642],[-122.49,48.646],[-122.52,48.712],[-122.49,48.75],[-122.536,48.776],[-122.598,48.772],[-122.638,48.736],[-122.606,48.698],[-122.674,48.732],[-122.644,48.782],[-122.68,48.804],[-122.712,48.792],[-122.716,48.846],[-122.792,48.894],[-122.752,48.912],[-122.77,48.942],[-122.816,48.956],[-122.76,49.002],[-122.1,49.002],[-121.75,48.998],[-121.23,49.002],[-120.85,49]]],[[[-123.09,49.002],[-123.036,49.002],[-123.022,48.978],[-123.082,48.976],[-123.09,49.002]]]]}},{"type":"Feature","id":"13019","properties":{"n":"Berrien","f":"13019"},"geometry":{"type":"Polygon","coordinates":[[[-83.436,31.35],[-83.37,31.402],[-83.37,31.464],[-83.338,31.476],[-83.144,31.472],[-83.14,31.42],[-83.112,31.368],[-83.058,31.33],[-83.034,31.274],[-83.052,31.232],[-83.048,31.184],[-83.036,31.146],[-83.166,31.146],[-83.166,31.062],[-83.198,31.062],[-83.198,31.026],[-83.296,31.028],[-83.28,31.064],[-83.324,31.118],[-83.306,31.168],[-83.334,31.192],[-83.334,31.244],[-83.384,31.258],[-83.438,31.316],[-83.436,31.35]]]}},{"type":"Feature","id":"51081","properties":{"n":"Greensville","f":"51081"},"geometry":{"type":"Polygon","coordinates":[[[-77.768,36.546],[-77.656,36.714],[-77.656,36.894],[-77.62,36.878],[-77.578,36.852],[-77.51,36.844],[-77.46,36.864],[-77.492,36.722],[-77.43,36.708],[-77.502,36.67],[-77.462,36.652],[-77.416,36.654],[-77.376,36.632],[-77.354,36.554],[-77.298,36.544],[-77.768,36.546]],[[-77.556,36.714],[-77.556,36.674],[-77.51,36.682],[-77.52,36.712],[-77.556,36.714]]]}},{"type":"Feature","id":"48371","properties":{"n":"Pecos","f":"48371"},"geometry":{"type":"Polygon","coordinates":[[[-103.586,30.766],[-103.374,30.988],[-103.012,31.372],[-102.932,31.35],[-102.828,31.268],[-102.768,31.294],[-102.752,31.28],[-102.678,31.33],[-102.58,31.272],[-102.502,31.254],[-102.43,31.194],[-102.43,31.128],[-102.39,31.088],[-102.322,31.062],[-102.29,31.036],[-102.2,31.03],[-102.14,30.994],[-102.082,30.988],[-102.05,31.004],[-102.014,30.98],[-101.992,30.99],[-101.952,30.956],[-101.874,30.912],[-101.892,30.89],[-101.86,30.874],[-101.83,30.802],[-101.834,30.758],[-101.816,30.752],[-101.808,30.7],[-101.776,30.682],[-101.77,30.652],[-102.14,30.656],[-102.14,30.598],[-102.344,30.598],[-102.344,30.284],[-102.566,30.284],[-102.566,30.052],[-103.438,30.666],[-103.586,30.766]]]}},{"type":"Feature","id":"39135","properties":{"n":"Preble","f":"39135"},"geometry":{"type":"Polygon","coordinates":[[[-84.814,39.726],[-84.814,39.916],[-84.486,39.918],[-84.48,39.592],[-84.48,39.57],[-84.814,39.568],[-84.814,39.726]]]}},{"type":"Feature","id":"39137","properties":{"n":"Putnam","f":"39137"},"geometry":{"type":"Polygon","coordinates":[[[-84.4,40.99],[-84.344,40.99],[-84.344,41.166],[-84.228,41.166],[-83.88,41.168],[-83.88,40.92],[-83.996,40.92],[-83.996,40.904],[-84.11,40.904],[-84.11,40.862],[-84.34,40.86],[-84.34,40.904],[-84.398,40.904],[-84.4,40.99]]]}},{"type":"Feature","id":"08111","properties":{"n":"San Juan","f":"08111"},"geometry":{"type":"Polygon","coordinates":[[[-107.86,37.776],[-107.796,37.822],[-107.782,37.868],[-107.738,37.906],[-107.696,37.892],[-107.638,37.92],[-107.642,37.966],[-107.57,37.966],[-107.534,37.944],[-107.52,37.902],[-107.538,37.874],[-107.516,37.826],[-107.47,37.81],[-107.458,37.782],[-107.484,37.768],[-107.484,37.64],[-107.972,37.64],[-107.968,37.696],[-107.874,37.722],[-107.86,37.776]]]}},{"type":"Feature","id":"48385","properties":{"n":"Real","f":"48385"},"geometry":{"type":"Polygon","coordinates":[[[-99.76,30.074],[-99.692,30.074],[-99.692,29.908],[-99.602,29.908],[-99.602,29.628],[-100.014,29.624],[-100.018,29.676],[-100.064,29.712],[-100.024,29.724],[-100.036,29.78],[-100.014,29.794],[-100.032,29.848],[-100.004,29.896],[-99.99,30.026],[-99.974,30.024],[-99.968,30.082],[-99.76,30.074]]]}},{"type":"Feature","id":"30077","properties":{"n":"Powell","f":"30077"},"geometry":{"type":"Polygon","coordinates":[[[-113.466,47.6],[-113.326,47.596],[-113.144,47.596],[-113.116,47.49],[-113.058,47.488],[-113.058,47.18],[-112.796,47.176],[-112.796,46.832],[-112.538,46.834],[-112.538,46.7],[-112.412,46.7],[-112.412,46.656],[-112.322,46.656],[-112.294,46.604],[-112.318,46.574],[-112.294,46.53],[-112.308,46.51],[-112.312,46.42],[-112.35,46.386],[-112.404,46.386],[-112.454,46.33],[-112.498,46.342],[-112.57,46.304],[-112.558,46.266],[-113.036,46.268],[-113.04,46.736],[-113.116,46.714],[-113.176,46.732],[-113.172,46.754],[-113.23,46.784],[-113.266,46.826],[-113.302,46.832],[-113.302,47.18],[-113.466,47.18],[-113.466,47.6]]]}},{"type":"Feature","id":"13309","properties":{"n":"Wheeler","f":"13309"},"geometry":{"type":"Polygon","coordinates":[[[-82.93,32.136],[-82.872,32.182],[-82.886,32.196],[-82.858,32.194],[-82.72,32.31],[-82.656,32.298],[-82.65,32.244],[-82.624,32.206],[-82.628,32.134],[-82.61,32.09],[-82.598,32.014],[-82.548,31.982],[-82.546,31.958],[-82.646,31.92],[-82.696,31.956],[-82.728,32.006],[-82.786,32.022],[-82.8,32.044],[-82.886,32.08],[-82.93,32.136]]]}},{"type":"Feature","id":"26001","properties":{"n":"Alcona","f":"26001"},"geometry":{"type":"Polygon","coordinates":[[[-83.888,44.856],[-83.32,44.858],[-83.296,44.794],[-83.298,44.746],[-83.274,44.714],[-83.288,44.652],[-83.316,44.596],[-83.316,44.512],[-83.888,44.508],[-83.888,44.856]]]}},{"type":"Feature","id":"48113","properties":{"n":"Dallas","f":"48113"},"geometry":{"type":"Polygon","coordinates":[[[-97.032,32.99],[-96.844,32.988],[-96.518,32.982],[-96.518,32.814],[-96.522,32.546],[-96.528,32.546],[-97.038,32.548],[-97.032,32.99]]]}},{"type":"Feature","id":"20141","properties":{"n":"Osborne","f":"20141"},"geometry":{"type":"Polygon","coordinates":[[[-99.046,39.568],[-98.506,39.568],[-98.488,39.568],[-98.488,39.22],[-98.488,39.132],[-99.038,39.134],[-99.048,39.132],[-99.046,39.568]]]}},{"type":"Feature","id":"50003","properties":{"n":"Bennington","f":"50003"},"geometry":{"type":"Polygon","coordinates":[[[-73.274,42.944],[-73.256,43.314],[-72.868,43.3],[-72.822,43.3],[-72.818,43.256],[-72.846,43.262],[-72.862,43.206],[-72.868,43.114],[-72.998,43.116],[-73.008,42.93],[-72.922,42.928],[-72.93,42.74],[-73.022,42.74],[-73.264,42.746],[-73.292,42.802],[-73.278,42.834],[-73.274,42.944]]]}},{"type":"Feature","id":"53017","properties":{"n":"Douglas","f":"53017"},"geometry":{"type":"Polygon","coordinates":[[[-119.87,47.96],[-119.87,48.018],[-119.896,48.05],[-119.846,48.078],[-119.684,48.094],[-119.67,48.068],[-119.694,48.032],[-119.652,48],[-119.616,48],[-119.5,48.082],[-119.436,48.076],[-119.404,48.05],[-119.342,48.05],[-119.328,48.096],[-119.3,48.116],[-119.256,48.102],[-119.152,48.146],[-119.056,48.138],[-119.03,48.114],[-119.002,48.042],[-118.952,48.018],[-118.984,47.962],[-119.106,47.962],[-119.128,47.918],[-119.214,47.888],[-119.214,47.8],[-119.256,47.772],[-119.256,47.742],[-119.3,47.728],[-119.3,47.67],[-119.32,47.628],[-119.404,47.612],[-119.532,47.528],[-119.532,47.442],[-119.878,47.438],[-119.878,47.408],[-119.92,47.394],[-119.92,47.364],[-120.002,47.32],[-120.006,47.22],[-120.074,47.226],[-120.092,47.262],[-120.086,47.34],[-120.128,47.366],[-120.286,47.394],[-120.318,47.456],[-120.294,47.538],[-120.232,47.598],[-120.236,47.632],[-120.2,47.682],[-120.222,47.724],[-120.194,47.76],[-120.132,47.776],[-120.092,47.764],[-119.996,47.782],[-119.96,47.846],[-119.92,47.862],[-119.916,47.902],[-119.86,47.942],[-119.87,47.96]]]}},{"type":"Feature","id":"48355","properties":{"n":"Nueces","f":"48355"},"geometry":{"type":"MultiPolygon","coordinates":[[[[-97.078,27.916],[-97.042,27.836],[-97.092,27.786],[-97.14,27.716],[-97.222,27.576],[-97.268,27.576],[-97.236,27.634],[-97.186,27.694],[-97.15,27.77],[-97.122,27.8],[-97.128,27.84],[-97.078,27.916]]],[[[-97.8,27.996],[-97.818,27.97],[-97.806,27.934],[-97.782,27.948],[-97.724,27.916],[-97.692,27.918],[-97.674,27.882],[-97.638,27.866],[-97.63,27.894],[-97.588,27.856],[-97.506,27.844],[-97.472,27.824],[-97.42,27.824],[-97.38,27.838],[-97.394,27.782],[-97.368,27.742],[-97.316,27.712],[-97.254,27.696],[-97.298,27.614],[-97.294,27.594],[-97.326,27.562],[-97.84,27.558],[-97.874,27.588],[-97.89,27.62],[-97.944,27.636],[-97.932,27.776],[-97.936,27.884],[-97.8,27.996]]]]}},{"type":"Feature","id":"50019","properties":{"n":"Orleans","f":"50019"},"geometry":{"type":"Polygon","coordinates":[[[-72.556,45.008],[-72.308,45.004],[-71.9,45.008],[-71.928,44.908],[-71.874,44.876],[-71.974,44.786],[-71.938,44.768],[-72.014,44.698],[-72.114,44.75],[-72.09,44.684],[-72.146,44.704],[-72.262,44.542],[-72.374,44.584],[-72.37,44.592],[-72.48,44.634],[-72.416,44.722],[-72.578,44.782],[-72.53,44.834],[-72.538,44.936],[-72.556,45.008]]]}},{"type":"Feature","id":"13073","properties":{"n":"Columbia","f":"13073"},"geometry":{"type":"Polygon","coordinates":[[[-82.426,33.652],[-82.412,33.666],[-82.308,33.7],[-82.276,33.684],[-82.218,33.686],[-82.196,33.63],[-82.15,33.598],[-82.114,33.596],[-82.028,33.546],[-82.294,33.354],[-82.34,33.406],[-82.336,33.42],[-82.384,33.468],[-82.402,33.516],[-82.384,33.53],[-82.438,33.55],[-82.412,33.588],[-82.44,33.638],[-82.426,33.652]]]}},{"type":"Feature","id":"51085","properties":{"n":"Hanover","f":"51085"},"geometry":{"type":"Polygon","coordinates":[[[-77.796,37.728],[-77.688,38.008],[-77.642,37.99],[-77.61,37.954],[-77.578,37.958],[-77.546,37.916],[-77.528,37.92],[-77.484,37.884],[-77.444,37.894],[-77.424,37.864],[-77.426,37.83],[-77.394,37.802],[-77.398,37.778],[-77.344,37.79],[-77.294,37.74],[-77.294,37.714],[-77.23,37.714],[-77.24,37.686],[-77.182,37.684],[-77.186,37.658],[-77.11,37.662],[-77.126,37.626],[-77.14,37.592],[-77.172,37.596],[-77.24,37.538],[-77.406,37.606],[-77.448,37.684],[-77.494,37.702],[-77.56,37.682],[-77.632,37.706],[-77.71,37.706],[-77.796,37.728]]]}},{"type":"Feature","id":"48387","properties":{"n":"Red River","f":"48387"},"geometry":{"type":"Polygon","coordinates":[[[-95.308,33.88],[-95.254,33.902],[-95.23,33.962],[-95.154,33.938],[-95.122,33.932],[-95.05,33.864],[-94.972,33.862],[-94.946,33.812],[-94.87,33.746],[-94.828,33.742],[-94.774,33.754],[-94.738,33.706],[-94.746,33.704],[-94.748,33.328],[-94.778,33.332],[-94.81,33.364],[-94.874,33.394],[-94.91,33.384],[-95.018,33.39],[-95.05,33.382],[-95.094,33.398],[-95.126,33.39],[-95.254,33.368],[-95.306,33.378],[-95.308,33.38],[-95.312,33.876],[-95.308,33.88]]]}},{"type":"Feature","id":"39141","properties":{"n":"Ross","f":"39141"},"geometry":{"type":"Polygon","coordinates":[[[-83.374,39.378],[-83.266,39.516],[-82.994,39.506],[-82.998,39.48],[-82.742,39.468],[-82.75,39.368],[-82.764,39.208],[-82.786,39.168],[-83.352,39.198],[-83.346,39.25],[-83.392,39.268],[-83.374,39.378]]]}},{"type":"Feature","id":"13091","properties":{"n":"Dodge","f":"13091"},"geometry":{"type":"Polygon","coordinates":[[[-83.346,32.272],[-83.284,32.324],[-83.306,32.342],[-83.174,32.452],[-83.138,32.424],[-82.99,32.148],[-82.886,32.196],[-82.872,32.182],[-82.93,32.136],[-83.206,31.9],[-83.228,31.936],[-83.262,31.952],[-83.306,32.05],[-83.296,32.078],[-83.338,32.106],[-83.306,32.134],[-83.324,32.15],[-83.292,32.178],[-83.374,32.25],[-83.346,32.272]]]}},{"type":"Feature","id":"13135","properties":{"n":"Gwinnett","f":"13135"},"geometry":{"type":"Polygon","coordinates":[[[-84.278,33.958],[-84.264,33.986],[-84.214,34.004],[-84.182,33.998],[-84.168,34.028],[-84.1,34.05],[-84.118,34.066],[-84.1,34.122],[-84.064,34.168],[-83.87,34.098],[-83.82,34.128],[-83.87,34.004],[-83.838,33.984],[-83.798,33.93],[-83.98,33.786],[-84.024,33.754],[-84.074,33.778],[-84.156,33.852],[-84.204,33.872],[-84.26,33.92],[-84.278,33.958]]]}},{"type":"Feature","id":"13085","properties":{"n":"Dawson","f":"13085"},"geometry":{"type":"Polygon","coordinates":[[[-84.346,34.562],[-84.336,34.58],[-84.254,34.568],[-84.254,34.598],[-84.196,34.618],[-84.188,34.602],[-84.192,34.542],[-84.106,34.466],[-83.98,34.418],[-83.98,34.358],[-83.956,34.334],[-84.258,34.334],[-84.258,34.382],[-84.258,34.466],[-84.318,34.468],[-84.346,34.562]]]}},{"type":"Feature","id":"41063","properties":{"n":"Wallowa","f":"41063"},"geometry":{"type":"Polygon","coordinates":[[[-117.978,46],[-117.602,46],[-117.48,45.998],[-116.916,45.996],[-116.858,45.904],[-116.794,45.856],[-116.762,45.816],[-116.698,45.82],[-116.662,45.78],[-116.594,45.778],[-116.536,45.738],[-116.536,45.692],[-116.49,45.65],[-116.464,45.604],[-116.55,45.51],[-116.554,45.464],[-116.59,45.444],[-116.676,45.314],[-116.686,45.268],[-116.73,45.14],[-116.776,45.106],[-116.784,45.078],[-117.268,45.08],[-117.264,45.166],[-117.476,45.166],[-117.476,45.21],[-117.52,45.21],[-117.522,45.268],[-117.584,45.31],[-117.584,45.338],[-117.644,45.336],[-117.662,45.366],[-117.662,45.428],[-117.684,45.428],[-117.684,45.516],[-117.728,45.514],[-117.728,45.616],[-117.746,45.66],[-117.788,45.69],[-117.788,45.774],[-117.748,45.774],[-117.748,45.86],[-117.972,45.86],[-117.978,45.86],[-117.978,46]]]}},{"type":"Feature","id":"13167","properties":{"n":"Johnson","f":"13167"},"geometry":{"type":"Polygon","coordinates":[[[-82.948,32.76],[-82.804,32.81],[-82.768,32.768],[-82.682,32.798],[-82.668,32.784],[-82.56,32.82],[-82.52,32.822],[-82.458,32.768],[-82.434,32.762],[-82.452,32.718],[-82.498,32.684],[-82.462,32.648],[-82.596,32.578],[-82.564,32.532],[-82.65,32.512],[-82.674,32.524],[-82.668,32.612],[-82.796,32.66],[-82.786,32.686],[-82.864,32.716],[-82.958,32.708],[-82.948,32.76]]]}},{"type":"Feature","id":"13163","properties":{"n":"Jefferson","f":"13163"},"geometry":{"type":"Polygon","coordinates":[[[-82.664,33.126],[-82.578,33.12],[-82.584,33.172],[-82.43,33.274],[-82.384,33.312],[-82.354,33.312],[-82.268,33.268],[-82.232,33.23],[-82.266,33.154],[-82.29,33.062],[-82.272,32.938],[-82.316,32.836],[-82.362,32.816],[-82.42,32.81],[-82.398,32.778],[-82.434,32.762],[-82.458,32.768],[-82.52,32.822],[-82.528,32.834],[-82.51,32.918],[-82.538,32.948],[-82.548,33.02],[-82.598,33.032],[-82.664,33.126]]]}},{"type":"Feature","id":"39023","properties":{"n":"Clark","f":"39023"},"geometry":{"type":"Polygon","coordinates":[[[-84.052,39.88],[-84.034,40.04],[-83.518,40.01],[-83.51,40.01],[-83.59,39.768],[-83.646,39.772],[-83.83,39.798],[-83.826,39.822],[-83.942,39.828],[-83.942,39.844],[-84.052,39.85],[-84.052,39.88]]]}},{"type":"Feature","id":"29069","properties":{"n":"Dunklin","f":"29069"},"geometry":{"type":"Polygon","coordinates":[[[-90.376,35.996],[-90.32,36.09],[-90.236,36.14],[-90.218,36.184],[-90.19,36.2],[-90.126,36.23],[-90.114,36.266],[-90.082,36.272],[-90.064,36.386],[-90.144,36.424],[-90.132,36.436],[-90.15,36.498],[-90.218,36.498],[-90.19,36.544],[-90.186,36.588],[-90.148,36.63],[-89.96,36.63],[-89.954,36.546],[-89.96,36.388],[-89.96,35.998],[-90.288,35.996],[-90.376,35.996]]]}},{"type":"Feature","id":"36019","properties":{"n":"Clinton","f":"36019"},"geometry":{"type":"Polygon","coordinates":[[[-74.028,44.996],[-73.676,45.002],[-73.342,45.012],[-73.338,44.918],[-73.364,44.892],[-73.378,44.838],[-73.332,44.788],[-73.368,44.742],[-73.374,44.662],[-73.388,44.636],[-73.36,44.564],[-73.338,44.546],[-73.464,44.538],[-73.496,44.486],[-73.554,44.482],[-73.572,44.466],[-73.668,44.442],[-73.702,44.446],[-73.91,44.43],[-73.934,44.576],[-73.946,44.574],[-73.966,44.708],[-73.984,44.708],[-74.028,44.996]]]}},{"type":"Feature","id":"51163","properties":{"n":"Rockbridge","f":"51163"},"geometry":{"type":"Polygon","coordinates":[[[-79.674,37.764],[-79.606,37.862],[-79.648,37.874],[-79.61,37.936],[-79.534,38.004],[-79.484,38.086],[-79.186,37.914],[-79.156,37.892],[-79.146,37.856],[-79.172,37.802],[-79.21,37.79],[-79.232,37.814],[-79.264,37.796],[-79.348,37.66],[-79.436,37.618],[-79.458,37.606],[-79.434,37.572],[-79.498,37.534],[-79.576,37.58],[-79.574,37.596],[-79.684,37.662],[-79.67,37.674],[-79.688,37.734],[-79.674,37.764]],[[-79.462,37.786],[-79.454,37.766],[-79.416,37.788],[-79.462,37.786]],[[-79.382,37.742],[-79.372,37.696],[-79.326,37.744],[-79.332,37.76],[-79.382,37.742]]]}},{"type":"Feature","id":"42099","properties":{"n":"Perry","f":"42099"},"geometry":{"type":"Polygon","coordinates":[[[-77.67,40.29],[-77.566,40.368],[-77.53,40.376],[-77.542,40.398],[-77.29,40.518],[-77.168,40.56],[-77.182,40.582],[-77.024,40.604],[-76.95,40.628],[-76.964,40.588],[-76.992,40.568],[-76.986,40.516],[-76.95,40.484],[-76.952,40.462],[-77.028,40.392],[-77.006,40.358],[-76.938,40.358],[-76.914,40.328],[-76.974,40.31],[-77.24,40.284],[-77.32,40.268],[-77.322,40.292],[-77.42,40.256],[-77.358,40.308],[-77.394,40.304],[-77.606,40.186],[-77.614,40.198],[-77.602,40.228],[-77.638,40.218],[-77.67,40.29]]]}},{"type":"Feature","id":"30035","properties":{"n":"Glacier","f":"30035"},"geometry":{"type":"Polygon","coordinates":[[[-114.07,48.998],[-113.692,48.998],[-113.012,48.998],[-112.192,48.998],[-112.19,48.914],[-112.19,48.566],[-112.186,48.478],[-112.228,48.484],[-112.576,48.484],[-112.576,48.31],[-113.348,48.31],[-113.384,48.34],[-113.342,48.37],[-113.36,48.424],[-113.392,48.416],[-113.482,48.456],[-113.466,48.474],[-113.466,48.548],[-113.542,48.584],[-113.604,48.576],[-113.75,48.614],[-113.708,48.734],[-113.772,48.798],[-113.758,48.816],[-113.794,48.846],[-113.908,48.848],[-113.952,48.818],[-114.002,48.832],[-113.99,48.852],[-114.056,48.888],[-114.012,48.91],[-114.044,48.932],[-114.024,48.962],[-114.07,48.998]]]}},{"type":"Feature","id":"50007","properties":{"n":"Chittenden","f":"50007"},"geometry":{"type":"Polygon","coordinates":[[[-73.36,44.564],[-73.266,44.592],[-73.234,44.65],[-73.228,44.722],[-73.038,44.652],[-72.926,44.634],[-72.828,44.552],[-72.832,44.516],[-72.804,44.506],[-72.84,44.458],[-72.804,44.452],[-72.84,44.402],[-72.804,44.39],[-72.826,44.36],[-72.854,44.366],[-72.912,44.282],[-72.898,44.276],[-72.95,44.162],[-72.972,44.294],[-73.198,44.266],[-73.314,44.264],[-73.334,44.372],[-73.292,44.44],[-73.306,44.5],[-73.338,44.546],[-73.36,44.564]]]}},{"type":"Feature","id":"19167","properties":{"n":"Sioux","f":"19167"},"geometry":{"type":"Polygon","coordinates":[[[-96.554,43.26],[-96.098,43.258],[-95.862,43.258],[-95.862,42.996],[-95.858,42.91],[-96.536,42.91],[-96.5,42.96],[-96.522,42.978],[-96.494,43.002],[-96.512,43.05],[-96.454,43.084],[-96.436,43.12],[-96.468,43.15],[-96.476,43.222],[-96.562,43.224],[-96.554,43.26]]]}},{"type":"Feature","id":"48083","properties":{"n":"Coleman","f":"48083"},"geometry":{"type":"Polygon","coordinates":[[[-99.724,31.576],[-99.712,32.082],[-99.63,32.082],[-99.196,32.078],[-99.202,31.468],[-99.238,31.482],[-99.304,31.432],[-99.314,31.41],[-99.404,31.446],[-99.444,31.476],[-99.436,31.446],[-99.472,31.422],[-99.494,31.444],[-99.512,31.424],[-99.536,31.484],[-99.602,31.492],[-99.626,31.468],[-99.676,31.498],[-99.652,31.528],[-99.724,31.576]]]}},{"type":"Feature","id":"48401","properties":{"n":"Rusk","f":"48401"},"geometry":{"type":"Polygon","coordinates":[[[-94.986,32.372],[-94.638,32.37],[-94.602,32.36],[-94.58,32.396],[-94.554,32.408],[-94.518,32.388],[-94.49,32.394],[-94.494,32.356],[-94.53,32.272],[-94.558,32.25],[-94.58,32.202],[-94.58,32.16],[-94.602,32.08],[-94.602,31.974],[-94.512,31.974],[-94.512,31.924],[-94.48,31.902],[-94.45,31.844],[-94.938,31.846],[-94.986,31.846],[-94.986,32.138],[-94.986,32.372]]]}},{"type":"Feature","id":"39145","properties":{"n":"Scioto","f":"39145"},"geometry":{"type":"Polygon","coordinates":[[[-83.27,39.016],[-83.216,38.992],[-83.212,38.96],[-83,38.956],[-82.808,38.948],[-82.754,38.946],[-82.76,38.856],[-82.65,38.85],[-82.664,38.748],[-82.696,38.75],[-82.706,38.678],[-82.764,38.68],[-82.768,38.644],[-82.738,38.598],[-82.814,38.57],[-82.846,38.594],[-82.878,38.69],[-82.868,38.728],[-82.894,38.756],[-82.968,38.728],[-83.022,38.728],[-83.044,38.706],[-83.12,38.666],[-83.138,38.628],[-83.266,38.618],[-83.27,39.016]]]}},{"type":"Feature","id":"55079","properties":{"n":"Milwaukee","f":"55079"},"geometry":{"type":"Polygon","coordinates":[[[-88.062,43.192],[-87.894,43.192],[-87.9,43.138],[-87.872,43.064],[-87.896,43.016],[-87.846,42.962],[-87.846,42.89],[-87.828,42.842],[-88.07,42.842],[-88.07,43.016],[-88.062,43.192]]]}},{"type":"Feature","id":"55053","properties":{"n":"Jackson","f":"55053"},"geometry":{"type":"Polygon","coordinates":[[[-91.166,44.598],[-90.922,44.596],[-90.922,44.51],[-90.8,44.51],[-90.8,44.422],[-90.56,44.422],[-90.316,44.424],[-90.32,44.254],[-90.312,44.248],[-90.312,44.156],[-90.434,44.16],[-90.894,44.158],[-90.976,44.13],[-90.972,44.07],[-91.152,44.072],[-91.152,44.08],[-91.152,44.248],[-91.166,44.248],[-91.166,44.598]]]}},{"type":"Feature","id":"34021","properties":{"n":"Mercer","f":"34021"},"geometry":{"type":"Polygon","coordinates":[[[-74.942,40.342],[-74.856,40.346],[-74.872,40.378],[-74.802,40.386],[-74.81,40.416],[-74.75,40.424],[-74.72,40.374],[-74.652,40.392],[-74.62,40.374],[-74.624,40.326],[-74.484,40.274],[-74.484,40.254],[-74.544,40.216],[-74.562,40.19],[-74.616,40.182],[-74.588,40.138],[-74.624,40.142],[-74.71,40.182],[-74.724,40.15],[-74.77,40.216],[-74.842,40.25],[-74.868,40.294],[-74.942,40.342]]]}},{"type":"Feature","id":"37009","properties":{"n":"Ashe","f":"37009"},"geometry":{"type":"Polygon","coordinates":[[[-81.676,36.588],[-81.354,36.574],[-81.354,36.546],[-81.296,36.466],[-81.27,36.448],[-81.246,36.382],[-81.252,36.366],[-81.282,36.354],[-81.322,36.374],[-81.368,36.358],[-81.368,36.284],[-81.414,36.282],[-81.48,36.24],[-81.55,36.276],[-81.566,36.272],[-81.636,36.35],[-81.73,36.39],[-81.716,36.458],[-81.694,36.468],[-81.708,36.536],[-81.676,36.588]]]}},{"type":"Feature","id":"27167","properties":{"n":"Wilkin","f":"27167"},"geometry":{"type":"Polygon","coordinates":[[[-96.784,46.63],[-96.282,46.63],[-96.282,46.282],[-96.264,46.282],[-96.266,46.108],[-96.266,46.022],[-96.576,46.022],[-96.558,46.058],[-96.598,46.22],[-96.6,46.33],[-96.648,46.354],[-96.72,46.438],[-96.738,46.48],[-96.752,46.582],[-96.784,46.63]]]}},{"type":"Feature","id":"50023","properties":{"n":"Washington","f":"50023"},"geometry":{"type":"Polygon","coordinates":[[[-72.95,44.162],[-72.898,44.276],[-72.912,44.282],[-72.854,44.366],[-72.826,44.36],[-72.804,44.39],[-72.84,44.402],[-72.804,44.452],[-72.652,44.398],[-72.596,44.48],[-72.492,44.422],[-72.434,44.506],[-72.222,44.424],[-72.218,44.41],[-72.268,44.34],[-72.32,44.298],[-72.316,44.272],[-72.37,44.204],[-72.42,44.22],[-72.444,44.128],[-72.56,44.162],[-72.588,44.16],[-72.686,44.012],[-72.742,44.03],[-72.908,44.072],[-72.932,44.164],[-72.95,44.162]]]}},{"type":"Feature","id":"31173","properties":{"n":"Thurston","f":"31173"},"geometry":{"type":"Polygon","coordinates":[[[-96.824,42.264],[-96.726,42.264],[-96.726,42.278],[-96.356,42.276],[-96.324,42.23],[-96.356,42.214],[-96.35,42.166],[-96.27,42.118],[-96.274,42.048],[-96.31,42.046],[-96.31,42.014],[-96.554,42.016],[-96.554,42.09],[-96.824,42.09],[-96.824,42.264]]]}},{"type":"Feature","id":"32027","properties":{"n":"Pershing","f":"32027"},"geometry":{"type":"Polygon","coordinates":[[[-119.31,40.96],[-118.786,40.96],[-118.786,40.856],[-118.438,40.856],[-117.644,40.858],[-117.644,40.684],[-117.3,40.676],[-117.3,40.526],[-117.54,40.002],[-118.244,40.002],[-119.224,40],[-119.338,39.998],[-119.338,40.518],[-119.314,40.518],[-119.31,40.96]]]}},{"type":"Feature","id":"50017","properties":{"n":"Orange","f":"50017"},"geometry":{"type":"Polygon","coordinates":[[[-72.792,43.962],[-72.742,44.03],[-72.686,44.012],[-72.588,44.16],[-72.56,44.162],[-72.444,44.128],[-72.42,44.22],[-72.37,44.204],[-72.304,44.184],[-72.176,44.192],[-72.04,44.158],[-72.054,44.11],[-72.032,44.092],[-72.076,44.032],[-72.118,43.994],[-72.118,43.922],[-72.186,43.864],[-72.182,43.808],[-72.204,43.77],[-72.46,43.838],[-72.782,43.928],[-72.792,43.962]]]}},{"type":"Feature","id":"55029","properties":{"n":"Door","f":"55029"},"geometry":{"type":"MultiPolygon","coordinates":[[[[-86.956,45.352],[-86.934,45.42],[-86.824,45.406],[-86.906,45.296],[-86.956,45.352]]],[[[-87.376,45.2],[-87.334,45.212],[-87.326,45.158],[-87.376,45.178],[-87.376,45.2]]],[[[-87.372,44.676],[-87.736,44.678],[-87.72,44.724],[-87.61,44.838],[-87.516,44.87],[-87.476,44.864],[-87.438,44.892],[-87.384,44.866],[-87.404,44.904],[-87.362,44.988],[-87.266,45.082],[-87.24,45.168],[-87.196,45.164],[-87.122,45.19],[-87.118,45.242],[-87.056,45.292],[-86.978,45.29],[-86.986,45.216],[-87.042,45.212],[-87.05,45.09],[-87.092,45.056],[-87.122,45.058],[-87.14,45.012],[-87.19,44.968],[-87.172,44.932],[-87.218,44.898],[-87.204,44.876],[-87.268,44.848],[-87.316,44.794],[-87.372,44.676]]]]}},{"type":"Feature","id":"39147","properties":{"n":"Seneca","f":"39147"},"geometry":{"type":"Polygon","coordinates":[[[-83.42,41.166],[-83.42,41.254],[-83.248,41.252],[-83.076,41.258],[-82.84,41.256],[-82.828,40.996],[-82.854,40.994],[-83.112,40.994],[-83.42,40.992],[-83.42,41.166]]]}},{"type":"Feature","id":"13103","properties":{"n":"Effingham","f":"13103"},"geometry":{"type":"Polygon","coordinates":[[[-81.39,32.596],[-81.322,32.56],[-81.282,32.556],[-81.278,32.536],[-81.196,32.466],[-81.21,32.436],[-81.156,32.346],[-81.142,32.35],[-81.12,32.284],[-81.156,32.242],[-81.146,32.226],[-81.196,32.238],[-81.392,32.096],[-81.436,32.242],[-81.44,32.274],[-81.49,32.352],[-81.508,32.358],[-81.544,32.418],[-81.526,32.45],[-81.548,32.49],[-81.54,32.51],[-81.39,32.596]]]}},{"type":"Feature","id":"31161","properties":{"n":"Sheridan","f":"31161"},"geometry":{"type":"Polygon","coordinates":[[[-102.792,43],[-102.082,43],[-102.086,42.786],[-102.068,42.786],[-102.068,42.444],[-102.038,42.444],[-102.038,42.096],[-102.006,42.096],[-102.01,42.008],[-102.068,42.008],[-102.678,42.006],[-102.698,42.004],[-102.702,42.092],[-102.742,42.092],[-102.742,42.178],[-102.752,42.356],[-102.75,42.44],[-102.774,42.44],[-102.774,42.786],[-102.792,42.786],[-102.792,43]]]}},{"type":"Feature","id":"55083","properties":{"n":"Oconto","f":"55083"},"geometry":{"type":"Polygon","coordinates":[[[-88.68,45.378],[-88.428,45.378],[-88.306,45.374],[-88.31,45.202],[-88.188,45.198],[-88.192,45.112],[-88.12,45.11],[-88.122,45.024],[-87.944,45.02],[-87.944,44.994],[-87.76,44.99],[-87.764,44.966],[-87.84,44.932],[-87.828,44.89],[-87.868,44.84],[-87.9,44.828],[-87.94,44.756],[-87.982,44.72],[-87.99,44.678],[-88.23,44.672],[-88.242,44.68],[-88.252,44.766],[-88.248,44.854],[-88.488,44.856],[-88.486,45.116],[-88.64,45.118],[-88.64,45.204],[-88.68,45.206],[-88.68,45.378]]]}},{"type":"Feature","id":"34017","properties":{"n":"Hudson","f":"34017"},"geometry":{"type":"Polygon","coordinates":[[[-74.146,40.786],[-74.1,40.776],[-74.016,40.824],[-73.984,40.8],[-74.01,40.764],[-74.024,40.71],[-74.046,40.69],[-74.07,40.66],[-74.16,40.644],[-74.136,40.674],[-74.114,40.704],[-74.122,40.742],[-74.168,40.748],[-74.146,40.786]]]}},{"type":"Feature","id":"29137","properties":{"n":"Monroe","f":"29137"},"geometry":{"type":"Polygon","coordinates":[[[-92.3,39.606],[-92.186,39.608],[-92.186,39.662],[-91.848,39.658],[-91.716,39.658],[-91.712,39.6],[-91.72,39.338],[-92.09,39.34],[-92.312,39.348],[-92.3,39.606]]]}},{"type":"Feature","id":"39045","properties":{"n":"Fairfield","f":"39045"},"geometry":{"type":"Polygon","coordinates":[[[-82.826,39.796],[-82.804,39.824],[-82.782,39.94],[-82.474,39.924],[-82.462,39.93],[-82.474,39.838],[-82.398,39.832],[-82.406,39.744],[-82.366,39.742],[-82.372,39.654],[-82.492,39.662],[-82.494,39.602],[-82.616,39.608],[-82.62,39.564],[-82.732,39.57],[-82.732,39.554],[-82.842,39.562],[-82.826,39.796]]]}},{"type":"Feature","id":"55065","properties":{"n":"Lafayette","f":"55065"},"geometry":{"type":"Polygon","coordinates":[[[-90.428,42.812],[-89.838,42.814],[-89.838,42.506],[-89.928,42.506],[-90.428,42.508],[-90.428,42.812]]]}},{"type":"Feature","id":"36047","properties":{"n":"Kings","f":"36047"},"geometry":{"type":"Polygon","coordinates":[[[-74.02,40.68],[-73.974,40.71],[-73.964,40.736],[-73.928,40.726],[-73.894,40.682],[-73.87,40.694],[-73.856,40.642],[-73.834,40.628],[-73.848,40.588],[-73.934,40.57],[-74.014,40.574],[-74.002,40.596],[-74.042,40.63],[-74.02,40.68]]]}},{"type":"Feature","id":"29141","properties":{"n":"Morgan","f":"29141"},"geometry":{"type":"Polygon","coordinates":[[[-93.068,38.53],[-93.062,38.692],[-92.84,38.684],[-92.842,38.596],[-92.624,38.43],[-92.634,38.348],[-92.688,38.348],[-92.696,38.222],[-92.756,38.212],[-92.764,38.19],[-92.962,38.198],[-92.932,38.22],[-92.962,38.228],[-92.99,38.188],[-93.016,38.242],[-93.058,38.272],[-93.076,38.264],[-93.068,38.53]]]}},{"type":"Feature","id":"27151","properties":{"n":"Swift","f":"27151"},"geometry":{"type":"Polygon","coordinates":[[[-96.116,45.412],[-95.746,45.412],[-95.254,45.412],[-95.254,45.238],[-95.248,45.152],[-96.038,45.152],[-96.102,45.178],[-96.12,45.24],[-96.116,45.412]]]}},{"type":"Feature","id":"29143","properties":{"n":"New Madrid","f":"29143"},"geometry":{"type":"Polygon","coordinates":[[[-89.96,36.63],[-89.702,36.628],[-89.698,36.74],[-89.706,36.86],[-89.692,36.86],[-89.52,36.87],[-89.484,36.832],[-89.43,36.746],[-89.376,36.704],[-89.328,36.632],[-89.372,36.62],[-89.418,36.498],[-89.448,36.464],[-89.494,36.47],[-89.486,36.498],[-89.466,36.53],[-89.484,36.572],[-89.558,36.574],[-89.572,36.548],[-89.54,36.498],[-89.52,36.48],[-89.544,36.424],[-89.508,36.374],[-89.544,36.336],[-89.544,36.36],[-89.612,36.412],[-89.678,36.4],[-89.73,36.428],[-89.752,36.386],[-89.96,36.388],[-89.954,36.546],[-89.96,36.63]]]}},{"type":"Feature","id":"55045","properties":{"n":"Green","f":"55045"},"geometry":{"type":"Polygon","coordinates":[[[-89.838,42.858],[-89.368,42.856],[-89.368,42.844],[-89.364,42.5],[-89.4,42.5],[-89.838,42.506],[-89.838,42.814],[-89.838,42.858]]]}},{"type":"Feature","id":"32015","properties":{"n":"Lander","f":"32015"},"geometry":{"type":"Polygon","coordinates":[[[-117.54,40.002],[-117.3,40.526],[-117.246,40.642],[-117.02,40.642],[-117.016,41],[-116.586,41],[-116.596,40.946],[-116.594,40.32],[-116.6,40.074],[-116.594,39.398],[-116.6,39.162],[-117.332,39.164],[-117.774,39.094],[-117.806,39.146],[-117.72,39.214],[-117.724,39.25],[-117.764,39.352],[-117.746,39.386],[-117.696,39.386],[-117.674,39.424],[-117.644,39.426],[-117.656,39.468],[-117.588,39.502],[-117.59,39.518],[-117.486,39.546],[-117.484,39.598],[-117.462,39.632],[-117.486,39.644],[-117.466,39.676],[-117.494,39.748],[-117.486,39.826],[-117.462,39.886],[-117.468,39.922],[-117.54,40.002]]]}},{"type":"Feature","id":"32029","properties":{"n":"Storey","f":"32029"},"geometry":{"type":"Polygon","coordinates":[[[-119.286,39.622],[-119.478,39.338],[-119.648,39.266],[-119.712,39.252],[-119.676,39.282],[-119.676,39.332],[-119.658,39.332],[-119.688,39.39],[-119.658,39.404],[-119.654,39.448],[-119.698,39.448],[-119.694,39.516],[-119.622,39.512],[-119.584,39.548],[-119.532,39.566],[-119.472,39.566],[-119.468,39.584],[-119.372,39.588],[-119.286,39.622]]]}},{"type":"Feature","id":"13173","properties":{"n":"Lanier","f":"13173"},"geometry":{"type":"Polygon","coordinates":[[[-83.048,31.184],[-82.972,31.184],[-82.972,30.87],[-83.018,30.85],[-83.022,30.902],[-83.044,30.948],[-83.18,30.95],[-83.18,31.026],[-83.198,31.026],[-83.198,31.062],[-83.166,31.062],[-83.166,31.146],[-83.036,31.146],[-83.048,31.184]]]}},{"type":"Feature","id":"36009","properties":{"n":"Cattaraugus","f":"36009"},"geometry":{"type":"Polygon","coordinates":[[[-79.06,42.538],[-78.988,42.522],[-78.956,42.472],[-78.884,42.438],[-78.662,42.492],[-78.564,42.508],[-78.464,42.536],[-78.464,42.52],[-78.31,42.52],[-78.31,42],[-78.92,41.998],[-79.06,42],[-79.06,42.538]]]}},{"type":"Feature","id":"19049","properties":{"n":"Dallas","f":"19049"},"geometry":{"type":"Polygon","coordinates":[[[-94.282,41.862],[-94.164,41.864],[-93.816,41.864],[-93.816,41.6],[-93.79,41.6],[-93.79,41.512],[-93.898,41.502],[-94.242,41.504],[-94.242,41.6],[-94.278,41.602],[-94.282,41.862]]]}},{"type":"Feature","id":"48443","properties":{"n":"Terrell","f":"48443"},"geometry":{"type":"Polygon","coordinates":[[[-101.77,30.652],[-101.712,30.654],[-101.65,30.62],[-101.666,30.588],[-101.648,30.56],[-101.68,30.522],[-101.702,30.458],[-101.74,30.42],[-101.702,30.402],[-101.668,30.34],[-101.702,30.346],[-101.738,30.328],[-101.758,30.288],[-101.762,29.782],[-101.852,29.802],[-101.93,29.79],[-101.974,29.81],[-102.034,29.804],[-102.05,29.786],[-102.142,29.804],[-102.182,29.846],[-102.228,29.844],[-102.322,29.878],[-102.566,30.052],[-102.566,30.284],[-102.344,30.284],[-102.344,30.598],[-102.14,30.598],[-102.14,30.656],[-101.77,30.652]]]}},{"type":"Feature","id":"13119","properties":{"n":"Franklin","f":"13119"},"geometry":{"type":"Polygon","coordinates":[[[-83.4,34.462],[-83.374,34.47],[-83.176,34.478],[-83.106,34.536],[-83.052,34.496],[-83.094,34.416],[-83.108,34.344],[-83.094,34.346],[-83.112,34.274],[-83.174,34.238],[-83.274,34.248],[-83.298,34.264],[-83.356,34.224],[-83.338,34.26],[-83.392,34.324],[-83.382,34.43],[-83.4,34.462]]]}},{"type":"Feature","id":"39155","properties":{"n":"Trumbull","f":"39155"},"geometry":{"type":"Polygon","coordinates":[[[-81.002,41.348],[-81.002,41.502],[-80.52,41.5],[-80.52,41.49],[-80.518,41.21],[-80.52,41.134],[-81.002,41.134],[-81.002,41.348]]]}},{"type":"Feature","id":"08067","properties":{"n":"La Plata","f":"08067"},"geometry":{"type":"Polygon","coordinates":[[[-107.972,37.64],[-107.484,37.64],[-107.484,37.422],[-107.484,37],[-108.248,36.998],[-108.38,37],[-108.334,37.054],[-108.31,37.13],[-108.292,37.146],[-108.294,37.216],[-108.248,37.25],[-108.22,37.292],[-108.198,37.356],[-108.104,37.386],[-108.08,37.436],[-108.032,37.464],[-108.036,37.524],[-108.022,37.592],[-107.972,37.64]]]}},{"type":"Feature","id":"39157","properties":{"n":"Tuscarawas","f":"39157"},"geometry":{"type":"Polygon","coordinates":[[[-81.708,40.444],[-81.67,40.444],[-81.67,40.632],[-81.648,40.636],[-81.468,40.656],[-81.318,40.652],[-81.322,40.566],[-81.264,40.564],[-81.27,40.434],[-81.274,40.304],[-81.336,40.304],[-81.34,40.214],[-81.622,40.222],[-81.616,40.368],[-81.712,40.37],[-81.708,40.444]]]}},{"type":"Feature","id":"27089","properties":{"n":"Marshall","f":"27089"},"geometry":{"type":"Polygon","coordinates":[[[-97.164,48.544],[-96.388,48.544],[-95.602,48.538],[-95.602,48.366],[-95.592,48.366],[-95.592,48.172],[-95.984,48.172],[-96.5,48.174],[-97.146,48.174],[-97.142,48.194],[-97.142,48.234],[-97.118,48.28],[-97.146,48.36],[-97.136,48.404],[-97.14,48.496],[-97.16,48.542],[-97.164,48.544]]]}},{"type":"Feature","id":"27115","properties":{"n":"Pine","f":"27115"},"geometry":{"type":"Polygon","coordinates":[[[-93.054,46.158],[-93.054,46.42],[-92.294,46.418],[-92.294,46.158],[-92.294,46.074],[-92.33,46.066],[-92.352,46.016],[-92.438,46.022],[-92.474,45.974],[-92.524,45.984],[-92.552,45.952],[-92.642,45.932],[-92.714,45.892],[-92.786,45.764],[-92.842,45.73],[-93.14,45.73],[-93.144,45.982],[-93.054,45.982],[-93.054,46.158]]]}},{"type":"Feature","id":"39093","properties":{"n":"Lorain","f":"39093"},"geometry":{"type":"Polygon","coordinates":[[[-82.348,41.428],[-82.254,41.434],[-82.194,41.464],[-82.01,41.516],[-81.968,41.506],[-81.97,41.352],[-81.878,41.35],[-81.878,41.276],[-81.97,41.276],[-81.974,41.2],[-82.072,41.2],[-82.074,41.136],[-82.168,41.136],[-82.172,41.064],[-82.336,41.066],[-82.344,41.284],[-82.348,41.428]]]}},{"type":"Feature","id":"37021","properties":{"n":"Buncombe","f":"37021"},"geometry":{"type":"Polygon","coordinates":[[[-82.882,35.678],[-82.85,35.702],[-82.808,35.686],[-82.71,35.734],[-82.664,35.738],[-82.512,35.802],[-82.408,35.818],[-82.362,35.82],[-82.334,35.75],[-82.284,35.726],[-82.276,35.704],[-82.294,35.684],[-82.266,35.614],[-82.29,35.592],[-82.25,35.56],[-82.168,35.528],[-82.232,35.52],[-82.226,35.498],[-82.266,35.468],[-82.334,35.5],[-82.37,35.466],[-82.416,35.474],[-82.456,35.45],[-82.62,35.436],[-82.674,35.46],[-82.746,35.424],[-82.782,35.44],[-82.8,35.472],[-82.768,35.54],[-82.768,35.568],[-82.814,35.628],[-82.846,35.614],[-82.882,35.678]]]}},{"type":"Feature","id":"31165","properties":{"n":"Sioux","f":"31165"},"geometry":{"type":"Polygon","coordinates":[[[-104.052,43.002],[-103.506,43.002],[-103.502,42.784],[-103.482,42.786],[-103.482,42.438],[-103.446,42.438],[-103.446,42.09],[-103.402,42.09],[-103.402,42.004],[-104.052,42.002],[-104.052,42.612],[-104.052,43.002]]]}},{"type":"Feature","id":"37023","properties":{"n":"Burke","f":"37023"},"geometry":{"type":"Polygon","coordinates":[[[-81.942,35.96],[-81.9,36],[-81.87,35.976],[-81.806,35.962],[-81.776,35.948],[-81.708,35.876],[-81.602,35.826],[-81.554,35.778],[-81.444,35.784],[-81.4,35.758],[-81.364,35.768],[-81.432,35.678],[-81.508,35.608],[-81.536,35.568],[-81.536,35.564],[-81.648,35.562],[-81.69,35.58],[-81.752,35.614],[-81.824,35.576],[-81.87,35.72],[-81.986,35.808],[-81.924,35.844],[-81.906,35.884],[-81.942,35.96]]]}},{"type":"Feature","id":"37111","properties":{"n":"McDowell","f":"37111"},"geometry":{"type":"Polygon","coordinates":[[[-82.276,35.704],[-82.194,35.736],[-82.132,35.824],[-82.1,35.852],[-82.05,35.854],[-82.014,35.886],[-81.982,35.886],[-81.982,35.912],[-81.942,35.96],[-81.906,35.884],[-81.924,35.844],[-81.986,35.808],[-81.87,35.72],[-81.824,35.576],[-81.842,35.542],[-81.906,35.542],[-81.968,35.526],[-82.004,35.552],[-82.038,35.532],[-82.15,35.518],[-82.168,35.528],[-82.25,35.56],[-82.29,35.592],[-82.266,35.614],[-82.294,35.684],[-82.276,35.704]]]}},{"type":"Feature","id":"42109","properties":{"n":"Snyder","f":"42109"},"geometry":{"type":"Polygon","coordinates":[[[-77.354,40.806],[-77.322,40.818],[-77.054,40.87],[-77.024,40.858],[-76.942,40.888],[-76.828,40.888],[-76.798,40.878],[-76.798,40.882],[-76.798,40.878],[-76.86,40.782],[-76.86,40.712],[-76.938,40.638],[-77.006,40.642],[-77.036,40.678],[-77.092,40.676],[-77.11,40.692],[-77.15,40.678],[-77.286,40.694],[-77.354,40.702],[-77.354,40.806]]]}},{"type":"Feature","id":"13271","properties":{"n":"Telfair","f":"13271"},"geometry":{"type":"Polygon","coordinates":[[[-83.206,31.9],[-82.93,32.136],[-82.886,32.08],[-82.8,32.044],[-82.786,32.022],[-82.728,32.006],[-82.696,31.956],[-82.646,31.92],[-82.682,31.92],[-82.718,31.886],[-82.836,31.816],[-82.868,31.782],[-82.98,31.792],[-82.998,31.78],[-83.03,31.778],[-83.084,31.812],[-83.138,31.814],[-83.176,31.848],[-83.206,31.9]]]}},{"type":"Feature","id":"12115","properties":{"n":"Sarasota","f":"12115"},"geometry":{"type":"Polygon","coordinates":[[[-82.642,27.39],[-82.25,27.386],[-82.254,27.21],[-82.056,27.208],[-82.056,27.032],[-82.254,27.032],[-82.254,26.946],[-82.376,26.946],[-82.444,27.06],[-82.476,27.142],[-82.546,27.262],[-82.642,27.39]]]}},{"type":"Feature","id":"13105","properties":{"n":"Elbert","f":"13105"},"geometry":{"type":"Polygon","coordinates":[[[-83.076,34.224],[-83.018,34.234],[-82.98,34.21],[-82.914,34.248],[-82.774,34.288],[-82.742,34.252],[-82.742,34.208],[-82.718,34.15],[-82.674,34.13],[-82.646,34.072],[-82.596,34.03],[-82.596,34.014],[-82.564,33.956],[-82.602,33.98],[-82.646,33.984],[-82.656,33.992],[-82.778,33.972],[-82.864,33.984],[-82.944,34.016],[-82.976,34.044],[-83.036,34.1],[-83.07,34.154],[-83.102,34.174],[-83.076,34.224]]]}},{"type":"Feature","id":"13185","properties":{"n":"Lowndes","f":"13185"},"geometry":{"type":"Polygon","coordinates":[[[-83.474,31.032],[-83.296,31.028],[-83.198,31.026],[-83.18,31.026],[-83.18,30.95],[-83.044,30.948],[-83.022,30.902],[-83.018,30.85],[-83.088,30.848],[-83.106,30.804],[-83.134,30.79],[-83.138,30.624],[-83.274,30.632],[-83.356,30.638],[-83.364,30.658],[-83.438,30.688],[-83.486,30.752],[-83.456,30.766],[-83.45,30.818],[-83.424,30.816],[-83.352,30.842],[-83.37,30.884],[-83.438,30.904],[-83.428,30.948],[-83.474,31.032]]]}},{"type":"Feature","id":"13263","properties":{"n":"Talbot","f":"13263"},"geometry":{"type":"Polygon","coordinates":[[[-84.702,32.844],[-84.57,32.846],[-84.508,32.882],[-84.458,32.83],[-84.422,32.838],[-84.39,32.786],[-84.286,32.748],[-84.34,32.72],[-84.34,32.68],[-84.364,32.68],[-84.38,32.632],[-84.408,32.61],[-84.408,32.562],[-84.444,32.562],[-84.49,32.562],[-84.504,32.542],[-84.566,32.54],[-84.584,32.524],[-84.638,32.536],[-84.696,32.518],[-84.666,32.564],[-84.696,32.584],[-84.692,32.83],[-84.702,32.844]]]}},{"type":"Feature","id":"37047","properties":{"n":"Columbus","f":"37047"},"geometry":{"type":"Polygon","coordinates":[[[-79.07,34.3],[-79.046,34.31],[-79.01,34.382],[-78.97,34.398],[-78.97,34.428],[-78.87,34.486],[-78.826,34.462],[-78.668,34.47],[-78.446,34.378],[-78.334,34.368],[-78.256,34.4],[-78.202,34.354],[-78.162,34.358],[-78.256,34.216],[-78.374,34.206],[-78.42,34.14],[-78.514,34.166],[-78.54,34.148],[-78.56,34.092],[-78.554,34.066],[-78.578,34.038],[-78.64,34.01],[-78.626,33.98],[-78.65,33.944],[-79.07,34.3]]]}},{"type":"Feature","id":"13139","properties":{"n":"Hall","f":"13139"},"geometry":{"type":"Polygon","coordinates":[[[-83.956,34.334],[-83.98,34.358],[-83.98,34.418],[-83.844,34.506],[-83.664,34.504],[-83.614,34.432],[-83.654,34.4],[-83.668,34.366],[-83.65,34.322],[-83.622,34.296],[-83.82,34.128],[-83.87,34.098],[-84.064,34.168],[-84.032,34.196],[-83.988,34.196],[-83.948,34.24],[-83.934,34.284],[-83.956,34.334]]]}},{"type":"Feature","id":"13153","properties":{"n":"Houston","f":"13153"},"geometry":{"type":"Polygon","coordinates":[[[-83.848,32.468],[-83.798,32.446],[-83.798,32.496],[-83.748,32.506],[-83.748,32.534],[-83.718,32.532],[-83.718,32.634],[-83.7,32.692],[-83.7,32.692],[-83.664,32.674],[-83.596,32.664],[-83.558,32.652],[-83.536,32.586],[-83.546,32.572],[-83.518,32.5],[-83.49,32.486],[-83.496,32.452],[-83.496,32.402],[-83.524,32.402],[-83.614,32.288],[-83.848,32.292],[-83.838,32.382],[-83.848,32.468]]]}},{"type":"Feature","id":"48457","properties":{"n":"Tyler","f":"48457"},"geometry":{"type":"Polygon","coordinates":[[[-94.562,31.06],[-94.458,31.034],[-94.45,31.008],[-94.35,31.038],[-94.322,31.022],[-94.286,31.04],[-94.256,31.018],[-94.242,30.964],[-94.204,30.936],[-94.214,30.9],[-94.182,30.836],[-94.182,30.798],[-94.146,30.788],[-94.12,30.684],[-94.092,30.688],[-94.052,30.63],[-94.092,30.586],[-94.07,30.526],[-94.544,30.526],[-94.658,31.012],[-94.562,31.06]]]}},{"type":"Feature","id":"12041","properties":{"n":"Gilchrist","f":"12041"},"geometry":{"type":"Polygon","coordinates":[[[-82.922,29.824],[-82.894,29.826],[-82.878,29.886],[-82.864,29.91],[-82.8,29.932],[-82.772,29.928],[-82.768,29.896],[-82.736,29.86],[-82.66,29.83],[-82.656,29.822],[-82.656,29.564],[-82.756,29.562],[-82.772,29.586],[-82.936,29.592],[-82.954,29.586],[-82.972,29.624],[-82.94,29.702],[-82.95,29.754],[-82.922,29.794],[-82.922,29.824]]]}},{"type":"Feature","id":"27139","properties":{"n":"Scott","f":"27139"},"geometry":{"type":"Polygon","coordinates":[[[-93.768,44.64],[-93.698,44.67],[-93.668,44.696],[-93.618,44.708],[-93.632,44.738],[-93.6,44.782],[-93.522,44.804],[-93.438,44.812],[-93.382,44.786],[-93.33,44.792],[-93.316,44.718],[-93.32,44.63],[-93.278,44.63],[-93.28,44.544],[-93.524,44.544],[-93.908,44.544],[-93.902,44.588],[-93.858,44.622],[-93.768,44.64]]]}},{"type":"Feature","id":"39131","properties":{"n":"Pike","f":"39131"},"geometry":{"type":"Polygon","coordinates":[[[-83.352,39.198],[-82.786,39.168],[-82.808,38.948],[-83,38.956],[-83.212,38.96],[-83.216,38.992],[-83.27,39.016],[-83.314,39.052],[-83.384,39.056],[-83.352,39.198]]]}},{"type":"Feature","id":"36013","properties":{"n":"Chautauqua","f":"36013"},"geometry":{"type":"Polygon","coordinates":[[[-79.764,42.27],[-79.644,42.316],[-79.454,42.41],[-79.35,42.49],[-79.242,42.532],[-79.15,42.554],[-79.136,42.57],[-79.106,42.57],[-79.06,42.538],[-79.06,42],[-79.612,42],[-79.764,42],[-79.764,42.27]]]}},{"type":"Feature","id":"51177","properties":{"n":"Spotsylvania","f":"51177"},"geometry":{"type":"Polygon","coordinates":[[[-77.954,38.118],[-77.714,38.336],[-77.704,38.362],[-77.646,38.378],[-77.616,38.368],[-77.53,38.308],[-77.512,38.28],[-77.448,38.284],[-77.42,38.258],[-77.37,38.246],[-77.516,38.106],[-77.642,37.99],[-77.688,38.008],[-77.74,38.034],[-77.786,38.076],[-77.918,38.118],[-77.954,38.118]]]}},{"type":"Feature","id":"29149","properties":{"n":"Oregon","f":"29149"},"geometry":{"type":"Polygon","coordinates":[[[-91.658,36.888],[-91.224,36.884],[-91.224,36.826],[-91.116,36.824],[-91.128,36.498],[-91.408,36.498],[-91.45,36.498],[-91.672,36.5],[-91.68,36.626],[-91.672,36.788],[-91.658,36.788],[-91.658,36.888]]]}},{"type":"Feature","id":"34025","properties":{"n":"Monmouth","f":"34025"},"geometry":{"type":"Polygon","coordinates":[[[-74.484,40.254],[-74.394,40.28],[-74.354,40.326],[-74.246,40.408],[-74.226,40.454],[-74.136,40.456],[-74.05,40.418],[-73.998,40.41],[-73.984,40.448],[-73.97,40.372],[-73.982,40.28],[-74.032,40.124],[-74.032,40.1],[-74.07,40.088],[-74.106,40.136],[-74.154,40.1],[-74.244,40.116],[-74.26,40.166],[-74.408,40.172],[-74.552,40.08],[-74.588,40.138],[-74.616,40.182],[-74.562,40.19],[-74.544,40.216],[-74.484,40.254]]]}},{"type":"Feature","id":"39087","properties":{"n":"Lawrence","f":"39087"},"geometry":{"type":"Polygon","coordinates":[[[-82.814,38.57],[-82.738,38.598],[-82.768,38.644],[-82.764,38.68],[-82.706,38.678],[-82.696,38.75],[-82.664,38.748],[-82.65,38.85],[-82.574,38.844],[-82.58,38.778],[-82.484,38.772],[-82.466,38.742],[-82.474,38.682],[-82.354,38.676],[-82.362,38.586],[-82.286,38.582],[-82.304,38.49],[-82.322,38.448],[-82.406,38.44],[-82.51,38.412],[-82.552,38.404],[-82.596,38.422],[-82.616,38.478],[-82.668,38.506],[-82.724,38.558],[-82.814,38.57]]]}},{"type":"Feature","id":"26103","properties":{"n":"Marquette","f":"26103"},"geometry":{"type":"Polygon","coordinates":[[[-88.116,46.42],[-88.116,46.678],[-87.99,46.68],[-87.99,46.766],[-88.044,46.766],[-88.044,46.912],[-87.9,46.91],[-87.846,46.884],[-87.818,46.89],[-87.756,46.86],[-87.728,46.828],[-87.674,46.836],[-87.596,46.782],[-87.584,46.73],[-87.524,46.688],[-87.502,46.648],[-87.452,46.606],[-87.384,46.592],[-87.39,46.524],[-87.352,46.5],[-87.258,46.488],[-87.118,46.494],[-87.118,46.158],[-87.24,46.158],[-87.244,45.986],[-87.37,45.986],[-87.616,45.986],[-87.616,46.246],[-88.116,46.246],[-88.116,46.42]]]}},{"type":"Feature","id":"13229","properties":{"n":"Pierce","f":"13229"},"geometry":{"type":"Polygon","coordinates":[[[-82.416,31.418],[-82.344,31.43],[-82.302,31.468],[-82.302,31.494],[-82.268,31.494],[-82.226,31.53],[-82.154,31.47],[-82.132,31.472],[-82.09,31.48],[-82.054,31.454],[-82.056,31.408],[-82.042,31.374],[-82.022,31.328],[-81.992,31.308],[-82.006,31.278],[-82.114,31.27],[-82.146,31.252],[-82.146,31.226],[-82.194,31.208],[-82.284,31.224],[-82.316,31.226],[-82.358,31.264],[-82.39,31.31],[-82.39,31.366],[-82.416,31.418]]]}},{"type":"Feature","id":"42033","properties":{"n":"Clearfield","f":"42033"},"geometry":{"type":"Polygon","coordinates":[[[-78.806,40.906],[-78.806,41.132],[-78.766,41.204],[-78.712,41.202],[-78.648,41.218],[-78.648,41.254],[-78.238,41.23],[-78.094,41.216],[-78.036,41.154],[-78.07,41.124],[-78.112,41.114],[-78.08,41.032],[-78.058,41.004],[-78.088,40.994],[-78.076,40.96],[-78.156,40.942],[-78.22,40.912],[-78.248,40.856],[-78.288,40.85],[-78.314,40.808],[-78.378,40.754],[-78.36,40.732],[-78.35,40.724],[-78.802,40.724],[-78.806,40.906]]]}},{"type":"Feature","id":"27029","properties":{"n":"Clearwater","f":"27029"},"geometry":{"type":"Polygon","coordinates":[[[-95.582,48.02],[-95.23,48.02],[-95.276,47.944],[-95.248,47.884],[-95.194,47.872],[-95.194,47.674],[-95.182,47.414],[-95.182,47.326],[-95.168,47.326],[-95.168,47.152],[-95.552,47.152],[-95.552,47.5],[-95.552,47.674],[-95.578,47.674],[-95.582,47.934],[-95.582,48.02]]]}},{"type":"Feature","id":"13155","properties":{"n":"Irwin","f":"13155"},"geometry":{"type":"Polygon","coordinates":[[[-83.5,31.594],[-83.49,31.696],[-83.454,31.708],[-83.454,31.758],[-83.324,31.756],[-83.324,31.68],[-83.266,31.68],[-83.266,31.654],[-83.176,31.652],[-83.176,31.678],[-82.998,31.674],[-83.016,31.636],[-83.058,31.612],[-83.058,31.566],[-83.112,31.478],[-83.144,31.472],[-83.338,31.476],[-83.378,31.482],[-83.396,31.532],[-83.42,31.554],[-83.5,31.57],[-83.5,31.594]]]}},{"type":"Feature","id":"27035","properties":{"n":"Crow Wing","f":"27035"},"geometry":{"type":"Polygon","coordinates":[[[-94.344,46.278],[-94.328,46.29],[-94.332,46.632],[-94.346,46.632],[-94.344,46.806],[-93.776,46.804],[-93.78,46.59],[-93.812,46.584],[-93.812,46.25],[-93.798,46.244],[-93.812,46.244],[-93.812,46.156],[-94.376,46.158],[-94.364,46.18],[-94.396,46.212],[-94.344,46.278]]]}},{"type":"Feature","id":"30087","properties":{"n":"Rosebud","f":"30087"},"geometry":{"type":"Polygon","coordinates":[[[-107.892,46.852],[-107.47,46.852],[-107.47,46.86],[-106.718,46.86],[-106.718,46.846],[-106.088,46.846],[-106.12,46.832],[-106.12,46.484],[-106.156,46.484],[-106.152,46.138],[-106.192,46.138],[-106.192,45.788],[-106.234,45.788],[-106.23,45.756],[-106.234,45.352],[-106.282,45.352],[-106.282,45.18],[-106.77,45.18],[-106.77,45.354],[-106.73,45.352],[-106.73,45.672],[-106.912,45.684],[-106.912,45.788],[-106.876,45.788],[-106.876,45.832],[-106.938,45.832],[-106.938,45.87],[-106.938,46.136],[-107.006,46.134],[-107.006,46.306],[-107.028,46.306],[-107.028,46.396],[-107.154,46.396],[-107.154,46.468],[-107.174,46.482],[-107.738,46.482],[-107.782,46.496],[-107.796,46.496],[-107.796,46.598],[-107.838,46.598],[-107.792,46.68],[-107.824,46.704],[-107.828,46.756],[-107.842,46.802],[-107.892,46.852]]]}},{"type":"Feature","id":"39169","properties":{"n":"Wayne","f":"39169"},"geometry":{"type":"Polygon","coordinates":[[[-82.128,40.992],[-81.688,40.988],[-81.648,40.988],[-81.648,40.914],[-81.652,40.668],[-82.126,40.668],[-82.128,40.992]]]}},{"type":"Feature","id":"12051","properties":{"n":"Hendry","f":"12051"},"geometry":{"type":"Polygon","coordinates":[[[-81.566,26.77],[-80.944,26.77],[-80.886,26.958],[-80.886,26.744],[-80.88,26.334],[-80.88,26.26],[-81.268,26.252],[-81.27,26.518],[-81.566,26.514],[-81.566,26.77]]]}},{"type":"Feature","id":"13181","properties":{"n":"Lincoln","f":"13181"},"geometry":{"type":"Polygon","coordinates":[[[-82.646,33.984],[-82.602,33.98],[-82.564,33.956],[-82.524,33.944],[-82.456,33.882],[-82.352,33.836],[-82.248,33.752],[-82.218,33.686],[-82.276,33.684],[-82.308,33.7],[-82.412,33.666],[-82.426,33.652],[-82.48,33.64],[-82.574,33.786],[-82.596,33.828],[-82.578,33.874],[-82.606,33.86],[-82.646,33.984]]]}},{"type":"Feature","id":"13183","properties":{"n":"Long","f":"13183"},"geometry":{"type":"Polygon","coordinates":[[[-81.824,32.014],[-81.794,31.978],[-81.748,31.968],[-81.744,31.936],[-81.766,31.874],[-81.688,31.81],[-81.644,31.786],[-81.64,31.766],[-81.494,31.7],[-81.566,31.576],[-81.662,31.538],[-81.698,31.554],[-81.698,31.578],[-81.792,31.634],[-81.812,31.664],[-81.852,31.668],[-81.91,31.75],[-81.97,31.79],[-81.914,31.886],[-81.882,31.918],[-81.878,31.968],[-81.824,32.014]]]}},{"type":"Feature","id":"48469","properties":{"n":"Victoria","f":"48469"},"geometry":{"type":"Polygon","coordinates":[[[-97.304,28.864],[-96.978,29.104],[-96.938,29.064],[-96.83,29.022],[-96.79,28.918],[-96.74,28.894],[-96.712,28.852],[-96.72,28.818],[-96.644,28.712],[-96.722,28.67],[-96.852,28.634],[-96.93,28.586],[-96.902,28.568],[-96.892,28.506],[-96.916,28.486],[-96.982,28.5],[-97.046,28.55],[-97.092,28.534],[-97.106,28.556],[-97.16,28.554],[-97.154,28.57],[-97.182,28.61],[-97.16,28.776],[-97.186,28.832],[-97.232,28.866],[-97.304,28.846],[-97.304,28.864]]]}},{"type":"Feature","id":"39025","properties":{"n":"Clermont","f":"39025"},"geometry":{"type":"Polygon","coordinates":[[[-84.26,39.27],[-84.006,39.254],[-83.992,39.254],[-84.052,38.772],[-84.214,38.806],[-84.232,38.828],[-84.232,38.874],[-84.24,38.9],[-84.29,38.956],[-84.318,39.022],[-84.3,39.174],[-84.276,39.204],[-84.322,39.224],[-84.26,39.27]]]}},{"type":"Feature","id":"29186","properties":{"n":"Ste. Genevieve","f":"29186"},"geometry":{"type":"Polygon","coordinates":[[[-90.416,38.042],[-90.33,38.094],[-90.294,38.088],[-90.252,38.128],[-90.208,38.088],[-90.13,38.062],[-90.09,38.016],[-90.062,38.016],[-90,37.964],[-89.942,37.97],[-89.932,37.948],[-89.974,37.926],[-89.94,37.876],[-90,37.822],[-90.112,37.672],[-90.154,37.7],[-90.202,37.67],[-90.46,37.88],[-90.324,37.982],[-90.416,38.042]]]}},{"type":"Feature","id":"31153","properties":{"n":"Sarpy","f":"31153"},"geometry":{"type":"Polygon","coordinates":[[[-96.328,41.19],[-95.922,41.19],[-95.84,41.174],[-95.88,41.16],[-95.864,41.08],[-95.88,41.054],[-95.986,41.052],[-96.034,41.066],[-96.11,41.048],[-96.144,41.018],[-96.206,40.996],[-96.284,41.022],[-96.32,41.044],[-96.338,41.082],[-96.31,41.116],[-96.328,41.19]]]}},{"type":"Feature","id":"51179","properties":{"n":"Stafford","f":"51179"},"geometry":{"type":"Polygon","coordinates":[[[-77.634,38.41],[-77.634,38.466],[-77.53,38.556],[-77.488,38.592],[-77.42,38.564],[-77.372,38.522],[-77.302,38.504],[-77.326,38.448],[-77.312,38.392],[-77.286,38.35],[-77.322,38.346],[-77.344,38.262],[-77.326,38.246],[-77.37,38.246],[-77.42,38.258],[-77.448,38.284],[-77.466,38.318],[-77.502,38.326],[-77.53,38.308],[-77.616,38.368],[-77.634,38.41]]]}},{"type":"Feature","id":"27037","properties":{"n":"Dakota","f":"27037"},"geometry":{"type":"Polygon","coordinates":[[[-93.33,44.792],[-93.252,44.812],[-93.212,44.84],[-93.18,44.888],[-93.13,44.92],[-93.05,44.92],[-93.018,44.89],[-93.004,44.772],[-92.928,44.782],[-92.882,44.774],[-92.854,44.748],[-92.804,44.746],[-92.732,44.714],[-92.732,44.63],[-92.792,44.63],[-92.792,44.544],[-92.918,44.544],[-92.918,44.518],[-92.954,44.506],[-93.04,44.516],[-93.04,44.472],[-93.28,44.472],[-93.28,44.544],[-93.278,44.63],[-93.32,44.63],[-93.316,44.718],[-93.33,44.792]]]}},{"type":"Feature","id":"27061","properties":{"n":"Itasca","f":"27061"},"geometry":{"type":"Polygon","coordinates":[[[-94.418,47.846],[-93.776,47.846],[-93.776,47.9],[-93.08,47.892],[-93.084,47.72],[-93.062,47.72],[-93.068,47.394],[-93.066,47.11],[-93.054,47.026],[-93.776,47.03],[-93.776,47.212],[-93.812,47.234],[-93.772,47.304],[-93.888,47.318],[-93.912,47.298],[-94.042,47.372],[-94.028,47.408],[-94.082,47.468],[-94.116,47.482],[-94.328,47.416],[-94.414,47.444],[-94.418,47.846]]]}},{"type":"Feature","id":"26069","properties":{"n":"Iosco","f":"26069"},"geometry":{"type":"Polygon","coordinates":[[[-83.888,44.508],[-83.316,44.512],[-83.332,44.34],[-83.374,44.328],[-83.424,44.272],[-83.51,44.274],[-83.55,44.226],[-83.564,44.164],[-83.884,44.162],[-83.888,44.508]]]}},{"type":"Feature","id":"20159","properties":{"n":"Rice","f":"20159"},"geometry":{"type":"Polygon","coordinates":[[[-98.482,38.522],[-97.926,38.522],[-97.922,38.174],[-98.14,38.174],[-98.14,38.16],[-98.216,38.158],[-98.216,38.174],[-98.474,38.174],[-98.47,38.26],[-98.482,38.26],[-98.482,38.522]]]}},{"type":"Feature","id":"20209","properties":{"n":"Wyandotte","f":"20209"},"geometry":{"type":"Polygon","coordinates":[[[-94.774,39.2],[-94.764,39.18],[-94.712,39.17],[-94.68,39.184],[-94.662,39.158],[-94.602,39.16],[-94.608,39.114],[-94.608,39.044],[-94.802,39.044],[-94.87,39.058],[-94.91,38.992],[-94.9,39.204],[-94.774,39.2]]]}},{"type":"Feature","id":"48479","properties":{"n":"Webb","f":"48479"},"geometry":{"type":"Polygon","coordinates":[[[-100.212,28.196],[-100.114,28.198],[-99.394,28.204],[-99.39,28.03],[-98.804,28.058],[-98.798,27.354],[-98.798,27.268],[-98.956,27.27],[-99.332,27.274],[-99.372,27.318],[-99.454,27.264],[-99.498,27.272],[-99.494,27.304],[-99.536,27.312],[-99.504,27.338],[-99.486,27.412],[-99.498,27.44],[-99.482,27.49],[-99.53,27.5],[-99.512,27.564],[-99.554,27.614],[-99.58,27.602],[-99.604,27.642],[-99.638,27.626],[-99.67,27.66],[-99.706,27.654],[-99.77,27.732],[-99.802,27.742],[-99.814,27.774],[-99.842,27.766],[-99.878,27.8],[-99.878,27.842],[-99.902,27.864],[-99.892,27.9],[-99.938,27.94],[-99.932,27.982],[-99.992,27.994],[-100.018,28.064],[-100.054,28.084],[-100.082,28.144],[-100.162,28.168],[-100.212,28.196]]]}},{"type":"Feature","id":"48481","properties":{"n":"Wharton","f":"48481"},"geometry":{"type":"Polygon","coordinates":[[[-96.174,29.634],[-96.11,29.622],[-96.088,29.602],[-96.058,29.588],[-96.04,29.54],[-96.056,29.512],[-96.022,29.502],[-96.058,29.474],[-95.972,29.412],[-95.948,29.372],[-95.948,29.334],[-95.894,29.316],[-95.876,29.266],[-95.848,29.262],[-95.876,29.23],[-95.966,29.146],[-96.31,28.964],[-96.64,29.248],[-96.35,29.406],[-96.306,29.514],[-96.174,29.634]]]}},{"type":"Feature","id":"13207","properties":{"n":"Monroe","f":"13207"},"geometry":{"type":"Polygon","coordinates":[[[-84.124,32.932],[-84.052,32.932],[-84.042,33.03],[-84.042,33.202],[-83.858,33.2],[-83.822,33.18],[-83.816,33.132],[-83.748,33.064],[-83.712,32.952],[-83.892,32.848],[-84.124,32.85],[-84.124,32.932]]]}},{"type":"Feature","id":"13219","properties":{"n":"Oconee","f":"13219"},"geometry":{"type":"Polygon","coordinates":[[[-83.646,33.906],[-83.536,33.966],[-83.508,33.932],[-83.42,33.926],[-83.324,33.854],[-83.278,33.848],[-83.306,33.812],[-83.28,33.762],[-83.292,33.734],[-83.406,33.698],[-83.446,33.722],[-83.478,33.802],[-83.508,33.818],[-83.576,33.848],[-83.582,33.884],[-83.63,33.888],[-83.646,33.906]]]}},{"type":"Feature","id":"13225","properties":{"n":"Peach","f":"13225"},"geometry":{"type":"Polygon","coordinates":[[[-84.01,32.522],[-84.002,32.53],[-83.766,32.692],[-83.7,32.692],[-83.718,32.634],[-83.718,32.532],[-83.748,32.534],[-83.748,32.506],[-83.798,32.496],[-83.798,32.446],[-83.848,32.468],[-83.934,32.506],[-84.016,32.506],[-84.01,32.522]]]}},{"type":"Feature","id":"13239","properties":{"n":"Quitman","f":"13239"},"geometry":{"type":"Polygon","coordinates":[[[-85.062,31.99],[-85.044,31.976],[-84.954,31.974],[-84.954,31.95],[-84.906,31.924],[-84.91,31.776],[-84.958,31.778],[-85.076,31.772],[-85.126,31.78],[-85.14,31.84],[-85.13,31.878],[-85.08,31.94],[-85.062,31.99]]]}},{"type":"Feature","id":"39031","properties":{"n":"Coshocton","f":"39031"},"geometry":{"type":"Polygon","coordinates":[[[-82.186,40.456],[-81.708,40.444],[-81.712,40.37],[-81.616,40.368],[-81.622,40.222],[-81.67,40.222],[-81.67,40.15],[-81.716,40.152],[-82.186,40.166],[-82.182,40.238],[-82.196,40.24],[-82.186,40.456]]]}},{"type":"Feature","id":"13243","properties":{"n":"Randolph","f":"13243"},"geometry":{"type":"Polygon","coordinates":[[[-84.958,31.778],[-84.91,31.776],[-84.906,31.924],[-84.656,31.92],[-84.598,31.92],[-84.602,31.772],[-84.57,31.762],[-84.538,31.676],[-84.548,31.622],[-84.588,31.622],[-84.648,31.644],[-84.656,31.62],[-84.818,31.62],[-84.942,31.618],[-84.96,31.712],[-84.958,31.778]]]}},{"type":"Feature","id":"34037","properties":{"n":"Sussex","f":"34037"},"geometry":{"type":"Polygon","coordinates":[[[-74.994,41.092],[-74.922,41.138],[-74.882,41.18],[-74.832,41.288],[-74.752,41.346],[-74.696,41.358],[-74.368,41.204],[-74.502,41.086],[-74.642,40.964],[-74.652,40.922],[-74.71,40.898],[-74.732,40.922],[-74.77,40.91],[-74.968,41.094],[-74.994,41.092]]]}},{"type":"Feature","id":"01007","properties":{"n":"Bibb","f":"01007"},"geometry":{"type":"Polygon","coordinates":[[[-87.422,33.004],[-87.318,33.006],[-87.312,33.094],[-87.282,33.132],[-87.2,33.13],[-87.2,33.196],[-87.154,33.232],[-87.104,33.222],[-87.064,33.248],[-87.028,33.246],[-87.024,33.166],[-86.97,33.158],[-86.97,33.098],[-86.934,33.064],[-86.88,33.05],[-86.878,32.836],[-87.02,32.836],[-87.318,32.832],[-87.318,32.876],[-87.422,32.874],[-87.422,33.004]]]}},{"type":"Feature","id":"29111","properties":{"n":"Lewis","f":"29111"},"geometry":{"type":"Polygon","coordinates":[[[-91.95,40.258],[-91.496,40.248],[-91.504,40.2],[-91.514,40.178],[-91.494,40.036],[-91.436,39.946],[-91.842,39.948],[-91.952,39.95],[-91.95,40.258]]]}},{"type":"Feature","id":"36081","properties":{"n":"Queens","f":"36081"},"geometry":{"type":"Polygon","coordinates":[[[-73.912,40.796],[-73.788,40.802],[-73.77,40.8],[-73.702,40.752],[-73.726,40.724],[-73.726,40.654],[-73.77,40.624],[-73.752,40.59],[-73.834,40.578],[-73.942,40.544],[-73.934,40.57],[-73.848,40.588],[-73.834,40.628],[-73.856,40.642],[-73.87,40.694],[-73.894,40.682],[-73.928,40.726],[-73.964,40.736],[-73.912,40.796]]]}},{"type":"Feature","id":"37033","properties":{"n":"Caswell","f":"37033"},"geometry":{"type":"Polygon","coordinates":[[[-79.512,36.54],[-79.47,36.54],[-79.344,36.54],[-79.218,36.542],[-79.138,36.542],[-79.154,36.242],[-79.258,36.244],[-79.53,36.25],[-79.512,36.54]]]}},{"type":"Feature","id":"26131","properties":{"n":"Ontonagon","f":"26131"},"geometry":{"type":"Polygon","coordinates":[[[-89.888,46.766],[-89.792,46.818],[-89.674,46.834],[-89.62,46.818],[-89.516,46.842],[-89.436,46.84],[-89.25,46.904],[-89.142,46.984],[-88.988,46.998],[-88.934,47.032],[-88.934,46.764],[-88.862,46.766],[-88.866,46.68],[-88.988,46.68],[-88.992,46.42],[-88.992,46.332],[-89.364,46.334],[-89.364,46.506],[-89.742,46.506],[-89.742,46.592],[-89.864,46.592],[-89.864,46.766],[-89.888,46.766]]]}},{"type":"Feature","id":"12055","properties":{"n":"Highlands","f":"12055"},"geometry":{"type":"Polygon","coordinates":[[[-81.562,27.648],[-81.142,27.644],[-81.142,27.598],[-81.214,27.528],[-81.206,27.49],[-81.138,27.434],[-81.142,27.412],[-81.098,27.38],[-81.08,27.386],[-81.034,27.36],[-81.048,27.34],[-81.024,27.302],[-80.998,27.294],[-80.994,27.252],[-80.944,27.21],[-81.17,27.21],[-81.166,27.122],[-81.268,27.122],[-81.268,27.032],[-81.562,27.034],[-81.566,27.34],[-81.562,27.648]]]}},{"type":"Feature","id":"37089","properties":{"n":"Henderson","f":"37089"},"geometry":{"type":"Polygon","coordinates":[[[-82.266,35.468],[-82.28,35.444],[-82.262,35.394],[-82.348,35.28],[-82.354,35.192],[-82.39,35.216],[-82.434,35.17],[-82.458,35.178],[-82.574,35.144],[-82.592,35.164],[-82.61,35.288],[-82.746,35.424],[-82.674,35.46],[-82.62,35.436],[-82.456,35.45],[-82.416,35.474],[-82.37,35.466],[-82.334,35.5],[-82.266,35.468]]]}},{"type":"Feature","id":"19029","properties":{"n":"Cass","f":"19029"},"geometry":{"type":"Polygon","coordinates":[[[-95.154,41.506],[-95.04,41.504],[-94.702,41.504],[-94.698,41.332],[-94.702,41.158],[-94.928,41.158],[-95.154,41.16],[-95.154,41.506]]]}},{"type":"Feature","id":"39097","properties":{"n":"Madison","f":"39097"},"geometry":{"type":"Polygon","coordinates":[[[-83.646,39.772],[-83.59,39.768],[-83.51,40.01],[-83.518,40.01],[-83.504,40.112],[-83.206,40.108],[-83.212,40.048],[-83.256,40.048],[-83.248,39.97],[-83.228,39.932],[-83.252,39.916],[-83.244,39.812],[-83.252,39.696],[-83.654,39.716],[-83.646,39.772]]]}},{"type":"Feature","id":"12061","properties":{"n":"Indian River","f":"12061"},"geometry":{"type":"Polygon","coordinates":[[[-80.868,27.822],[-80.51,27.822],[-80.492,27.854],[-80.446,27.86],[-80.384,27.74],[-80.32,27.558],[-80.678,27.558],[-80.776,27.558],[-80.78,27.644],[-80.872,27.642],[-80.884,27.822],[-80.868,27.822]]]}},{"type":"Feature","id":"13259","properties":{"n":"Stewart","f":"13259"},"geometry":{"type":"Polygon","coordinates":[[[-85.05,32.062],[-85.058,32.136],[-85.01,32.18],[-84.96,32.198],[-84.968,32.218],[-84.922,32.23],[-84.66,32.232],[-84.648,32.232],[-84.63,32.184],[-84.642,32.16],[-84.644,32.03],[-84.656,32.028],[-84.656,31.92],[-84.906,31.924],[-84.954,31.95],[-84.954,31.974],[-85.044,31.976],[-85.062,31.99],[-85.05,32.062]]]}},{"type":"Feature","id":"39035","properties":{"n":"Cuyahoga","f":"39035"},"geometry":{"type":"Polygon","coordinates":[[[-81.968,41.506],[-81.878,41.484],[-81.81,41.496],[-81.738,41.488],[-81.634,41.54],[-81.53,41.614],[-81.49,41.632],[-81.486,41.57],[-81.39,41.57],[-81.392,41.348],[-81.598,41.35],[-81.566,41.278],[-81.684,41.276],[-81.878,41.276],[-81.878,41.35],[-81.97,41.352],[-81.968,41.506]]]}},{"type":"Feature","id":"13159","properties":{"n":"Jasper","f":"13159"},"geometry":{"type":"Polygon","coordinates":[[[-83.862,33.368],[-83.83,33.394],[-83.826,33.438],[-83.772,33.452],[-83.736,33.48],[-83.676,33.486],[-83.682,33.526],[-83.532,33.434],[-83.54,33.394],[-83.546,33.172],[-83.816,33.132],[-83.822,33.18],[-83.816,33.242],[-83.84,33.328],[-83.862,33.368]]]}},{"type":"Feature","id":"13117","properties":{"n":"Forsyth","f":"13117"},"geometry":{"type":"Polygon","coordinates":[[[-84.258,34.186],[-84.258,34.334],[-83.956,34.334],[-83.934,34.284],[-83.948,34.24],[-83.988,34.196],[-84.032,34.196],[-84.064,34.168],[-84.1,34.122],[-84.118,34.066],[-84.1,34.05],[-84.142,34.056],[-84.188,34.086],[-84.258,34.11],[-84.258,34.186]]]}},{"type":"Feature","id":"42101","properties":{"n":"Philadelphia","f":"42101"},"geometry":{"type":"Polygon","coordinates":[[[-75.276,39.978],[-75.204,40.012],[-75.266,40.054],[-75.222,40.094],[-75.176,40.084],[-75.112,40.046],[-75.014,40.138],[-74.964,40.118],[-74.976,40.05],[-75.062,39.992],[-75.13,39.96],[-75.14,39.888],[-75.212,39.866],[-75.262,39.876],[-75.234,39.938],[-75.276,39.978]]]}},{"type":"Feature","id":"36083","properties":{"n":"Rensselaer","f":"36083"},"geometry":{"type":"Polygon","coordinates":[[[-73.676,42.784],[-73.658,42.818],[-73.68,42.912],[-73.636,42.94],[-73.45,42.944],[-73.432,42.958],[-73.382,42.944],[-73.274,42.944],[-73.278,42.834],[-73.292,42.802],[-73.264,42.746],[-73.352,42.51],[-73.784,42.464],[-73.752,42.566],[-73.758,42.614],[-73.708,42.694],[-73.676,42.784]]]}},{"type":"Feature","id":"37071","properties":{"n":"Gaston","f":"37071"},"geometry":{"type":"Polygon","coordinates":[[[-81.454,35.42],[-80.956,35.4],[-80.988,35.38],[-80.922,35.36],[-80.984,35.34],[-81.016,35.27],[-81.008,35.156],[-81.042,35.15],[-81.328,35.164],[-81.322,35.26],[-81.354,35.278],[-81.358,35.33],[-81.4,35.352],[-81.454,35.42]]]}},{"type":"Feature","id":"29207","properties":{"n":"Stoddard","f":"29207"},"geometry":{"type":"Polygon","coordinates":[[[-90.258,36.922],[-90.222,36.936],[-90.186,36.994],[-90.15,37.008],[-90.148,37.042],[-90.112,37.04],[-89.996,37.04],[-89.96,37.054],[-89.96,37.128],[-89.868,37.126],[-89.766,37.126],[-89.788,37.088],[-89.72,36.99],[-89.716,36.954],[-89.684,36.924],[-89.692,36.86],[-89.706,36.86],[-89.698,36.74],[-89.702,36.628],[-89.96,36.63],[-90.148,36.63],[-90.14,36.696],[-90.204,36.772],[-90.198,36.804],[-90.216,36.842],[-90.258,36.88],[-90.258,36.922]]]}},{"type":"Feature","id":"31069","properties":{"n":"Garden","f":"31069"},"geometry":{"type":"Polygon","coordinates":[[[-102.678,42.006],[-102.068,42.008],[-102.068,41.742],[-101.984,41.742],[-101.984,41.394],[-102.056,41.396],[-102.056,41.222],[-102.61,41.222],[-102.61,41.396],[-102.638,41.396],[-102.638,41.44],[-102.638,41.744],[-102.666,41.744],[-102.678,41.802],[-102.678,42.006]]]}},{"type":"Feature","id":"01109","properties":{"n":"Pike","f":"01109"},"geometry":{"type":"Polygon","coordinates":[[[-86.192,31.966],[-85.994,31.968],[-85.998,32.052],[-85.894,32.048],[-85.884,31.968],[-85.79,31.968],[-85.79,31.88],[-85.656,31.88],[-85.678,31.856],[-85.664,31.784],[-85.696,31.748],[-85.718,31.698],[-85.714,31.66],[-85.746,31.618],[-85.79,31.618],[-86.146,31.618],[-86.182,31.616],[-86.148,31.664],[-86.148,31.792],[-86.198,31.79],[-86.184,31.832],[-86.174,31.93],[-86.192,31.966]]]}},{"type":"Feature","id":"42123","properties":{"n":"Warren","f":"42123"},"geometry":{"type":"Polygon","coordinates":[[[-79.612,41.85],[-79.612,42],[-79.06,42],[-78.92,41.998],[-78.916,41.842],[-78.948,41.83],[-78.956,41.624],[-78.956,41.624],[-79.512,41.624],[-79.612,41.624],[-79.612,41.85]]]}},{"type":"Feature","id":"20099","properties":{"n":"Labette","f":"20099"},"geometry":{"type":"Polygon","coordinates":[[[-95.52,37.384],[-95.09,37.384],[-95.076,37.34],[-95.076,37.048],[-95.072,37],[-95.41,37],[-95.524,37],[-95.516,37.252],[-95.52,37.384]]]}},{"type":"Feature","id":"19039","properties":{"n":"Clarke","f":"19039"},"geometry":{"type":"Polygon","coordinates":[[[-94.012,41.156],[-93.79,41.162],[-93.558,41.16],[-93.558,40.898],[-94.016,40.898],[-94.012,41.156]]]}},{"type":"Feature","id":"37177","properties":{"n":"Tyrrell","f":"37177"},"geometry":{"type":"Polygon","coordinates":[[[-76.364,35.944],[-76.318,35.948],[-76.27,35.974],[-76.178,35.994],[-76.062,35.992],[-76.012,35.958],[-76.012,35.92],[-76.062,35.854],[-76.052,35.806],[-76.044,35.666],[-76.092,35.67],[-76.146,35.702],[-76.17,35.698],[-76.178,35.656],[-76.218,35.598],[-76.296,35.608],[-76.27,35.69],[-76.408,35.698],[-76.408,35.786],[-76.354,35.862],[-76.378,35.914],[-76.364,35.944]]]}},{"type":"Feature","id":"08053","properties":{"n":"Hinsdale","f":"08053"},"geometry":{"type":"Polygon","coordinates":[[[-107.57,38.148],[-107.002,38.148],[-106.998,37.956],[-107.068,37.96],[-107.138,37.938],[-107.146,37.676],[-107.124,37.674],[-107.128,37.424],[-107.484,37.422],[-107.484,37.64],[-107.484,37.768],[-107.458,37.782],[-107.47,37.81],[-107.516,37.826],[-107.538,37.874],[-107.52,37.902],[-107.534,37.944],[-107.57,37.966],[-107.592,37.992],[-107.548,37.998],[-107.512,38.06],[-107.566,38.1],[-107.57,38.148]]]}},{"type":"Feature","id":"48273","properties":{"n":"Kleberg","f":"48273"},"geometry":{"type":"MultiPolygon","coordinates":[[[[-97.268,27.576],[-97.222,27.576],[-97.298,27.428],[-97.348,27.278],[-97.376,27.278],[-97.362,27.352],[-97.304,27.508],[-97.268,27.576]]],[[[-97.944,27.636],[-97.89,27.62],[-97.874,27.588],[-97.84,27.558],[-97.326,27.562],[-97.372,27.426],[-97.368,27.412],[-97.412,27.322],[-97.484,27.298],[-97.508,27.276],[-97.548,27.29],[-97.498,27.308],[-97.488,27.36],[-97.516,27.362],[-97.538,27.336],[-97.61,27.286],[-97.638,27.282],[-97.728,27.266],[-97.786,27.284],[-97.842,27.244],[-97.95,27.232],[-97.986,27.208],[-97.986,27.26],[-98.058,27.262],[-98.058,27.636],[-97.944,27.636]]]]}},{"type":"Feature","id":"51035","properties":{"n":"Carroll","f":"51035"},"geometry":{"type":"Polygon","coordinates":[[[-80.74,36.88],[-80.682,36.894],[-80.636,36.932],[-80.464,36.708],[-80.466,36.674],[-80.524,36.644],[-80.596,36.662],[-80.622,36.618],[-80.61,36.558],[-80.704,36.562],[-80.836,36.558],[-80.916,36.65],[-80.88,36.692],[-80.92,36.694],[-80.934,36.672],[-81.042,36.806],[-80.85,36.85],[-80.74,36.88]]]}},{"type":"Feature","id":"41045","properties":{"n":"Malheur","f":"41045"},"geometry":{"type":"Polygon","coordinates":[[[-118.234,44.256],[-118.154,44.27],[-118.15,44.3],[-118.094,44.33],[-118.072,44.372],[-118.032,44.39],[-118.01,44.43],[-117.972,44.444],[-117.59,44.444],[-117.57,44.416],[-117.486,44.388],[-117.486,44.3],[-117.222,44.302],[-117.172,44.258],[-117.102,44.28],[-117.046,44.23],[-116.974,44.24],[-116.966,44.194],[-116.902,44.18],[-116.898,44.154],[-116.934,44.1],[-116.978,44.086],[-116.974,44.05],[-116.934,44.022],[-116.938,43.984],[-116.98,43.916],[-116.98,43.88],[-117.02,43.86],[-117.028,43.808],[-117.028,43.68],[-117.028,42],[-117.624,41.998],[-118.198,41.996],[-118.194,42.276],[-118.216,42.276],[-118.216,42.916],[-118.23,42.914],[-118.23,43.348],[-118.234,43.374],[-118.234,43.77],[-118.226,43.798],[-118.226,44.04],[-118.234,44.256]]]}},{"type":"Feature","id":"21071","properties":{"n":"Floyd","f":"21071"},"geometry":{"type":"Polygon","coordinates":[[[-82.94,37.716],[-82.9,37.704],[-82.872,37.728],[-82.764,37.756],[-82.642,37.72],[-82.564,37.686],[-82.614,37.67],[-82.598,37.642],[-82.624,37.504],[-82.598,37.504],[-82.588,37.446],[-82.62,37.388],[-82.668,37.37],[-82.652,37.352],[-82.67,37.308],[-82.71,37.286],[-82.754,37.308],[-82.764,37.352],[-82.756,37.414],[-82.782,37.43],[-82.836,37.414],[-82.832,37.466],[-82.926,37.486],[-82.896,37.51],[-82.89,37.564],[-82.904,37.64],[-82.948,37.678],[-82.94,37.716]]]}},{"type":"Feature","id":"48201","properties":{"n":"Harris","f":"48201"},"geometry":{"type":"Polygon","coordinates":[[[-95.804,30.09],[-95.76,30.086],[-95.672,30.102],[-95.62,30.136],[-95.592,30.136],[-95.552,30.17],[-95.502,30.144],[-95.474,30.104],[-95.424,30.116],[-95.294,30.028],[-95.252,30.044],[-95.096,30.168],[-95.032,29.994],[-94.986,29.972],[-95,29.92],[-94.982,29.884],[-94.978,29.868],[-94.91,29.822],[-94.914,29.766],[-94.946,29.716],[-94.914,29.698],[-94.932,29.674],[-94.968,29.7],[-95.008,29.658],[-95.014,29.628],[-94.982,29.602],[-95.018,29.556],[-95.064,29.558],[-95.09,29.532],[-95.09,29.532],[-95.104,29.51],[-95.166,29.498],[-95.216,29.556],[-95.254,29.554],[-95.262,29.592],[-95.33,29.598],[-95.344,29.586],[-95.424,29.58],[-95.6,29.66],[-95.826,29.788],[-95.962,30.164],[-95.912,30.128],[-95.876,30.122],[-95.83,30.082],[-95.804,30.09]]]}},{"type":"Feature","id":"51700","properties":{"n":"Newport News","f":"51700"},"geometry":{"type":"Polygon","coordinates":[[[-76.612,37.168],[-76.58,37.182],[-76.59,37.214],[-76.566,37.22],[-76.516,37.178],[-76.462,37.102],[-76.436,37.094],[-76.45,37.038],[-76.39,36.99],[-76.428,36.97],[-76.464,37.028],[-76.568,37.08],[-76.62,37.12],[-76.612,37.168]]]}},{"type":"Feature","id":"36085","properties":{"n":"Richmond","f":"36085"},"geometry":{"type":"Polygon","coordinates":[[[-74.204,40.594],[-74.204,40.63],[-74.16,40.644],[-74.07,40.66],[-74.052,40.604],[-74.086,40.57],[-74.222,40.502],[-74.26,40.502],[-74.25,40.544],[-74.218,40.558],[-74.204,40.594]]]}},{"type":"Feature","id":"36111","properties":{"n":"Ulster","f":"36111"},"geometry":{"type":"Polygon","coordinates":[[[-74.782,42.016],[-74.452,42.17],[-74.308,42.114],[-74.074,42.096],[-74.042,42.17],[-74.002,42.178],[-73.91,42.128],[-73.93,42.078],[-73.938,42.006],[-73.964,41.91],[-73.942,41.874],[-73.952,41.77],[-73.942,41.756],[-73.952,41.59],[-74.052,41.58],[-74.136,41.616],[-74.128,41.582],[-74.25,41.606],[-74.264,41.632],[-74.368,41.592],[-74.394,41.644],[-74.576,41.746],[-74.454,41.876],[-74.782,42.016]]]}},{"type":"Feature","id":"37059","properties":{"n":"Davie","f":"37059"},"geometry":{"type":"Polygon","coordinates":[[[-80.708,35.852],[-80.694,36.052],[-80.496,36.046],[-80.464,36.062],[-80.416,36.016],[-80.396,35.974],[-80.378,35.962],[-80.37,35.886],[-80.416,35.88],[-80.384,35.854],[-80.424,35.852],[-80.43,35.83],[-80.488,35.834],[-80.448,35.766],[-80.46,35.742],[-80.47,35.768],[-80.51,35.774],[-80.632,35.846],[-80.708,35.852]]]}},{"type":"Feature","id":"48197","properties":{"n":"Hardeman","f":"48197"},"geometry":{"type":"Polygon","coordinates":[[[-99.996,34.312],[-99.996,34.56],[-99.928,34.578],[-99.846,34.506],[-99.796,34.454],[-99.71,34.388],[-99.602,34.374],[-99.58,34.416],[-99.518,34.414],[-99.476,34.396],[-99.476,34.086],[-99.49,34.066],[-99.534,34.074],[-99.548,34.056],[-99.622,34.096],[-99.674,34.088],[-99.748,34.102],[-99.774,34.094],[-99.996,34.224],[-99.996,34.312]]]}},{"type":"Feature","id":"29079","properties":{"n":"Grundy","f":"29079"},"geometry":{"type":"Polygon","coordinates":[[[-93.762,40.264],[-93.366,40.266],[-93.364,40.032],[-93.364,39.968],[-93.762,39.96],[-93.766,40.132],[-93.762,40.264]]]}},{"type":"Feature","id":"39049","properties":{"n":"Franklin","f":"39049"},"geometry":{"type":"Polygon","coordinates":[[[-83.206,40.108],[-83.17,40.106],[-83.17,40.142],[-82.76,40.126],[-82.782,39.94],[-82.804,39.824],[-82.826,39.796],[-83.244,39.812],[-83.252,39.916],[-83.228,39.932],[-83.248,39.97],[-83.256,40.048],[-83.212,40.048],[-83.206,40.108]]]}},{"type":"Feature","id":"20091","properties":{"n":"Johnson","f":"20091"},"geometry":{"type":"Polygon","coordinates":[[[-95.058,38.982],[-95.022,39],[-94.95,38.984],[-94.91,38.992],[-94.87,39.058],[-94.802,39.044],[-94.608,39.044],[-94.608,38.848],[-94.608,38.738],[-95.058,38.738],[-95.058,38.982]]]}},{"type":"Feature","id":"01061","properties":{"n":"Geneva","f":"01061"},"geometry":{"type":"Polygon","coordinates":[[[-86.192,31.192],[-85.79,31.196],[-85.71,31.194],[-85.484,31.2],[-85.488,30.998],[-85.5,30.996],[-86.034,30.994],[-86.188,30.994],[-86.192,31.192]]]}},{"type":"Feature","id":"01069","properties":{"n":"Houston","f":"01069"},"geometry":{"type":"Polygon","coordinates":[[[-85.416,31.316],[-85.18,31.308],[-85.09,31.308],[-85.116,31.276],[-85.098,31.232],[-85.108,31.186],[-85.036,31.108],[-85.026,31.076],[-85.004,31],[-85.488,30.998],[-85.484,31.2],[-85.71,31.194],[-85.664,31.268],[-85.604,31.272],[-85.484,31.246],[-85.484,31.286],[-85.416,31.286],[-85.416,31.316]]]}},{"type":"Feature","id":"51077","properties":{"n":"Grayson","f":"51077"},"geometry":{"type":"Polygon","coordinates":[[[-81.648,36.612],[-81.604,36.638],[-81.532,36.676],[-81.544,36.702],[-81.44,36.716],[-81.386,36.74],[-81.264,36.764],[-81.184,36.758],[-81.088,36.768],[-81.084,36.788],[-81.042,36.806],[-80.934,36.672],[-80.916,36.65],[-80.836,36.558],[-80.902,36.562],[-81.178,36.572],[-81.354,36.574],[-81.676,36.588],[-81.648,36.612]]]}},{"type":"Feature","id":"08063","properties":{"n":"Kit Carson","f":"08063"},"geometry":{"type":"Polygon","coordinates":[[[-103.154,39.566],[-102.804,39.568],[-102.05,39.574],[-102.05,39.568],[-102.05,39.302],[-102.046,39.134],[-102.046,39.046],[-102.716,39.04],[-103.162,39.038],[-103.154,39.128],[-103.154,39.566]]]}},{"type":"Feature","id":"19133","properties":{"n":"Monona","f":"19133"},"geometry":{"type":"Polygon","coordinates":[[[-96.356,42.214],[-95.672,42.212],[-95.672,41.862],[-96.138,41.866],[-96.162,41.906],[-96.142,41.916],[-96.13,41.972],[-96.188,41.978],[-96.184,42.002],[-96.238,42.012],[-96.22,42.026],[-96.274,42.048],[-96.27,42.118],[-96.35,42.166],[-96.356,42.214]]]}},{"type":"Feature","id":"48351","properties":{"n":"Newton","f":"48351"},"geometry":{"type":"Polygon","coordinates":[[[-93.912,31.158],[-93.6,31.176],[-93.554,31.186],[-93.532,31.184],[-93.554,31.098],[-93.524,31.07],[-93.518,31.024],[-93.564,31.006],[-93.568,30.978],[-93.524,30.93],[-93.558,30.912],[-93.558,30.868],[-93.554,30.824],[-93.586,30.796],[-93.618,30.742],[-93.628,30.68],[-93.672,30.658],[-93.68,30.6],[-93.73,30.574],[-93.74,30.54],[-93.714,30.518],[-93.698,30.44],[-93.74,30.402],[-93.758,30.39],[-93.766,30.334],[-93.708,30.288],[-93.704,30.244],[-93.902,30.242],[-93.866,30.948],[-93.912,31.158]]]}},{"type":"Feature","id":"13265","properties":{"n":"Taliaferro","f":"13265"},"geometry":{"type":"Polygon","coordinates":[[[-82.998,33.694],[-82.95,33.734],[-82.878,33.62],[-82.868,33.642],[-82.814,33.656],[-82.742,33.612],[-82.692,33.62],[-82.682,33.6],[-82.706,33.588],[-82.72,33.54],[-82.75,33.51],[-82.814,33.522],[-82.868,33.466],[-82.85,33.444],[-82.9,33.438],[-82.982,33.448],[-83.012,33.468],[-82.986,33.52],[-83.016,33.58],[-82.95,33.662],[-82.998,33.694]]]}},{"type":"Feature","id":"48349","properties":{"n":"Navarro","f":"48349"},"geometry":{"type":"Polygon","coordinates":[[[-96.896,32.074],[-96.396,32.324],[-96.382,32.328],[-96.314,32.304],[-96.284,32.256],[-96.234,32.25],[-96.198,32.206],[-96.156,32.214],[-96.178,32.182],[-96.166,32.158],[-96.112,32.16],[-96.106,32.076],[-96.066,32.086],[-96.056,32.012],[-96.496,31.796],[-96.72,31.816],[-96.896,32.074]]]}},{"type":"Feature","id":"13279","properties":{"n":"Toombs","f":"13279"},"geometry":{"type":"Polygon","coordinates":[[[-82.484,31.968],[-82.44,32.218],[-82.438,32.292],[-82.408,32.354],[-82.354,32.314],[-82.354,32.292],[-82.28,32.294],[-82.232,32.318],[-82.214,32.23],[-82.182,32.166],[-82.194,32.134],[-82.226,31.914],[-82.29,31.942],[-82.316,31.932],[-82.372,31.942],[-82.43,31.966],[-82.484,31.968]]]}},{"type":"Feature","id":"29187","properties":{"n":"St. Francois","f":"29187"},"geometry":{"type":"Polygon","coordinates":[[[-90.646,37.734],[-90.638,38.076],[-90.61,38.07],[-90.614,38.016],[-90.586,38.004],[-90.416,38.042],[-90.324,37.982],[-90.46,37.88],[-90.202,37.67],[-90.154,37.7],[-90.112,37.672],[-90.148,37.642],[-90.534,37.644],[-90.646,37.644],[-90.646,37.734]]]}},{"type":"Feature","id":"30097","properties":{"n":"Sweet Grass","f":"30097"},"geometry":{"type":"Polygon","coordinates":[[[-110.284,46.184],[-110.284,46.22],[-109.656,46.22],[-109.656,46.132],[-109.604,46.132],[-109.604,46.044],[-109.418,46.044],[-109.422,45.96],[-109.508,45.958],[-109.504,45.87],[-109.548,45.872],[-109.548,45.784],[-109.566,45.784],[-109.562,45.61],[-109.684,45.61],[-109.684,45.566],[-109.81,45.566],[-109.81,45.522],[-109.932,45.522],[-109.932,45.348],[-110.064,45.348],[-110.064,45.172],[-110.23,45.172],[-110.23,45.348],[-110.218,45.348],[-110.218,45.67],[-110.222,45.786],[-110.294,45.786],[-110.294,46.134],[-110.284,46.184]]]}},{"type":"Feature","id":"21155","properties":{"n":"Marion","f":"21155"},"geometry":{"type":"Polygon","coordinates":[[[-85.52,37.554],[-85.448,37.686],[-85.402,37.73],[-85.374,37.702],[-85.374,37.674],[-85.342,37.652],[-85.258,37.632],[-85.028,37.632],[-85.04,37.546],[-85.044,37.412],[-85.076,37.414],[-85.13,37.454],[-85.172,37.466],[-85.272,37.418],[-85.28,37.436],[-85.342,37.47],[-85.402,37.476],[-85.466,37.466],[-85.502,37.55],[-85.52,37.554]]]}},{"type":"Feature","id":"53061","properties":{"n":"Snohomish","f":"53061"},"geometry":{"type":"MultiPolygon","coordinates":[[[[-122.404,48.252],[-122.38,48.298],[-121.966,48.298],[-121,48.296],[-121.012,48.278],[-120.922,48.188],[-120.912,48.162],[-120.962,48.146],[-120.95,48.116],[-121.012,48.078],[-121.12,48.056],[-121.152,48.036],[-121.12,48],[-121.148,47.98],[-121.176,47.888],[-121.122,47.834],[-121.076,47.822],[-121.12,47.78],[-121.456,47.78],[-121.586,47.778],[-121.992,47.776],[-122.398,47.778],[-122.394,47.808],[-122.34,47.846],[-122.308,47.95],[-122.228,47.97],[-122.232,48.03],[-122.282,48.05],[-122.364,48.124],[-122.362,48.188],[-122.398,48.228],[-122.404,48.252]]]]}},{"type":"Feature","id":"29165","properties":{"n":"Platte","f":"29165"},"geometry":{"type":"Polygon","coordinates":[[[-95.104,39.532],[-94.602,39.53],[-94.602,39.456],[-94.602,39.16],[-94.662,39.158],[-94.68,39.184],[-94.712,39.17],[-94.764,39.18],[-94.774,39.2],[-94.834,39.218],[-94.824,39.242],[-94.888,39.286],[-94.91,39.354],[-94.878,39.376],[-94.924,39.384],[-94.968,39.418],[-94.99,39.446],[-95.046,39.472],[-95.05,39.498],[-95.104,39.532]]]}},{"type":"Feature","id":"39061","properties":{"n":"Hamilton","f":"39061"},"geometry":{"type":"Polygon","coordinates":[[[-84.82,39.306],[-84.642,39.306],[-84.63,39.312],[-84.354,39.292],[-84.26,39.288],[-84.26,39.27],[-84.322,39.224],[-84.276,39.204],[-84.3,39.174],[-84.318,39.022],[-84.43,39.056],[-84.444,39.114],[-84.472,39.122],[-84.504,39.094],[-84.552,39.1],[-84.624,39.074],[-84.678,39.098],[-84.73,39.144],[-84.756,39.146],[-84.82,39.106],[-84.82,39.306]]]}},{"type":"Feature","id":"48337","properties":{"n":"Montague","f":"48337"},"geometry":{"type":"Polygon","coordinates":[[[-97.98,33.468],[-97.98,33.89],[-97.878,33.85],[-97.836,33.858],[-97.732,33.938],[-97.688,33.986],[-97.656,33.99],[-97.588,33.954],[-97.598,33.918],[-97.562,33.898],[-97.484,33.916],[-97.488,33.434],[-97.918,33.434],[-97.98,33.434],[-97.98,33.468]]]}},{"type":"Feature","id":"20041","properties":{"n":"Dickinson","f":"20041"},"geometry":{"type":"Polygon","coordinates":[[[-97.372,38.958],[-97.372,39.132],[-96.964,39.132],[-96.964,38.966],[-96.928,38.978],[-96.928,38.87],[-96.892,38.87],[-96.892,38.812],[-96.928,38.812],[-96.93,38.61],[-97.372,38.61],[-97.372,38.958]]]}},{"type":"Feature","id":"13285","properties":{"n":"Troup","f":"13285"},"geometry":{"type":"Polygon","coordinates":[[[-85.238,33.13],[-85.118,33.164],[-85.108,33.194],[-85.086,33.172],[-84.94,33.224],[-84.864,33.224],[-84.864,33.192],[-84.864,32.97],[-84.86,32.872],[-84.86,32.868],[-85.186,32.87],[-85.234,33.108],[-85.238,33.13]]]}},{"type":"Feature","id":"12081","properties":{"n":"Manatee","f":"12081"},"geometry":{"type":"Polygon","coordinates":[[[-82.556,27.646],[-82.054,27.646],[-82.056,27.338],[-82.056,27.208],[-82.254,27.21],[-82.25,27.386],[-82.642,27.39],[-82.692,27.438],[-82.706,27.488],[-82.742,27.54],[-82.706,27.524],[-82.704,27.498],[-82.65,27.524],[-82.614,27.586],[-82.57,27.61],[-82.556,27.646]]]}},{"type":"Feature","id":"51001","properties":{"n":"Accomack","f":"51001"},"geometry":{"type":"MultiPolygon","coordinates":[[[[-75.668,37.95],[-75.646,37.948],[-75.624,37.994],[-75.24,38.028],[-75.298,37.96],[-75.352,37.876],[-75.38,37.852],[-75.398,37.87],[-75.452,37.864],[-75.52,37.796],[-75.564,37.736],[-75.604,37.628],[-75.6,37.574],[-75.672,37.484],[-75.676,37.464],[-75.714,37.45],[-75.812,37.474],[-75.786,37.528],[-75.836,37.554],[-75.938,37.55],[-75.926,37.6],[-75.868,37.668],[-75.804,37.762],[-75.818,37.792],[-75.744,37.806],[-75.69,37.862],[-75.686,37.886],[-75.758,37.904],[-75.668,37.95]]],[[[-75.998,37.848],[-75.974,37.836],[-75.998,37.812],[-75.998,37.848]]],[[[-75.994,37.954],[-76.034,37.916],[-76.044,37.954],[-75.994,37.954]]]]}},{"type":"Feature","id":"13289","properties":{"n":"Twiggs","f":"13289"},"geometry":{"type":"Polygon","coordinates":[[[-83.514,32.846],[-83.406,32.898],[-83.228,32.584],[-83.496,32.452],[-83.49,32.486],[-83.518,32.5],[-83.546,32.572],[-83.536,32.586],[-83.558,32.652],[-83.596,32.664],[-83.612,32.688],[-83.604,32.742],[-83.578,32.738],[-83.49,32.824],[-83.514,32.846]]]}},{"type":"Feature","id":"51149","properties":{"n":"Prince George","f":"51149"},"geometry":{"type":"Polygon","coordinates":[[[-77.398,37.17],[-77.344,37.174],[-77.33,37.196],[-77.376,37.244],[-77.352,37.312],[-77.334,37.312],[-77.326,37.266],[-77.304,37.262],[-77.254,37.294],[-77.284,37.314],[-77.272,37.32],[-77.126,37.302],[-77.086,37.31],[-77.068,37.27],[-77.01,37.306],[-76.97,37.248],[-77.014,37.234],[-77.01,37.212],[-77.072,37.184],[-77.154,37.112],[-77.398,36.992],[-77.398,37.17]]]}},{"type":"Feature","id":"36005","properties":{"n":"Bronx","f":"36005"},"geometry":{"type":"Polygon","coordinates":[[[-73.934,40.882],[-73.916,40.918],[-73.766,40.876],[-73.766,40.844],[-73.812,40.846],[-73.788,40.802],[-73.912,40.796],[-73.934,40.836],[-73.906,40.874],[-73.934,40.882]]]}},{"type":"Feature","id":"39065","properties":{"n":"Hardin","f":"39065"},"geometry":{"type":"Polygon","coordinates":[[[-83.88,40.82],[-83.514,40.818],[-83.496,40.818],[-83.496,40.702],[-83.438,40.702],[-83.42,40.686],[-83.418,40.506],[-83.522,40.504],[-83.522,40.508],[-83.88,40.532],[-83.88,40.538],[-83.88,40.644],[-83.88,40.82]]]}},{"type":"Feature","id":"48163","properties":{"n":"Frio","f":"48163"},"geometry":{"type":"Polygon","coordinates":[[[-99.414,29.092],[-98.804,29.09],[-98.8,28.648],[-99.396,28.64],[-99.408,28.64],[-99.414,29.092]]]}},{"type":"Feature","id":"31057","properties":{"n":"Dundy","f":"31057"},"geometry":{"type":"Polygon","coordinates":[[[-102.052,40.35],[-101.342,40.35],[-101.324,40.35],[-101.324,40.002],[-101.41,40.002],[-102.052,40.002],[-102.052,40.35]]]}},{"type":"Feature","id":"31023","properties":{"n":"Butler","f":"31023"},"geometry":{"type":"Polygon","coordinates":[[[-97.368,41.396],[-97.286,41.4],[-97.254,41.384],[-97.178,41.376],[-97.018,41.414],[-96.906,41.456],[-96.906,41.452],[-96.91,41.394],[-96.91,41.046],[-97.368,41.046],[-97.368,41.396]]]}},{"type":"Feature","id":"51127","properties":{"n":"New Kent","f":"51127"},"geometry":{"type":"Polygon","coordinates":[[[-77.24,37.538],[-77.172,37.596],[-77.14,37.592],[-77.126,37.626],[-77.09,37.618],[-76.982,37.566],[-76.968,37.586],[-76.942,37.56],[-76.852,37.572],[-76.878,37.532],[-76.816,37.55],[-76.792,37.518],[-76.742,37.466],[-76.77,37.436],[-76.824,37.45],[-76.892,37.432],[-76.902,37.378],[-76.902,37.404],[-76.942,37.384],[-76.942,37.41],[-77.022,37.416],[-77.096,37.44],[-77.126,37.472],[-77.18,37.492],[-77.24,37.538]]]}},{"type":"Feature","id":"01093","properties":{"n":"Marion","f":"01093"},"geometry":{"type":"Polygon","coordinates":[[[-88.206,34.086],[-88.174,34.322],[-87.908,34.312],[-87.634,34.308],[-87.634,34.002],[-87.634,33.916],[-87.95,33.92],[-87.95,34.022],[-87.986,34.022],[-87.986,34.052],[-88.208,34.058],[-88.206,34.086]]]}},{"type":"Feature","id":"30073","properties":{"n":"Pondera","f":"30073"},"geometry":{"type":"Polygon","coordinates":[[[-113.348,48.31],[-112.576,48.31],[-112.576,48.484],[-112.228,48.484],[-112.186,48.478],[-112.074,48.444],[-111.992,48.438],[-111.992,48.394],[-111.794,48.394],[-111.794,48.35],[-111.666,48.35],[-111.666,48.22],[-111.41,48.22],[-111.41,48.132],[-111.41,47.986],[-111.984,47.984],[-111.984,48.042],[-112.05,48.042],[-112.05,48.086],[-112.178,48.088],[-112.178,48.13],[-113.014,48.132],[-113.05,48.122],[-113.064,48.15],[-113.134,48.138],[-113.19,48.176],[-113.23,48.17],[-113.238,48.248],[-113.29,48.266],[-113.348,48.31]]]}},{"type":"Feature","id":"32510","properties":{"n":"Carson City","f":"32510"},"geometry":{"type":"Polygon","coordinates":[[[-120.002,39.166],[-119.88,39.166],[-119.828,39.208],[-119.77,39.216],[-119.752,39.244],[-119.712,39.252],[-119.684,39.21],[-119.648,39.196],[-119.562,39.194],[-119.572,39.144],[-119.55,39.086],[-119.752,39.084],[-119.762,39.114],[-120.002,39.112],[-120.002,39.166]]]}},{"type":"Feature","id":"12125","properties":{"n":"Union","f":"12125"},"geometry":{"type":"Polygon","coordinates":[[[-82.458,30.136],[-82.144,30.144],[-82.146,30.11],[-82.226,30.034],[-82.262,30.028],[-82.308,29.956],[-82.42,29.922],[-82.53,29.94],[-82.578,29.99],[-82.546,30.02],[-82.52,30.076],[-82.456,30.106],[-82.458,30.136]]]}},{"type":"Feature","id":"55125","properties":{"n":"Vilas","f":"55125"},"geometry":{"type":"Polygon","coordinates":[[[-90.044,45.982],[-89.928,45.982],[-89.928,46.3],[-89.092,46.138],[-88.992,46.098],[-88.934,46.074],[-88.934,45.982],[-89.048,45.982],[-89.048,45.896],[-89.178,45.9],[-89.174,45.856],[-89.3,45.86],[-89.3,45.902],[-89.426,45.898],[-90.044,45.896],[-90.044,45.982]]]}},{"type":"Feature","id":"31169","properties":{"n":"Thayer","f":"31169"},"geometry":{"type":"Polygon","coordinates":[[[-97.822,40.35],[-97.368,40.35],[-97.368,40.002],[-97.822,40.002],[-97.822,40.35]]]}},{"type":"Feature","id":"13223","properties":{"n":"Paulding","f":"13223"},"geometry":{"type":"Polygon","coordinates":[[[-84.922,34.082],[-84.738,34.08],[-84.738,33.948],[-84.724,33.948],[-84.724,33.806],[-84.724,33.788],[-84.878,33.774],[-84.904,33.78],[-85.04,33.812],[-85.036,33.904],[-85.05,33.904],[-85.05,33.952],[-84.978,33.952],[-84.922,34.082]]]}},{"type":"Feature","id":"32033","properties":{"n":"White Pine","f":"32033"},"geometry":{"type":"Polygon","coordinates":[[[-115.836,40.128],[-115.502,40.128],[-114.53,40.118],[-114.048,40.118],[-114.048,39.906],[-114.048,39.542],[-114.048,38.678],[-115,38.678],[-115.908,39.162],[-115.908,39.458],[-115.868,39.472],[-115.842,39.508],[-115.832,39.57],[-115.814,39.588],[-115.832,39.728],[-115.81,39.764],[-115.814,39.816],[-115.796,39.854],[-115.804,39.91],[-115.832,40.002],[-115.826,40.052],[-115.836,40.128]]]}},{"type":"Feature","id":"48203","properties":{"n":"Harrison","f":"48203"},"geometry":{"type":"Polygon","coordinates":[[[-94.702,32.792],[-94.504,32.694],[-94.394,32.694],[-94.292,32.728],[-94.278,32.75],[-94.236,32.744],[-94.224,32.708],[-94.17,32.702],[-94.134,32.74],[-94.092,32.73],[-94.11,32.712],[-94.078,32.688],[-94.042,32.694],[-94.042,32.392],[-94.35,32.326],[-94.382,32.366],[-94.44,32.362],[-94.49,32.394],[-94.518,32.388],[-94.554,32.408],[-94.58,32.396],[-94.642,32.398],[-94.702,32.422],[-94.702,32.652],[-94.702,32.792]]]}},{"type":"Feature","id":"13113","properties":{"n":"Fayette","f":"13113"},"geometry":{"type":"Polygon","coordinates":[[[-84.608,33.502],[-84.57,33.524],[-84.458,33.552],[-84.44,33.55],[-84.418,33.494],[-84.382,33.462],[-84.4,33.426],[-84.382,33.402],[-84.386,33.352],[-84.394,33.31],[-84.434,33.256],[-84.498,33.258],[-84.534,33.336],[-84.588,33.358],[-84.626,33.438],[-84.608,33.502]]]}},{"type":"Feature","id":"21191","properties":{"n":"Pendleton","f":"21191"},"geometry":{"type":"Polygon","coordinates":[[[-84.534,38.792],[-84.418,38.806],[-84.386,38.812],[-84.232,38.874],[-84.232,38.828],[-84.236,38.822],[-84.206,38.582],[-84.4,38.56],[-84.448,38.53],[-84.476,38.542],[-84.534,38.792]]]}},{"type":"Feature","id":"51197","properties":{"n":"Wythe","f":"51197"},"geometry":{"type":"Polygon","coordinates":[[[-80.912,37.074],[-80.894,37.028],[-80.862,37.004],[-80.74,36.88],[-80.85,36.85],[-81.042,36.806],[-81.084,36.788],[-81.088,36.768],[-81.184,36.758],[-81.264,36.764],[-81.27,36.792],[-81.328,36.9],[-81.378,36.952],[-81.286,37.02],[-81.224,37.048],[-81.166,37.024],[-81.112,37.022],[-81.034,37.046],[-80.912,37.074]]]}},{"type":"Feature","id":"13157","properties":{"n":"Jackson","f":"13157"},"geometry":{"type":"Polygon","coordinates":[[[-83.82,34.128],[-83.622,34.296],[-83.56,34.252],[-83.482,34.262],[-83.402,34.198],[-83.364,34.164],[-83.356,34.116],[-83.384,34.05],[-83.36,34.04],[-83.5,33.988],[-83.536,33.966],[-83.564,34.032],[-83.614,34.048],[-83.766,34.066],[-83.82,34.128]]]}},{"type":"Feature","id":"48277","properties":{"n":"Lamar","f":"48277"},"geometry":{"type":"Polygon","coordinates":[[[-95.848,33.84],[-95.8,33.862],[-95.772,33.844],[-95.76,33.872],[-95.758,33.892],[-95.686,33.89],[-95.6,33.934],[-95.564,33.932],[-95.538,33.88],[-95.462,33.886],[-95.462,33.872],[-95.34,33.87],[-95.308,33.88],[-95.312,33.876],[-95.308,33.38],[-95.416,33.412],[-95.492,33.456],[-95.528,33.446],[-95.568,33.478],[-95.642,33.486],[-95.682,33.47],[-95.76,33.496],[-95.826,33.458],[-95.858,33.462],[-95.854,33.828],[-95.848,33.84]]]}},{"type":"Feature","id":"27021","properties":{"n":"Cass","f":"27021"},"geometry":{"type":"Polygon","coordinates":[[[-94.788,46.804],[-94.658,46.804],[-94.658,46.976],[-94.67,47.41],[-94.414,47.412],[-94.414,47.444],[-94.328,47.416],[-94.116,47.482],[-94.082,47.468],[-94.028,47.408],[-94.042,47.372],[-93.912,47.298],[-93.888,47.318],[-93.772,47.304],[-93.812,47.234],[-93.776,47.212],[-93.776,47.03],[-93.776,46.804],[-94.344,46.806],[-94.346,46.632],[-94.332,46.632],[-94.328,46.29],[-94.344,46.278],[-94.426,46.332],[-94.462,46.332],[-94.534,46.302],[-94.624,46.326],[-94.652,46.348],[-94.72,46.352],[-94.73,46.368],[-94.778,46.394],[-94.788,46.804]]]}},{"type":"Feature","id":"48153","properties":{"n":"Floyd","f":"48153"},"geometry":{"type":"Polygon","coordinates":[[[-101.564,34.312],[-101.472,34.312],[-101.04,34.312],[-101.04,33.834],[-101.564,33.83],[-101.564,34.312]]]}},{"type":"Feature","id":"20155","properties":{"n":"Reno","f":"20155"},"geometry":{"type":"Polygon","coordinates":[[[-98.474,38.174],[-98.216,38.174],[-98.216,38.158],[-98.14,38.16],[-98.14,38.174],[-97.922,38.174],[-97.702,38.174],[-97.702,37.912],[-97.7,37.734],[-97.806,37.734],[-98.464,37.732],[-98.47,37.824],[-98.474,38.174]]]}},{"type":"Feature","id":"19025","properties":{"n":"Calhoun","f":"19025"},"geometry":{"type":"Polygon","coordinates":[[[-94.914,42.56],[-94.444,42.558],[-94.444,42.474],[-94.396,42.474],[-94.396,42.208],[-94.63,42.21],[-94.86,42.21],[-94.856,42.474],[-94.914,42.474],[-94.914,42.56]]]}},{"type":"Feature","id":"27065","properties":{"n":"Kanabec","f":"27065"},"geometry":{"type":"Polygon","coordinates":[[[-93.432,46.154],[-93.284,46.16],[-93.054,46.158],[-93.054,45.982],[-93.144,45.982],[-93.14,45.73],[-93.514,45.734],[-93.518,45.982],[-93.432,45.982],[-93.432,46.154]]]}},{"type":"Feature","id":"42035","properties":{"n":"Clinton","f":"42035"},"geometry":{"type":"Polygon","coordinates":[[[-78.094,41.216],[-77.99,41.368],[-77.99,41.474],[-77.6,41.478],[-77.584,41.44],[-77.528,41.358],[-77.476,41.338],[-77.474,41.314],[-77.352,41.22],[-77.322,41.22],[-77.164,41.068],[-77.144,41.068],[-77.144,41.044],[-77.34,40.988],[-77.51,40.964],[-77.582,41.046],[-77.564,41.058],[-77.62,41.092],[-77.742,41.108],[-77.8,41.182],[-77.894,41.178],[-77.896,41.252],[-77.94,41.21],[-77.972,41.204],[-77.972,41.172],[-78.004,41.144],[-78.036,41.154],[-78.094,41.216]]]}},{"type":"Feature","id":"20109","properties":{"n":"Logan","f":"20109"},"geometry":{"type":"Polygon","coordinates":[[[-101.478,39.134],[-101.392,39.136],[-100.81,39.134],[-100.818,38.7],[-101.126,38.7],[-101.486,38.7],[-101.478,39.134]]]}},{"type":"Feature","id":"39027","properties":{"n":"Clinton","f":"39027"},"geometry":{"type":"Polygon","coordinates":[[[-84.006,39.254],[-83.978,39.57],[-83.668,39.55],[-83.576,39.544],[-83.59,39.378],[-83.784,39.264],[-83.812,39.222],[-83.866,39.246],[-83.992,39.254],[-84.006,39.254]]]}},{"type":"Feature","id":"39003","properties":{"n":"Allen","f":"39003"},"geometry":{"type":"Polygon","coordinates":[[[-84.34,40.86],[-84.11,40.862],[-84.11,40.904],[-83.996,40.904],[-83.996,40.92],[-83.88,40.92],[-83.88,40.82],[-83.88,40.644],[-84.106,40.642],[-84.106,40.658],[-84.222,40.656],[-84.222,40.686],[-84.398,40.684],[-84.398,40.816],[-84.34,40.816],[-84.34,40.86]]]}},{"type":"Feature","id":"55115","properties":{"n":"Shawano","f":"55115"},"geometry":{"type":"Polygon","coordinates":[[[-89.224,45.03],[-88.98,45.03],[-88.98,44.942],[-88.736,44.944],[-88.736,44.856],[-88.488,44.856],[-88.248,44.854],[-88.252,44.766],[-88.242,44.68],[-88.244,44.586],[-88.608,44.59],[-88.604,44.678],[-89.224,44.682],[-89.224,45.03]]]}},{"type":"Feature","id":"01029","properties":{"n":"Cleburne","f":"01029"},"geometry":{"type":"Polygon","coordinates":[[[-85.85,33.498],[-85.796,33.556],[-85.744,33.556],[-85.744,33.6],[-85.656,33.626],[-85.64,33.648],[-85.64,33.772],[-85.586,33.802],[-85.586,33.846],[-85.636,33.846],[-85.636,33.876],[-85.604,33.89],[-85.532,33.888],[-85.532,33.942],[-85.496,33.956],[-85.398,33.964],[-85.388,33.902],[-85.338,33.652],[-85.306,33.482],[-85.352,33.492],[-85.642,33.496],[-85.764,33.498],[-85.782,33.47],[-85.868,33.476],[-85.85,33.498]]]}},{"type":"Feature","id":"26099","properties":{"n":"Macomb","f":"26099"},"geometry":{"type":"Polygon","coordinates":[[[-83.102,42.888],[-82.982,42.894],[-82.738,42.898],[-82.732,42.72],[-82.706,42.684],[-82.796,42.654],[-82.822,42.626],[-82.79,42.604],[-82.782,42.564],[-82.836,42.568],[-82.876,42.524],[-82.872,42.452],[-83.084,42.446],[-83.102,42.888]]]}},{"type":"Feature","id":"26049","properties":{"n":"Genesee","f":"26049"},"geometry":{"type":"Polygon","coordinates":[[[-83.698,43.222],[-83.46,43.224],[-83.46,43.05],[-83.454,42.88],[-83.454,42.876],[-83.69,42.872],[-83.686,42.784],[-83.924,42.782],[-83.93,43.132],[-83.93,43.22],[-83.698,43.222]]]}},{"type":"Feature","id":"51141","properties":{"n":"Patrick","f":"51141"},"geometry":{"type":"Polygon","coordinates":[[[-80.464,36.708],[-80.446,36.748],[-80.396,36.744],[-80.388,36.798],[-80.344,36.814],[-80.292,36.858],[-80.238,36.872],[-80.064,36.842],[-80.04,36.794],[-80.094,36.78],[-80.094,36.724],[-80.058,36.656],[-80.054,36.542],[-80.294,36.544],[-80.442,36.55],[-80.61,36.558],[-80.622,36.618],[-80.596,36.662],[-80.524,36.644],[-80.466,36.674],[-80.464,36.708]]]}},{"type":"Feature","id":"34039","properties":{"n":"Union","f":"34039"},"geometry":{"type":"Polygon","coordinates":[[[-74.462,40.6],[-74.426,40.62],[-74.404,40.666],[-74.452,40.654],[-74.462,40.674],[-74.372,40.74],[-74.326,40.716],[-74.286,40.722],[-74.222,40.708],[-74.21,40.692],[-74.136,40.674],[-74.16,40.644],[-74.204,40.63],[-74.204,40.594],[-74.214,40.604],[-74.29,40.592],[-74.304,40.608],[-74.462,40.6]]]}},{"type":"Feature","id":"13287","properties":{"n":"Turner","f":"13287"},"geometry":{"type":"Polygon","coordinates":[[[-83.802,31.804],[-83.612,31.804],[-83.612,31.854],[-83.482,31.846],[-83.454,31.758],[-83.454,31.708],[-83.49,31.696],[-83.5,31.594],[-83.65,31.596],[-83.65,31.568],[-83.718,31.622],[-83.798,31.622],[-83.802,31.804]]]}},{"type":"Feature","id":"13031","properties":{"n":"Bulloch","f":"13031"},"geometry":{"type":"Polygon","coordinates":[[[-82,32.608],[-81.842,32.65],[-81.802,32.642],[-81.774,32.606],[-81.69,32.546],[-81.548,32.49],[-81.526,32.45],[-81.544,32.418],[-81.508,32.358],[-81.49,32.352],[-81.44,32.274],[-81.436,32.242],[-81.626,32.19],[-81.78,32.152],[-81.816,32.238],[-81.892,32.274],[-81.97,32.268],[-81.956,32.286],[-81.916,32.416],[-81.978,32.478],[-81.97,32.514],[-82.032,32.538],[-82,32.608]]]}},{"type":"Feature","id":"19097","properties":{"n":"Jackson","f":"19097"},"geometry":{"type":"Polygon","coordinates":[[[-90.898,42.294],[-90.664,42.294],[-90.664,42.382],[-90.474,42.382],[-90.42,42.33],[-90.43,42.278],[-90.376,42.214],[-90.32,42.194],[-90.208,42.152],[-90.162,42.118],[-90.168,42.076],[-90.154,42.032],[-90.898,42.034],[-90.898,42.294]]]}},{"type":"Feature","id":"08113","properties":{"n":"San Miguel","f":"08113"},"geometry":{"type":"Polygon","coordinates":[[[-109.042,38.154],[-108.908,38.156],[-107.964,38.152],[-107.95,38.116],[-107.892,38.116],[-107.9,38.026],[-107.85,37.992],[-107.796,37.988],[-107.732,37.93],[-107.738,37.906],[-107.782,37.868],[-107.796,37.822],[-107.86,37.776],[-107.99,37.856],[-108.09,37.84],[-108.112,37.856],[-108.14,37.832],[-108.208,37.82],[-108.256,37.894],[-108.816,37.896],[-108.822,37.882],[-109.042,37.882],[-109.042,38.154]]]}},{"type":"Feature","id":"48427","properties":{"n":"Starr","f":"48427"},"geometry":{"type":"Polygon","coordinates":[[[-99.17,26.572],[-99.012,26.676],[-98.956,26.786],[-98.424,26.784],[-98.32,26.782],[-98.396,26.626],[-98.492,26.446],[-98.586,26.254],[-98.654,26.236],[-98.7,26.266],[-98.754,26.324],[-98.79,26.332],[-98.798,26.36],[-98.826,26.37],[-98.89,26.358],[-98.966,26.398],[-99.01,26.396],[-99.038,26.412],[-99.08,26.396],[-99.114,26.434],[-99.092,26.478],[-99.128,26.526],[-99.168,26.536],[-99.17,26.572]]]}},{"type":"Feature","id":"13187","properties":{"n":"Lumpkin","f":"13187"},"geometry":{"type":"Polygon","coordinates":[[[-84.188,34.602],[-84.156,34.648],[-84.124,34.664],[-84.038,34.642],[-83.996,34.678],[-83.984,34.716],[-83.938,34.742],[-83.856,34.722],[-83.874,34.676],[-83.866,34.55],[-83.834,34.532],[-83.844,34.506],[-83.98,34.418],[-84.106,34.466],[-84.192,34.542],[-84.188,34.602]]]}},{"type":"Feature","id":"34027","properties":{"n":"Morris","f":"34027"},"geometry":{"type":"Polygon","coordinates":[[[-74.77,40.91],[-74.732,40.922],[-74.71,40.898],[-74.652,40.922],[-74.642,40.964],[-74.502,41.086],[-74.502,41.042],[-74.448,41.054],[-74.39,41.012],[-74.3,41],[-74.278,40.974],[-74.272,40.898],[-74.326,40.908],[-74.336,40.814],[-74.368,40.794],[-74.372,40.74],[-74.462,40.674],[-74.524,40.648],[-74.512,40.698],[-74.556,40.758],[-74.724,40.72],[-74.824,40.742],[-74.89,40.788],[-74.818,40.838],[-74.806,40.882],[-74.77,40.91]]]}},{"type":"Feature","id":"31063","properties":{"n":"Frontier","f":"31063"},"geometry":{"type":"Polygon","coordinates":[[[-100.778,40.7],[-100.222,40.7],[-99.982,40.7],[-99.982,40.438],[-100.096,40.438],[-100.094,40.352],[-100.198,40.35],[-100.758,40.35],[-100.778,40.35],[-100.782,40.656],[-100.778,40.7]]]}},{"type":"Feature","id":"55033","properties":{"n":"Dunn","f":"55033"},"geometry":{"type":"Polygon","coordinates":[[[-92.158,45.21],[-91.666,45.208],[-91.666,45.122],[-91.652,45.122],[-91.652,44.856],[-91.652,44.684],[-92.136,44.684],[-92.136,44.858],[-92.136,45.122],[-92.158,45.122],[-92.158,45.21]]]}},{"type":"Feature","id":"48429","properties":{"n":"Stephens","f":"48429"},"geometry":{"type":"Polygon","coordinates":[[[-99.096,32.956],[-98.952,32.956],[-98.574,32.954],[-98.574,32.516],[-99.096,32.514],[-99.096,32.956]]]}},{"type":"Feature","id":"13255","properties":{"n":"Spalding","f":"13255"},"geometry":{"type":"Polygon","coordinates":[[[-84.498,33.258],[-84.434,33.256],[-84.394,33.31],[-84.386,33.352],[-84.354,33.352],[-84.25,33.352],[-84.246,33.336],[-84.15,33.336],[-84.15,33.314],[-84.102,33.298],[-84.088,33.286],[-84.124,33.252],[-84.124,33.202],[-84.124,33.178],[-84.224,33.18],[-84.246,33.188],[-84.372,33.19],[-84.394,33.208],[-84.45,33.208],[-84.498,33.184],[-84.502,33.222],[-84.498,33.258]]]}},{"type":"Feature","id":"39051","properties":{"n":"Fulton","f":"39051"},"geometry":{"type":"Polygon","coordinates":[[[-84.4,41.706],[-84.362,41.706],[-83.88,41.72],[-83.884,41.488],[-84.344,41.486],[-84.344,41.514],[-84.38,41.514],[-84.382,41.618],[-84.398,41.618],[-84.4,41.706]]]}},{"type":"Feature","id":"19037","properties":{"n":"Chickasaw","f":"19037"},"geometry":{"type":"Polygon","coordinates":[[[-92.556,43.214],[-92.082,43.214],[-92.082,43.082],[-92.082,42.908],[-92.556,42.908],[-92.556,43.214]]]}},{"type":"Feature","id":"48369","properties":{"n":"Parmer","f":"48369"},"geometry":{"type":"Polygon","coordinates":[[[-103.044,34.312],[-103.044,34.748],[-102.526,34.748],[-102.526,34.314],[-102.616,34.312],[-103.044,34.312]]]}},{"type":"Feature","id":"42019","properties":{"n":"Butler","f":"42019"},"geometry":{"type":"Polygon","coordinates":[[[-80.098,41.07],[-80,41.172],[-79.696,41.172],[-79.692,41.17],[-79.692,40.67],[-80.148,40.674],[-80.158,40.856],[-80.166,41],[-80.098,41.07]]]}},{"type":"Feature","id":"50009","properties":{"n":"Essex","f":"50009"},"geometry":{"type":"Polygon","coordinates":[[[-71.9,45.008],[-71.5,45.014],[-71.54,44.988],[-71.494,44.912],[-71.558,44.848],[-71.572,44.792],[-71.626,44.748],[-71.586,44.66],[-71.552,44.628],[-71.558,44.564],[-71.598,44.554],[-71.576,44.502],[-71.634,44.484],[-71.658,44.446],[-71.71,44.412],[-71.766,44.406],[-71.796,44.4],[-71.814,44.354],[-71.838,44.348],[-71.932,44.44],[-71.856,44.496],[-71.91,44.548],[-71.842,44.61],[-71.91,44.646],[-71.838,44.716],[-71.938,44.768],[-71.974,44.786],[-71.874,44.876],[-71.928,44.908],[-71.9,45.008]]]}},{"type":"Feature","id":"19077","properties":{"n":"Guthrie","f":"19077"},"geometry":{"type":"Polygon","coordinates":[[[-94.746,41.862],[-94.63,41.862],[-94.282,41.862],[-94.278,41.602],[-94.242,41.6],[-94.242,41.504],[-94.702,41.504],[-94.702,41.602],[-94.746,41.602],[-94.746,41.862]]]}},{"type":"Feature","id":"32007","properties":{"n":"Elko","f":"32007"},"geometry":{"type":"Polygon","coordinates":[[[-117.016,42],[-116.366,41.996],[-115.316,41.996],[-115.038,41.996],[-114.806,42.002],[-114.598,41.994],[-114.282,41.994],[-114.042,41.994],[-114.042,41],[-114.044,40.772],[-114.044,40.232],[-114.048,40.118],[-114.53,40.118],[-115.502,40.128],[-115.836,40.128],[-116,40.128],[-116.158,40.666],[-116.158,41],[-116.586,41],[-117.016,41],[-117.016,42]]]}},{"type":"Feature","id":"01089","properties":{"n":"Madison","f":"01089"},"geometry":{"type":"Polygon","coordinates":[[[-86.784,34.992],[-86.318,34.992],[-86.31,34.992],[-86.26,34.946],[-86.296,34.944],[-86.35,34.874],[-86.328,34.832],[-86.342,34.816],[-86.338,34.762],[-86.356,34.736],[-86.36,34.632],[-86.328,34.6],[-86.304,34.58],[-86.338,34.51],[-86.392,34.518],[-86.426,34.48],[-86.468,34.476],[-86.532,34.502],[-86.55,34.546],[-86.568,34.576],[-86.616,34.578],[-86.666,34.552],[-86.676,34.578],[-86.724,34.584],[-86.752,34.556],[-86.792,34.55],[-86.784,34.802],[-86.784,34.992]]]}},{"type":"Feature","id":"31115","properties":{"n":"Loup","f":"31115"},"geometry":{"type":"Polygon","coordinates":[[[-99.688,42.086],[-99.662,42.086],[-99.236,42.088],[-99.22,42.088],[-99.22,41.74],[-99.688,41.74],[-99.688,42.086]]]}},{"type":"Feature","id":"31157","properties":{"n":"Scotts Bluff","f":"31157"},"geometry":{"type":"Polygon","coordinates":[[[-104.052,42.002],[-103.402,42.004],[-103.362,42.002],[-103.362,41.744],[-103.37,41.7],[-104.052,41.698],[-104.052,42.002]]]}},{"type":"Feature","id":"48315","properties":{"n":"Marion","f":"48315"},"geometry":{"type":"Polygon","coordinates":[[[-94.706,32.88],[-94.656,32.88],[-94.042,32.882],[-94.042,32.694],[-94.078,32.688],[-94.11,32.712],[-94.092,32.73],[-94.134,32.74],[-94.17,32.702],[-94.224,32.708],[-94.236,32.744],[-94.278,32.75],[-94.292,32.728],[-94.394,32.694],[-94.504,32.694],[-94.702,32.792],[-94.706,32.88]]]}},{"type":"Feature","id":"13281","properties":{"n":"Towns","f":"13281"},"geometry":{"type":"Polygon","coordinates":[[[-83.938,34.988],[-83.618,34.986],[-83.55,34.992],[-83.546,34.946],[-83.6,34.938],[-83.6,34.912],[-83.658,34.878],[-83.65,34.822],[-83.682,34.8],[-83.78,34.792],[-83.78,34.818],[-83.812,34.872],[-83.82,34.914],[-83.852,34.9],[-83.916,34.926],[-83.944,34.97],[-83.938,34.988]]]}},{"type":"Feature","id":"21015","properties":{"n":"Boone","f":"21015"},"geometry":{"type":"Polygon","coordinates":[[[-84.82,39.106],[-84.756,39.146],[-84.73,39.144],[-84.678,39.098],[-84.624,39.074],[-84.598,38.88],[-84.616,38.802],[-84.66,38.778],[-84.796,38.856],[-84.8,38.892],[-84.87,38.9],[-84.87,38.93],[-84.832,38.962],[-84.878,39.03],[-84.888,39.066],[-84.82,39.106]]]}},{"type":"Feature","id":"26159","properties":{"n":"Van Buren","f":"26159"},"geometry":{"type":"Polygon","coordinates":[[[-86.274,42.42],[-85.764,42.42],[-85.764,42.068],[-86.224,42.072],[-86.224,42.244],[-86.364,42.244],[-86.296,42.358],[-86.274,42.42]]]}},{"type":"Feature","id":"48465","properties":{"n":"Val Verde","f":"48465"},"geometry":{"type":"Polygon","coordinates":[[[-101.758,30.288],[-101.004,30.286],[-100.962,30.288],[-100.7,30.288],[-100.7,29.624],[-100.7,29.42],[-100.71,29.338],[-100.746,29.328],[-100.746,29.256],[-100.796,29.242],[-100.88,29.282],[-100.886,29.308],[-100.948,29.348],[-101.012,29.368],[-101.058,29.44],[-101.058,29.458],[-101.152,29.476],[-101.174,29.514],[-101.256,29.52],[-101.246,29.57],[-101.252,29.626],[-101.27,29.63],[-101.292,29.572],[-101.314,29.596],[-101.306,29.64],[-101.368,29.664],[-101.414,29.756],[-101.442,29.754],[-101.476,29.78],[-101.522,29.76],[-101.546,29.798],[-101.576,29.774],[-101.708,29.762],[-101.762,29.782],[-101.758,30.288]]]}},{"type":"Feature","id":"13319","properties":{"n":"Wilkinson","f":"13319"},"geometry":{"type":"Polygon","coordinates":[[[-83.356,32.926],[-83.148,33.008],[-83.072,32.946],[-83.026,32.856],[-82.968,32.834],[-82.948,32.76],[-82.958,32.708],[-83.228,32.584],[-83.406,32.898],[-83.356,32.926]]]}},{"type":"Feature","id":"13177","properties":{"n":"Lee","f":"13177"},"geometry":{"type":"Polygon","coordinates":[[[-83.924,31.91],[-83.938,31.848],[-83.978,31.804],[-84.01,31.802],[-83.988,31.766],[-84.032,31.716],[-84.016,31.65],[-84.042,31.624],[-84.296,31.622],[-84.296,31.698],[-84.286,31.792],[-84.26,31.792],[-84.26,31.828],[-84.294,31.866],[-84.34,31.874],[-84.34,31.916],[-83.924,31.91]]]}},{"type":"Feature","id":"13267","properties":{"n":"Tattnall","f":"13267"},"geometry":{"type":"Polygon","coordinates":[[[-82.232,32.318],[-82.024,32.28],[-81.982,32.082],[-81.888,32.05],[-81.762,32.048],[-81.824,32.014],[-81.878,31.968],[-81.882,31.918],[-81.914,31.886],[-81.97,31.79],[-82.014,31.822],[-82.05,31.828],[-82.108,31.864],[-82.118,31.888],[-82.226,31.914],[-82.194,32.134],[-82.182,32.166],[-82.214,32.23],[-82.232,32.318]]]}},{"type":"Feature","id":"23011","properties":{"n":"Kennebec","f":"23011"},"geometry":{"type":"Polygon","coordinates":[[[-70.13,44.488],[-70.044,44.486],[-70.036,44.508],[-70.072,44.53],[-70.04,44.588],[-69.954,44.574],[-69.928,44.61],[-69.854,44.622],[-69.792,44.578],[-69.778,44.608],[-69.606,44.578],[-69.58,44.622],[-69.628,44.672],[-69.628,44.702],[-69.484,44.72],[-69.472,44.692],[-69.444,44.672],[-69.462,44.646],[-69.394,44.64],[-69.416,44.55],[-69.372,44.544],[-69.398,44.458],[-69.444,44.464],[-69.506,44.342],[-69.524,44.28],[-69.548,44.262],[-69.648,44.28],[-69.666,44.228],[-69.656,44.126],[-69.756,44.14],[-69.764,44.154],[-69.854,44.168],[-69.896,44.108],[-70.004,44.124],[-70.026,44.13],[-69.994,44.18],[-70.076,44.206],[-70.076,44.298],[-70.134,44.372],[-70.1,44.384],[-70.13,44.488]]]}},{"type":"Feature","id":"19189","properties":{"n":"Winnebago","f":"19189"},"geometry":{"type":"Polygon","coordinates":[[[-93.97,43.5],[-93.646,43.5],[-93.496,43.5],[-93.496,43.256],[-93.97,43.256],[-93.97,43.5]]]}},{"type":"Feature","id":"19059","properties":{"n":"Dickinson","f":"19059"},"geometry":{"type":"Polygon","coordinates":[[[-95.388,43.5],[-94.914,43.5],[-94.914,43.256],[-95.388,43.256],[-95.388,43.5]]]}},{"type":"Feature","id":"31075","properties":{"n":"Grant","f":"31075"},"geometry":{"type":"Polygon","coordinates":[[[-102.068,42.008],[-102.01,42.008],[-102.006,42.096],[-101.424,42.092],[-101.424,41.744],[-101.984,41.742],[-102.068,41.742],[-102.068,42.008]]]}},{"type":"Feature","id":"13197","properties":{"n":"Marion","f":"13197"},"geometry":{"type":"Polygon","coordinates":[[[-84.638,32.536],[-84.584,32.524],[-84.566,32.54],[-84.504,32.542],[-84.49,32.562],[-84.444,32.562],[-84.454,32.534],[-84.434,32.492],[-84.408,32.486],[-84.394,32.414],[-84.39,32.298],[-84.412,32.298],[-84.412,32.232],[-84.43,32.232],[-84.43,32.166],[-84.43,32.134],[-84.526,32.134],[-84.566,32.19],[-84.602,32.19],[-84.62,32.232],[-84.648,32.232],[-84.66,32.232],[-84.656,32.494],[-84.638,32.536]]]}},{"type":"Feature","id":"51175","properties":{"n":"Southampton","f":"51175"},"geometry":{"type":"Polygon","coordinates":[[[-77.43,36.708],[-77.344,36.752],[-77.118,36.858],[-76.952,36.944],[-76.848,36.996],[-76.86,36.956],[-76.816,36.906],[-76.816,36.88],[-76.852,36.852],[-76.866,36.788],[-76.902,36.758],[-76.924,36.708],[-76.968,36.702],[-76.964,36.668],[-76.91,36.648],[-76.9,36.644],[-76.918,36.552],[-76.918,36.544],[-77.164,36.546],[-77.298,36.544],[-77.354,36.554],[-77.376,36.632],[-77.416,36.654],[-77.462,36.652],[-77.502,36.67],[-77.43,36.708]]]}},{"type":"Feature","id":"55121","properties":{"n":"Trempealeau","f":"55121"},"geometry":{"type":"Polygon","coordinates":[[[-91.53,44.596],[-91.166,44.598],[-91.166,44.248],[-91.152,44.248],[-91.152,44.08],[-91.198,44.088],[-91.22,44.054],[-91.268,44.072],[-91.338,44.038],[-91.32,43.984],[-91.424,43.984],[-91.44,44.002],[-91.558,44.026],[-91.572,44.038],[-91.532,44.096],[-91.564,44.148],[-91.612,44.172],[-91.6,44.212],[-91.53,44.246],[-91.53,44.596]]]}},{"type":"Feature","id":"27141","properties":{"n":"Sherburne","f":"27141"},"geometry":{"type":"Polygon","coordinates":[[[-94.15,45.56],[-93.758,45.56],[-93.51,45.558],[-93.51,45.414],[-93.514,45.246],[-93.522,45.246],[-93.578,45.292],[-93.758,45.294],[-93.83,45.336],[-93.87,45.34],[-93.92,45.384],[-93.96,45.378],[-94.048,45.422],[-94.142,45.494],[-94.15,45.56]]]}},{"type":"Feature","id":"48141","properties":{"n":"El Paso","f":"48141"},"geometry":{"type":"Polygon","coordinates":[[[-106.378,32],[-105.998,32.002],[-105.994,31.478],[-105.958,31.478],[-105.958,31.424],[-105.998,31.386],[-106.08,31.398],[-106.206,31.466],[-106.246,31.542],[-106.282,31.562],[-106.302,31.62],[-106.35,31.696],[-106.382,31.732],[-106.45,31.764],[-106.49,31.748],[-106.528,31.784],[-106.546,31.808],[-106.604,31.824],[-106.6,31.844],[-106.636,31.866],[-106.648,31.898],[-106.622,31.914],[-106.618,32],[-106.378,32]]]}},{"type":"Feature","id":"21141","properties":{"n":"Logan","f":"21141"},"geometry":{"type":"Polygon","coordinates":[[[-87.054,37.06],[-86.942,37.07],[-86.846,37.056],[-86.672,37],[-86.612,36.882],[-86.654,36.876],[-86.69,36.844],[-86.752,36.728],[-86.762,36.65],[-87.06,36.644],[-87.054,37.06]]]}},{"type":"Feature","id":"48081","properties":{"n":"Coke","f":"48081"},"geometry":{"type":"Polygon","coordinates":[[[-100.822,32.086],[-100.664,32.086],[-100.236,32.082],[-100.236,31.694],[-100.826,31.696],[-100.822,32.086]]]}},{"type":"Feature","id":"39079","properties":{"n":"Jackson","f":"39079"},"geometry":{"type":"Polygon","coordinates":[[[-82.786,39.168],[-82.764,39.208],[-82.65,39.202],[-82.652,39.19],[-82.538,39.18],[-82.542,39.144],[-82.424,39.138],[-82.434,39.034],[-82.456,38.844],[-82.574,38.854],[-82.574,38.844],[-82.65,38.85],[-82.76,38.856],[-82.754,38.946],[-82.808,38.948],[-82.786,39.168]]]}},{"type":"Feature","id":"13039","properties":{"n":"Camden","f":"13039"},"geometry":{"type":"Polygon","coordinates":[[[-81.766,31.17],[-81.688,31.122],[-81.634,31.108],[-81.558,31.122],[-81.572,31.098],[-81.486,31.034],[-81.444,31.016],[-81.494,30.978],[-81.446,30.956],[-81.408,30.978],[-81.404,30.908],[-81.462,30.77],[-81.444,30.71],[-81.49,30.726],[-81.54,30.714],[-81.602,30.728],[-81.72,30.744],[-81.744,30.766],[-81.81,30.79],[-81.87,30.792],[-81.902,30.82],[-81.892,30.91],[-81.914,30.912],[-81.892,30.96],[-81.914,30.976],[-81.906,31.04],[-81.934,31.048],[-81.916,31.096],[-81.842,31.098],[-81.82,31.136],[-81.766,31.17]]]}},{"type":"Feature","id":"37011","properties":{"n":"Avery","f":"37011"},"geometry":{"type":"Polygon","coordinates":[[[-81.932,36.266],[-81.916,36.288],[-81.896,36.272],[-81.91,36.216],[-81.884,36.19],[-81.856,36.194],[-81.83,36.168],[-81.81,36.112],[-81.734,36.068],[-81.806,35.962],[-81.87,35.976],[-81.9,36],[-81.942,35.96],[-81.982,35.912],[-82.036,35.942],[-82.06,35.986],[-82.038,36.008],[-82.082,36.106],[-82.028,36.13],[-81.932,36.266]]]}},{"type":"Feature","id":"12031","properties":{"n":"Duval","f":"12031"},"geometry":{"type":"Polygon","coordinates":[[[-82.05,30.274],[-81.83,30.468],[-81.762,30.536],[-81.738,30.534],[-81.724,30.572],[-81.67,30.56],[-81.604,30.586],[-81.612,30.554],[-81.584,30.564],[-81.576,30.538],[-81.53,30.526],[-81.514,30.566],[-81.444,30.51],[-81.41,30.482],[-81.396,30.4],[-81.392,30.304],[-81.378,30.252],[-81.436,30.252],[-81.432,30.106],[-81.54,30.104],[-81.54,30.12],[-81.622,30.134],[-81.68,30.122],[-81.68,30.19],[-82.05,30.188],[-82.05,30.274]]]}},{"type":"Feature","id":"08019","properties":{"n":"Clear Creek","f":"08019"},"geometry":{"type":"Polygon","coordinates":[[[-105.926,39.698],[-105.882,39.736],[-105.886,39.796],[-105.822,39.786],[-105.8,39.804],[-105.736,39.804],[-105.688,39.852],[-105.632,39.844],[-105.498,39.758],[-105.398,39.746],[-105.398,39.566],[-105.588,39.568],[-105.828,39.564],[-105.774,39.612],[-105.792,39.636],[-105.85,39.644],[-105.926,39.674],[-105.926,39.698]]]}},{"type":"Feature","id":"29153","properties":{"n":"Ozark","f":"29153"},"geometry":{"type":"Polygon","coordinates":[[[-92.77,36.498],[-92.764,36.806],[-92.114,36.794],[-92.122,36.498],[-92.15,36.498],[-92.53,36.498],[-92.77,36.498]]]}},{"type":"Feature","id":"08061","properties":{"n":"Kiowa","f":"08061"},"geometry":{"type":"Polygon","coordinates":[[[-103.502,38.516],[-103.502,38.524],[-103.172,38.526],[-103.172,38.612],[-103.062,38.614],[-102.046,38.616],[-102.046,38.268],[-102.742,38.266],[-103.398,38.266],[-103.502,38.266],[-103.506,38.342],[-103.502,38.516]]]}},{"type":"Feature","id":"48061","properties":{"n":"Cameron","f":"48061"},"geometry":{"type":"MultiPolygon","coordinates":[[[[-97.226,26.412],[-97.196,26.306],[-97.158,26.082],[-97.182,26.124],[-97.2,26.25],[-97.244,26.412],[-97.226,26.412]]],[[[-97.86,26.348],[-97.526,26.3],[-97.524,26.324],[-97.48,26.336],[-97.448,26.324],[-97.39,26.412],[-97.35,26.412],[-97.298,26.296],[-97.28,26.27],[-97.312,26.23],[-97.298,26.202],[-97.3,26.148],[-97.272,26.086],[-97.2,26.076],[-97.196,26.046],[-97.154,26.062],[-97.146,25.952],[-97.228,25.958],[-97.276,25.952],[-97.276,25.936],[-97.35,25.926],[-97.372,25.84],[-97.444,25.85],[-97.47,25.884],[-97.524,25.886],[-97.544,25.934],[-97.584,25.938],[-97.648,26.022],[-97.76,26.032],[-97.8,26.06],[-97.868,26.056],[-97.86,26.07],[-97.86,26.348]]]]}},{"type":"Feature","id":"29213","properties":{"n":"Taney","f":"29213"},"geometry":{"type":"Polygon","coordinates":[[[-93.306,36.816],[-92.91,36.808],[-92.764,36.806],[-92.77,36.498],[-92.854,36.498],[-93.296,36.498],[-93.316,36.498],[-93.306,36.816]]]}},{"type":"Feature","id":"51037","properties":{"n":"Charlotte","f":"51037"},"geometry":{"type":"Polygon","coordinates":[[[-78.822,37.204],[-78.776,37.228],[-78.734,37.22],[-78.684,37.248],[-78.694,37.204],[-78.644,37.194],[-78.636,37.17],[-78.582,37.14],[-78.546,37.15],[-78.514,37.132],[-78.482,37.086],[-78.442,37.08],[-78.492,36.892],[-78.648,36.698],[-78.69,36.742],[-78.666,36.764],[-78.686,36.824],[-78.672,36.858],[-78.752,36.92],[-78.726,36.938],[-78.74,37.002],[-78.794,36.956],[-78.816,36.984],[-78.902,36.98],[-78.906,37.022],[-78.822,37.204]]]}},{"type":"Feature","id":"12129","properties":{"n":"Wakulla","f":"12129"},"geometry":{"type":"Polygon","coordinates":[[[-84.714,30.3],[-84.254,30.304],[-84.242,30.274],[-84.074,30.274],[-84.078,30.096],[-84.156,30.074],[-84.268,30.098],[-84.272,30.068],[-84.364,30.008],[-84.34,29.96],[-84.436,29.976],[-84.468,30.002],[-84.516,29.988],[-84.544,30.012],[-84.59,30.03],[-84.626,30.062],[-84.67,30.128],[-84.67,30.182],[-84.698,30.244],[-84.738,30.266],[-84.714,30.3]]]}},{"type":"Feature","id":"26141","properties":{"n":"Presque Isle","f":"26141"},"geometry":{"type":"Polygon","coordinates":[[[-84.204,45.628],[-84.128,45.562],[-84.118,45.512],[-84.056,45.49],[-83.938,45.494],[-83.91,45.486],[-83.804,45.42],[-83.722,45.414],[-83.6,45.352],[-83.496,45.358],[-83.42,45.29],[-83.382,45.268],[-83.414,45.246],[-83.388,45.208],[-83.88,45.202],[-84.246,45.198],[-84.25,45.282],[-84.254,45.626],[-84.204,45.628]]]}},{"type":"Feature","id":"13045","properties":{"n":"Carroll","f":"13045"},"geometry":{"type":"Polygon","coordinates":[[[-85.338,33.652],[-85.29,33.652],[-85.14,33.7],[-85.108,33.694],[-85.05,33.714],[-85.05,33.812],[-85.04,33.812],[-84.904,33.78],[-84.906,33.574],[-84.81,33.574],[-84.832,33.546],[-84.818,33.52],[-84.85,33.512],[-84.856,33.494],[-84.91,33.468],[-84.94,33.438],[-84.986,33.456],[-85.014,33.426],[-85.294,33.428],[-85.306,33.482],[-85.338,33.652]]]}},{"type":"Feature","id":"32023","properties":{"n":"Nye","f":"32023"},"geometry":{"type":"Polygon","coordinates":[[[-117.864,39.074],[-117.774,39.094],[-117.332,39.164],[-116.6,39.162],[-115.908,39.162],[-115,38.678],[-115,38.052],[-115.894,38.05],[-115.894,36.862],[-115.896,36.842],[-115.896,36.172],[-115.846,36.17],[-115.846,35.964],[-116.252,36.278],[-117.168,36.972],[-117.164,37.37],[-117.164,38.002],[-117.692,38.474],[-118.198,38.918],[-118.198,39],[-117.864,39.074]]]}},{"type":"Feature","id":"55039","properties":{"n":"Fond du Lac","f":"55039"},"geometry":{"type":"Polygon","coordinates":[[[-88.888,43.896],[-88.402,43.892],[-88.402,43.938],[-88.162,43.938],[-88.162,43.892],[-88.162,43.544],[-88.4,43.544],[-88.402,43.63],[-88.888,43.634],[-88.888,43.896]]]}},{"type":"Feature","id":"19111","properties":{"n":"Lee","f":"19111"},"geometry":{"type":"Polygon","coordinates":[[[-91.72,40.814],[-91.41,40.812],[-91.292,40.772],[-91.282,40.752],[-91.112,40.696],[-91.12,40.672],[-91.184,40.638],[-91.25,40.638],[-91.36,40.602],[-91.408,40.542],[-91.368,40.512],[-91.382,40.436],[-91.374,40.392],[-91.418,40.378],[-91.486,40.384],[-91.526,40.41],[-91.53,40.46],[-91.564,40.46],[-91.622,40.51],[-91.618,40.54],[-91.684,40.552],[-91.716,40.598],[-91.72,40.814]]]}},{"type":"Feature","id":"36091","properties":{"n":"Saratoga","f":"36091"},"geometry":{"type":"Polygon","coordinates":[[[-74.16,43.372],[-73.884,43.398],[-73.858,43.33],[-73.826,43.306],[-73.834,43.25],[-73.802,43.25],[-73.77,43.222],[-73.736,43.268],[-73.644,43.304],[-73.594,43.306],[-73.6,43.268],[-73.58,43.208],[-73.59,43.134],[-73.576,43.118],[-73.58,43.056],[-73.636,42.94],[-73.68,42.912],[-73.658,42.818],[-73.676,42.784],[-73.69,42.776],[-73.736,42.82],[-73.77,42.786],[-73.808,42.778],[-73.894,42.85],[-73.906,42.91],[-73.956,42.898],[-74.006,42.934],[-74.092,42.956],[-74.096,42.982],[-74.138,43.254],[-74.16,43.372]]]}},{"type":"Feature","id":"36035","properties":{"n":"Fulton","f":"36035"},"geometry":{"type":"Polygon","coordinates":[[[-74.714,43.286],[-74.534,43.228],[-74.326,43.242],[-74.322,43.214],[-74.222,43.222],[-74.226,43.248],[-74.138,43.254],[-74.096,42.982],[-74.54,42.986],[-74.76,43.048],[-74.774,43.084],[-74.76,43.12],[-74.728,43.126],[-74.696,43.174],[-74.714,43.286]]]}},{"type":"Feature","id":"39009","properties":{"n":"Athens","f":"39009"},"geometry":{"type":"Polygon","coordinates":[[[-82.29,39.384],[-82.28,39.472],[-82.168,39.466],[-82.158,39.556],[-82.046,39.552],[-82.056,39.46],[-81.846,39.45],[-81.852,39.318],[-81.816,39.302],[-81.82,39.272],[-81.724,39.27],[-81.726,39.216],[-81.756,39.18],[-81.96,39.188],[-82.268,39.204],[-82.262,39.294],[-82.298,39.296],[-82.29,39.384]]]}},{"type":"Feature","id":"01131","properties":{"n":"Wilcox","f":"01131"},"geometry":{"type":"Polygon","coordinates":[[[-87.668,31.992],[-87.624,32.006],[-87.624,32.132],[-87.524,32.134],[-87.524,32.256],[-87.474,32.266],[-87.444,32.268],[-87.39,32.24],[-87.366,32.198],[-87.326,32.2],[-87.28,32.144],[-87.262,32.146],[-87.232,32.102],[-87.19,32.086],[-87.178,32.048],[-86.906,32.048],[-86.856,32.048],[-86.856,31.962],[-86.91,31.962],[-86.906,31.83],[-87.214,31.828],[-87.244,31.832],[-87.502,31.828],[-87.62,31.828],[-87.62,31.87],[-87.668,31.878],[-87.668,31.992]]]}},{"type":"Feature","id":"42051","properties":{"n":"Fayette","f":"42051"},"geometry":{"type":"Polygon","coordinates":[[[-79.996,39.984],[-79.994,40.008],[-79.954,39.996],[-79.878,40.032],[-79.878,40.064],[-79.838,40.092],[-79.878,40.126],[-79.746,40.128],[-79.684,40.114],[-79.638,40.082],[-79.594,40.082],[-79.58,40.106],[-79.484,40.144],[-79.354,40.074],[-79.344,40.044],[-79.294,40.04],[-79.398,39.9],[-79.418,39.854],[-79.364,39.82],[-79.358,39.782],[-79.4,39.756],[-79.394,39.722],[-79.476,39.722],[-79.764,39.722],[-79.918,39.722],[-79.904,39.744],[-79.936,39.782],[-79.906,39.794],[-79.94,39.846],[-79.914,39.88],[-79.924,39.924],[-79.958,39.954],[-80.012,39.96],[-79.996,39.984]]]}},{"type":"Feature","id":"01009","properties":{"n":"Blount","f":"01009"},"geometry":{"type":"Polygon","coordinates":[[[-86.964,33.858],[-86.92,33.874],[-86.924,33.91],[-86.884,33.918],[-86.82,33.958],[-86.792,33.952],[-86.702,34.04],[-86.706,34.082],[-86.67,34.084],[-86.67,34.084],[-86.654,34.108],[-86.6,34.12],[-86.518,34.252],[-86.454,34.26],[-86.41,34.206],[-86.304,34.1],[-86.332,34.04],[-86.332,33.986],[-86.372,33.94],[-86.324,33.94],[-86.342,33.886],[-86.408,33.836],[-86.576,33.802],[-86.58,33.766],[-86.648,33.766],[-86.758,33.84],[-86.884,33.844],[-86.952,33.816],[-86.964,33.858]]]}},{"type":"Feature","id":"13129","properties":{"n":"Gordon","f":"13129"},"geometry":{"type":"Polygon","coordinates":[[[-85.068,34.588],[-85.05,34.622],[-84.924,34.616],[-84.914,34.634],[-84.906,34.616],[-84.802,34.608],[-84.716,34.622],[-84.706,34.598],[-84.656,34.584],[-84.656,34.548],[-84.652,34.412],[-84.734,34.412],[-84.734,34.396],[-84.954,34.4],[-84.954,34.384],[-85.008,34.392],[-85.086,34.4],[-85.112,34.462],[-85.09,34.464],[-85.09,34.542],[-85.064,34.542],[-85.068,34.588]]]}},{"type":"Feature","id":"42069","properties":{"n":"Lackawanna","f":"42069"},"geometry":{"type":"Polygon","coordinates":[[[-75.834,41.428],[-75.772,41.504],[-75.8,41.524],[-75.776,41.574],[-75.718,41.642],[-75.464,41.642],[-75.442,41.258],[-75.506,41.232],[-75.542,41.224],[-75.6,41.162],[-75.642,41.176],[-75.654,41.258],[-75.678,41.264],[-75.686,41.34],[-75.74,41.348],[-75.83,41.394],[-75.834,41.428]]]}},{"type":"Feature","id":"19173","properties":{"n":"Taylor","f":"19173"},"geometry":{"type":"Polygon","coordinates":[[[-94.928,40.9],[-94.472,40.9],[-94.472,40.57],[-94.634,40.572],[-94.914,40.576],[-94.914,40.728],[-94.928,40.728],[-94.928,40.9]]]}},{"type":"Feature","id":"55003","properties":{"n":"Ashland","f":"55003"},"geometry":{"type":"MultiPolygon","coordinates":[[[[-90.466,47.002],[-90.438,47.074],[-90.394,47.078],[-90.412,47.012],[-90.466,47.002]]],[[[-90.524,46.876],[-90.448,46.904],[-90.498,46.864],[-90.524,46.876]]],[[[-90.654,46.926],[-90.636,46.944],[-90.528,46.968],[-90.51,46.956],[-90.55,46.916],[-90.636,46.906],[-90.654,46.926]]],[[[-90.76,46.84],[-90.75,46.862],[-90.678,46.898],[-90.674,46.882],[-90.76,46.84]]],[[[-90.74,46.964],[-90.69,46.918],[-90.736,46.914],[-90.764,46.946],[-90.74,46.964]]],[[[-90.776,47.024],[-90.65,47.054],[-90.61,47.008],[-90.56,47.036],[-90.552,47],[-90.61,46.992],[-90.672,46.95],[-90.71,46.986],[-90.768,47.002],[-90.776,47.024]]],[[[-90.794,46.786],[-90.732,46.8],[-90.618,46.874],[-90.568,46.848],[-90.674,46.818],[-90.656,46.788],[-90.718,46.786],[-90.79,46.754],[-90.794,46.786]]],[[[-90.926,46.586],[-90.794,46.624],[-90.754,46.646],[-90.736,46.692],[-90.696,46.664],[-90.55,46.584],[-90.552,46.24],[-90.428,46.24],[-90.428,46.154],[-90.302,46.154],[-90.302,45.982],[-90.678,45.982],[-90.926,45.982],[-90.926,46.154],[-90.926,46.586]]]]}},{"type":"Feature","id":"27169","properties":{"n":"Winona","f":"27169"},"geometry":{"type":"Polygon","coordinates":[[[-91.86,44.194],[-91.816,44.164],[-91.72,44.128],[-91.708,44.104],[-91.594,44.032],[-91.558,44.026],[-91.44,44.002],[-91.424,43.984],[-91.386,43.954],[-91.286,43.848],[-91.73,43.848],[-92.078,43.848],[-92.078,44.106],[-92.078,44.194],[-91.86,44.194]]]}},{"type":"Feature","id":"51165","properties":{"n":"Rockingham","f":"51165"},"geometry":{"type":"Polygon","coordinates":[[[-79.056,38.762],[-78.996,38.85],[-78.87,38.764],[-78.644,38.604],[-78.69,38.512],[-78.632,38.498],[-78.622,38.466],[-78.558,38.448],[-78.546,38.426],[-78.486,38.422],[-78.544,38.364],[-78.554,38.334],[-78.662,38.278],[-78.654,38.26],[-78.712,38.24],[-78.748,38.206],[-78.894,38.306],[-78.912,38.304],[-79.224,38.478],[-79.12,38.66],[-79.092,38.66],[-79.088,38.72],[-79.056,38.762]],[[-78.916,38.438],[-78.912,38.39],[-78.88,38.412],[-78.826,38.42],[-78.834,38.454],[-78.87,38.48],[-78.916,38.438]]]}},{"type":"Feature","id":"30019","properties":{"n":"Daniels","f":"30019"},"geometry":{"type":"Polygon","coordinates":[[[-106.112,48.998],[-105.058,48.998],[-105.058,48.91],[-105.04,48.91],[-105.04,48.65],[-104.974,48.65],[-104.974,48.564],[-105.804,48.564],[-106.022,48.564],[-106.022,48.824],[-106.152,48.824],[-106.152,48.91],[-106.112,48.91],[-106.112,48.998]]]}},{"type":"Feature","id":"48473","properties":{"n":"Waller","f":"48473"},"geometry":{"type":"Polygon","coordinates":[[[-96.094,30.226],[-96.088,30.228],[-95.804,30.246],[-95.804,30.09],[-95.83,30.082],[-95.876,30.122],[-95.912,30.128],[-95.962,30.164],[-95.826,29.788],[-95.972,29.728],[-96.034,29.728],[-96.048,29.804],[-96.102,29.81],[-96.12,29.836],[-96.094,29.876],[-96.126,29.898],[-96.124,29.968],[-96.084,30.006],[-96.144,30.07],[-96.192,30.138],[-96.156,30.142],[-96.16,30.208],[-96.094,30.226]]]}},{"type":"Feature","id":"26031","properties":{"n":"Cheboygan","f":"26031"},"geometry":{"type":"Polygon","coordinates":[[[-84.73,45.29],[-84.73,45.788],[-84.716,45.766],[-84.556,45.702],[-84.462,45.652],[-84.416,45.67],[-84.376,45.656],[-84.328,45.664],[-84.204,45.628],[-84.254,45.626],[-84.25,45.282],[-84.246,45.198],[-84.364,45.198],[-84.734,45.202],[-84.73,45.29]]]}},{"type":"Feature","id":"36027","properties":{"n":"Dutchess","f":"36027"},"geometry":{"type":"Polygon","coordinates":[[[-73.952,41.59],[-73.942,41.756],[-73.952,41.77],[-73.942,41.874],[-73.964,41.91],[-73.938,42.006],[-73.93,42.078],[-73.91,42.08],[-73.712,42.006],[-73.528,41.978],[-73.522,42.05],[-73.496,42.05],[-73.486,42.05],[-73.518,41.666],[-73.528,41.526],[-73.934,41.488],[-73.982,41.44],[-73.998,41.454],[-73.998,41.52],[-73.952,41.59]]]}},{"type":"Feature","id":"30067","properties":{"n":"Park","f":"30067"},"geometry":{"type":"Polygon","coordinates":[[[-111.044,45.002],[-111.036,45.176],[-111.036,45.352],[-110.918,45.352],[-110.918,45.524],[-110.858,45.524],[-110.858,45.592],[-110.796,45.592],[-110.796,45.786],[-110.79,45.786],[-110.792,45.988],[-110.782,46.192],[-110.408,46.192],[-110.408,46.184],[-110.284,46.184],[-110.294,46.134],[-110.294,45.786],[-110.222,45.786],[-110.218,45.67],[-110.218,45.348],[-110.23,45.348],[-110.23,45.172],[-110.064,45.172],[-109.798,45.172],[-109.798,45.168],[-109.798,45.002],[-110.11,45.004],[-110.2,44.996],[-110.362,45],[-110.402,44.994],[-110.706,44.992],[-110.786,45.002],[-111.044,45.002]]]}},{"type":"Feature","id":"29223","properties":{"n":"Wayne","f":"29223"},"geometry":{"type":"Polygon","coordinates":[[[-90.736,37.272],[-90.55,37.272],[-90.55,37.318],[-90.218,37.314],[-90.222,37.086],[-90.112,37.086],[-90.112,37.04],[-90.148,37.042],[-90.15,37.008],[-90.186,36.994],[-90.222,36.936],[-90.258,36.922],[-90.352,36.926],[-90.678,36.926],[-90.696,36.97],[-90.732,37],[-90.728,37.05],[-90.778,37.05],[-90.778,37.138],[-90.736,37.166],[-90.736,37.272]]]}},{"type":"Feature","id":"36011","properties":{"n":"Cayuga","f":"36011"},"geometry":{"type":"Polygon","coordinates":[[[-76.712,43.024],[-76.702,43.08],[-76.724,43.344],[-76.698,43.344],[-76.616,43.42],[-76.604,43.258],[-76.482,43.258],[-76.48,43.228],[-76.472,43.106],[-76.498,43.102],[-76.494,43.006],[-76.462,43.006],[-76.45,42.846],[-76.358,42.85],[-76.306,42.814],[-76.274,42.772],[-76.264,42.624],[-76.458,42.618],[-76.458,42.628],[-76.666,42.624],[-76.684,42.67],[-76.73,42.714],[-76.742,42.79],[-76.716,42.838],[-76.738,42.954],[-76.712,43.024]]]}},{"type":"Feature","id":"13241","properties":{"n":"Rabun","f":"13241"},"geometry":{"type":"Polygon","coordinates":[[[-83.55,34.992],[-83.482,34.994],[-83.108,35],[-83.12,34.938],[-83.23,34.88],[-83.324,34.79],[-83.32,34.76],[-83.352,34.716],[-83.432,34.748],[-83.478,34.724],[-83.55,34.75],[-83.586,34.82],[-83.65,34.822],[-83.658,34.878],[-83.6,34.912],[-83.6,34.938],[-83.546,34.946],[-83.55,34.992]]]}},{"type":"Feature","id":"12063","properties":{"n":"Jackson","f":"12063"},"geometry":{"type":"Polygon","coordinates":[[[-85.5,30.996],[-85.488,30.998],[-85.004,31],[-84.982,30.932],[-84.942,30.888],[-84.936,30.816],[-84.914,30.752],[-84.874,30.728],[-84.864,30.712],[-84.906,30.62],[-84.932,30.606],[-85.168,30.608],[-85.172,30.564],[-85.384,30.566],[-85.434,30.568],[-85.43,30.786],[-85.482,30.786],[-85.482,30.83],[-85.6,30.83],[-85.596,30.86],[-85.528,30.974],[-85.5,30.996]]]}},{"type":"Feature","id":"01079","properties":{"n":"Lawrence","f":"01079"},"geometry":{"type":"Polygon","coordinates":[[[-87.53,34.566],[-87.498,34.626],[-87.444,34.662],[-87.452,34.696],[-87.426,34.71],[-87.416,34.768],[-87.426,34.8],[-87.344,34.796],[-87.298,34.75],[-87.262,34.758],[-87.222,34.764],[-87.14,34.724],[-87.104,34.686],[-87.11,34.314],[-87.11,34.3],[-87.53,34.304],[-87.53,34.566]]]}},{"type":"Feature","id":"21215","properties":{"n":"Spencer","f":"21215"},"geometry":{"type":"Polygon","coordinates":[[[-85.428,38.118],[-85.424,38.148],[-85.234,38.09],[-85.1,38.038],[-85.13,37.996],[-85.168,37.998],[-85.168,37.972],[-85.398,37.94],[-85.488,37.99],[-85.518,38.012],[-85.47,38.096],[-85.428,38.118]]]}},{"type":"Feature","id":"53067","properties":{"n":"Thurston","f":"53067"},"geometry":{"type":"Polygon","coordinates":[[[-123.202,47.084],[-123.076,47.084],[-123.076,47.106],[-123.014,47.124],[-123.004,47.152],[-122.936,47.19],[-122.904,47.158],[-122.86,47.168],[-122.814,47.18],[-122.774,47.122],[-122.694,47.104],[-122.71,47.084],[-122.674,47.014],[-122.638,46.978],[-122.566,46.966],[-122.562,46.934],[-122.494,46.906],[-122.49,46.868],[-122.45,46.852],[-122.304,46.828],[-122.308,46.79],[-122.272,46.768],[-122.204,46.762],[-122.616,46.762],[-123.162,46.764],[-123.162,46.794],[-123.158,46.996],[-123.204,46.998],[-123.202,47.084]]]}},{"type":"Feature","id":"48025","properties":{"n":"Bee","f":"48025"},"geometry":{"type":"Polygon","coordinates":[[[-98.004,28.69],[-97.914,28.72],[-97.824,28.67],[-97.778,28.668],[-97.732,28.628],[-97.696,28.542],[-97.646,28.52],[-97.624,28.53],[-97.56,28.514],[-97.552,28.45],[-97.48,28.434],[-97.458,28.408],[-97.43,28.412],[-97.376,28.388],[-97.542,28.166],[-97.57,28.13],[-97.818,28.178],[-97.81,28.184],[-98.09,28.664],[-98.004,28.69]]]}},{"type":"Feature","id":"42113","properties":{"n":"Sullivan","f":"42113"},"geometry":{"type":"Polygon","coordinates":[[[-76.22,41.542],[-76.282,41.376],[-76.31,41.31],[-76.408,41.308],[-76.446,41.276],[-76.594,41.304],[-76.748,41.406],[-76.812,41.59],[-76.22,41.542]]]}},{"type":"Feature","id":"51830","properties":{"n":"Williamsburg","f":"51830"},"geometry":{"type":"Polygon","coordinates":[[[-76.726,37.306],[-76.708,37.278],[-76.68,37.292],[-76.662,37.252],[-76.726,37.25],[-76.726,37.306]]]}},{"type":"Feature","id":"48449","properties":{"n":"Titus","f":"48449"},"geometry":{"type":"Polygon","coordinates":[[[-95.126,33.39],[-95.094,33.398],[-95.05,33.382],[-95.018,33.39],[-94.91,33.384],[-94.874,33.394],[-94.81,33.364],[-94.82,32.982],[-94.892,33.026],[-94.936,33.074],[-95.014,33.076],[-95.094,33.038],[-95.126,33.034],[-95.126,33.39]]]}},{"type":"Feature","id":"48063","properties":{"n":"Camp","f":"48063"},"geometry":{"type":"Polygon","coordinates":[[[-95.15,33.014],[-95.126,33.034],[-95.094,33.038],[-95.014,33.076],[-94.936,33.074],[-94.892,33.026],[-94.82,32.982],[-94.77,32.926],[-94.72,32.904],[-95.15,32.902],[-95.15,33.014]]]}},{"type":"Feature","id":"48185","properties":{"n":"Grimes","f":"48185"},"geometry":{"type":"Polygon","coordinates":[[[-96.17,30.822],[-95.862,30.864],[-95.83,30.63],[-95.804,30.338],[-95.804,30.246],[-96.088,30.228],[-96.094,30.226],[-96.088,30.288],[-96.156,30.33],[-96.106,30.422],[-96.13,30.49],[-96.188,30.6],[-96.162,30.658],[-96.178,30.71],[-96.162,30.77],[-96.184,30.798],[-96.17,30.822]]]}},{"type":"Feature","id":"12073","properties":{"n":"Leon","f":"12073"},"geometry":{"type":"Polygon","coordinates":[[[-84.644,30.388],[-84.52,30.452],[-84.418,30.464],[-84.398,30.484],[-84.39,30.53],[-84.39,30.53],[-84.372,30.58],[-84.336,30.596],[-84.282,30.686],[-84.084,30.676],[-84.006,30.672],[-84.006,30.61],[-83.978,30.522],[-84.042,30.522],[-84.042,30.474],[-84.074,30.434],[-84.074,30.274],[-84.242,30.274],[-84.254,30.304],[-84.714,30.3],[-84.716,30.334],[-84.644,30.388]]]}},{"type":"Feature","id":"29087","properties":{"n":"Holt","f":"29087"},"geometry":{"type":"Polygon","coordinates":[[[-95.556,40.264],[-95.18,40.262],[-95.072,40.26],[-95.064,40.15],[-95.044,40.13],[-95.032,40.108],[-95.06,40.07],[-95.01,40.046],[-94.99,39.942],[-94.992,39.898],[-95.044,39.864],[-95.136,39.876],[-95.154,39.908],[-95.2,39.902],[-95.204,39.94],[-95.252,39.948],[-95.308,40],[-95.42,40.048],[-95.392,40.116],[-95.478,40.182],[-95.484,40.248],[-95.552,40.262],[-95.556,40.264]]]}},{"type":"Feature","id":"36029","properties":{"n":"Erie","f":"36029"},"geometry":{"type":"Polygon","coordinates":[[[-79.02,43.066],[-78.946,43.068],[-78.894,43.044],[-78.892,43.022],[-78.84,43.02],[-78.802,43.066],[-78.726,43.086],[-78.604,43.072],[-78.51,43.098],[-78.464,43.088],[-78.464,42.868],[-78.486,42.868],[-78.49,42.78],[-78.464,42.78],[-78.464,42.536],[-78.564,42.508],[-78.662,42.492],[-78.884,42.438],[-78.956,42.472],[-78.988,42.522],[-79.06,42.538],[-79.106,42.57],[-79.136,42.57],[-79.11,42.614],[-79.064,42.644],[-79.05,42.69],[-78.92,42.738],[-78.852,42.784],[-78.866,42.852],[-78.912,42.886],[-78.906,42.924],[-78.93,42.956],[-79.014,42.986],[-79.006,43.048],[-79.02,43.066]]]}},{"type":"Feature","id":"30079","properties":{"n":"Prairie","f":"30079"},"geometry":{"type":"Polygon","coordinates":[[[-106.088,47.182],[-105.958,47.182],[-105.962,47.092],[-105.832,47.092],[-105.832,47.182],[-105.406,47.182],[-105.326,47.182],[-105.326,46.978],[-105.198,46.978],[-105.198,46.92],[-105.068,46.92],[-105.028,46.89],[-105.028,46.862],[-104.604,46.86],[-104.608,46.684],[-104.608,46.656],[-104.734,46.656],[-104.734,46.612],[-104.86,46.612],[-104.86,46.568],[-104.986,46.57],[-104.986,46.54],[-105.24,46.542],[-105.24,46.57],[-105.448,46.572],[-105.448,46.6],[-105.492,46.6],[-105.492,46.658],[-105.578,46.658],[-105.578,46.744],[-105.618,46.744],[-105.618,46.832],[-105.832,46.832],[-105.832,46.86],[-106.088,46.86],[-106.088,47.182]]]}},{"type":"Feature","id":"12033","properties":{"n":"Escambia","f":"12033"},"geometry":{"type":"Polygon","coordinates":[[[-87.598,30.998],[-87.164,31],[-87.23,30.962],[-87.254,30.932],[-87.286,30.926],[-87.282,30.888],[-87.316,30.848],[-87.294,30.812],[-87.312,30.786],[-87.3,30.72],[-87.272,30.718],[-87.258,30.612],[-87.212,30.554],[-87.158,30.536],[-87.126,30.5],[-87.154,30.406],[-87.23,30.384],[-87.232,30.348],[-87.178,30.334],[-87.074,30.362],[-86.92,30.386],[-86.92,30.37],[-87.154,30.328],[-87.268,30.316],[-87.294,30.324],[-87.52,30.28],[-87.466,30.302],[-87.492,30.324],[-87.458,30.336],[-87.43,30.406],[-87.366,30.436],[-87.438,30.48],[-87.448,30.528],[-87.394,30.616],[-87.404,30.674],[-87.534,30.744],[-87.544,30.778],[-87.628,30.846],[-87.634,30.866],[-87.588,30.964],[-87.598,30.998]]]}},{"type":"Feature","id":"13175","properties":{"n":"Laurens","f":"13175"},"geometry":{"type":"Polygon","coordinates":[[[-83.228,32.584],[-82.958,32.708],[-82.864,32.716],[-82.786,32.686],[-82.796,32.66],[-82.668,32.612],[-82.674,32.524],[-82.65,32.512],[-82.646,32.468],[-82.686,32.46],[-82.696,32.418],[-82.75,32.328],[-82.72,32.31],[-82.858,32.194],[-82.886,32.196],[-82.99,32.148],[-83.138,32.424],[-83.228,32.584]]]}},{"type":"Feature","id":"19023","properties":{"n":"Butler","f":"19023"},"geometry":{"type":"Polygon","coordinates":[[[-93.026,42.908],[-92.556,42.908],[-92.556,42.642],[-92.556,42.556],[-93.026,42.556],[-93.026,42.908]]]}},{"type":"Feature","id":"41065","properties":{"n":"Wasco","f":"41065"},"geometry":{"type":"Polygon","coordinates":[[[-121.698,45.258],[-121.482,45.258],[-121.482,45.52],[-121.442,45.52],[-121.442,45.698],[-121.338,45.706],[-121.216,45.67],[-121.184,45.606],[-121.134,45.61],[-121.066,45.652],[-120.944,45.656],[-120.914,45.64],[-120.896,45.586],[-120.908,45.558],[-120.878,45.526],[-120.824,45.514],[-120.858,45.46],[-120.868,45.412],[-120.9,45.362],[-120.936,45.348],[-120.958,45.31],[-120.98,45.322],[-121.022,45.292],[-121.022,45.222],[-120.986,45.198],[-120.872,45.198],[-120.772,45.162],[-120.724,45.132],[-120.724,45.084],[-120.506,45.084],[-120.494,45.068],[-120.476,44.98],[-120.488,44.952],[-120.438,44.894],[-120.456,44.866],[-120.372,44.822],[-121.09,44.824],[-121.726,44.826],[-121.754,44.83],[-121.732,44.886],[-121.716,44.906],[-121.786,44.946],[-121.804,45.012],[-121.78,45.036],[-121.718,45.038],[-121.658,45.066],[-121.664,45.12],[-121.694,45.116],[-121.748,45.206],[-121.682,45.23],[-121.698,45.258]]]}},{"type":"Feature","id":"31027","properties":{"n":"Cedar","f":"31027"},"geometry":{"type":"Polygon","coordinates":[[[-97.484,42.85],[-97.44,42.846],[-97.416,42.866],[-97.362,42.854],[-97.308,42.868],[-97.218,42.846],[-97.214,42.812],[-97.16,42.8],[-97.132,42.772],[-97.018,42.762],[-97.018,42.352],[-97.368,42.352],[-97.368,42.44],[-97.484,42.438],[-97.484,42.85]]]}},{"type":"Feature","id":"13251","properties":{"n":"Screven","f":"13251"},"geometry":{"type":"Polygon","coordinates":[[[-81.766,32.91],[-81.544,33.046],[-81.49,33.008],[-81.508,32.95],[-81.464,32.896],[-81.458,32.854],[-81.426,32.84],[-81.426,32.768],[-81.41,32.744],[-81.428,32.702],[-81.408,32.694],[-81.392,32.654],[-81.418,32.63],[-81.39,32.596],[-81.54,32.51],[-81.548,32.49],[-81.69,32.546],[-81.774,32.606],[-81.802,32.642],[-81.842,32.65],[-81.87,32.674],[-81.766,32.91]]]}},{"type":"Feature","id":"31021","properties":{"n":"Burt","f":"31021"},"geometry":{"type":"Polygon","coordinates":[[[-96.554,42.016],[-96.31,42.014],[-96.31,42.046],[-96.274,42.048],[-96.22,42.026],[-96.238,42.012],[-96.184,42.002],[-96.188,41.978],[-96.13,41.972],[-96.142,41.916],[-96.162,41.906],[-96.138,41.866],[-96.11,41.82],[-96.066,41.8],[-96.076,41.762],[-96.106,41.744],[-96.084,41.698],[-96.124,41.684],[-96.446,41.684],[-96.442,41.742],[-96.554,41.742],[-96.554,42.016]]]}},{"type":"Feature","id":"29083","properties":{"n":"Henry","f":"29083"},"geometry":{"type":"Polygon","coordinates":[[[-94.066,38.448],[-94.064,38.568],[-93.51,38.556],[-93.514,38.512],[-93.51,38.448],[-93.524,38.208],[-93.558,38.202],[-94.048,38.214],[-94.074,38.214],[-94.066,38.448]]]}},{"type":"Feature","id":"36023","properties":{"n":"Cortland","f":"36023"},"geometry":{"type":"Polygon","coordinates":[[[-76.274,42.772],[-75.898,42.79],[-75.89,42.724],[-75.872,42.544],[-75.866,42.416],[-76.02,42.41],[-76.132,42.41],[-76.254,42.408],[-76.264,42.624],[-76.274,42.772]]]}},{"type":"Feature","id":"51173","properties":{"n":"Smyth","f":"51173"},"geometry":{"type":"Polygon","coordinates":[[[-81.78,36.958],[-81.708,36.978],[-81.684,36.932],[-81.576,36.99],[-81.476,37.018],[-81.48,36.986],[-81.436,37.01],[-81.378,36.952],[-81.328,36.9],[-81.27,36.792],[-81.264,36.764],[-81.386,36.74],[-81.44,36.716],[-81.544,36.702],[-81.532,36.676],[-81.604,36.638],[-81.62,36.634],[-81.698,36.79],[-81.838,36.93],[-81.78,36.958]]]}},{"type":"Feature","id":"13301","properties":{"n":"Warren","f":"13301"},"geometry":{"type":"Polygon","coordinates":[[[-82.682,33.6],[-82.65,33.608],[-82.584,33.45],[-82.552,33.416],[-82.546,33.374],[-82.51,33.342],[-82.452,33.34],[-82.384,33.312],[-82.43,33.274],[-82.56,33.328],[-82.646,33.302],[-82.678,33.274],[-82.756,33.254],[-82.786,33.268],[-82.804,33.364],[-82.822,33.374],[-82.826,33.428],[-82.85,33.444],[-82.868,33.466],[-82.814,33.522],[-82.75,33.51],[-82.72,33.54],[-82.706,33.588],[-82.682,33.6]]]}},{"type":"Feature","id":"21201","properties":{"n":"Robertson","f":"21201"},"geometry":{"type":"Polygon","coordinates":[[[-84.16,38.554],[-84.12,38.564],[-84.084,38.598],[-84.034,38.582],[-83.992,38.594],[-83.97,38.588],[-83.96,38.534],[-83.93,38.492],[-83.98,38.44],[-84.01,38.432],[-84.102,38.46],[-84.132,38.484],[-84.186,38.498],[-84.16,38.554]]]}},{"type":"Feature","id":"48415","properties":{"n":"Scurry","f":"48415"},"geometry":{"type":"Polygon","coordinates":[[[-101.174,32.964],[-101.038,32.97],[-100.99,32.964],[-100.656,32.964],[-100.66,32.526],[-101.174,32.528],[-101.174,32.964]]]}},{"type":"Feature","id":"48249","properties":{"n":"Jim Wells","f":"48249"},"geometry":{"type":"Polygon","coordinates":[[[-98.234,28.058],[-97.882,28.056],[-97.84,28.034],[-97.804,28.038],[-97.8,27.996],[-97.936,27.884],[-97.932,27.776],[-97.944,27.636],[-98.058,27.636],[-98.058,27.262],[-98.234,27.262],[-98.234,28.058]]]}},{"type":"Feature","id":"31095","properties":{"n":"Jefferson","f":"31095"},"geometry":{"type":"Polygon","coordinates":[[[-97.368,40.002],[-97.368,40.35],[-96.916,40.35],[-96.916,40.002],[-97.368,40.002]]]}},{"type":"Feature","id":"31111","properties":{"n":"Lincoln","f":"31111"},"geometry":{"type":"Polygon","coordinates":[[[-101.27,41.394],[-100.714,41.394],[-100.252,41.394],[-100.236,41.394],[-100.236,41.046],[-100.226,41.046],[-100.222,40.7],[-100.778,40.7],[-101.248,40.698],[-101.248,41.004],[-101.248,41.048],[-101.27,41.048],[-101.27,41.394]]]}},{"type":"Feature","id":"55131","properties":{"n":"Washington","f":"55131"},"geometry":{"type":"Polygon","coordinates":[[[-88.4,43.544],[-88.162,43.544],[-88.04,43.542],[-88.04,43.366],[-88.062,43.366],[-88.062,43.192],[-88.418,43.194],[-88.418,43.37],[-88.402,43.37],[-88.4,43.544]]]}},{"type":"Feature","id":"51119","properties":{"n":"Middlesex","f":"51119"},"geometry":{"type":"Polygon","coordinates":[[[-76.752,37.728],[-76.684,37.77],[-76.62,37.744],[-76.584,37.662],[-76.544,37.616],[-76.436,37.612],[-76.41,37.582],[-76.3,37.562],[-76.354,37.528],[-76.404,37.536],[-76.436,37.514],[-76.5,37.536],[-76.594,37.588],[-76.656,37.604],[-76.72,37.658],[-76.752,37.728]]]}},{"type":"Feature","id":"31061","properties":{"n":"Franklin","f":"31061"},"geometry":{"type":"Polygon","coordinates":[[[-99.178,40.35],[-98.726,40.35],[-98.726,40.002],[-99.066,40.002],[-99.178,40.002],[-99.178,40.35]]]}},{"type":"Feature","id":"51510","properties":{"n":"Alexandria","f":"51510"},"geometry":{"type":"Polygon","coordinates":[[[-77.11,38.844],[-77.042,38.84],[-77.04,38.792],[-77.04,38.786],[-77.092,38.802],[-77.136,38.798],[-77.144,38.826],[-77.11,38.844]]]}},{"type":"Feature","id":"37141","properties":{"n":"Pender","f":"37141"},"geometry":{"type":"Polygon","coordinates":[[[-78.256,34.554],[-78.156,34.68],[-78.112,34.722],[-78.012,34.732],[-77.99,34.716],[-77.682,34.72],[-77.614,34.578],[-77.578,34.476],[-77.516,34.44],[-77.582,34.4],[-77.71,34.298],[-77.74,34.292],[-77.81,34.358],[-77.822,34.388],[-77.93,34.362],[-77.962,34.382],[-77.986,34.372],[-77.994,34.336],[-78.03,34.332],[-78.08,34.34],[-78.138,34.372],[-78.162,34.358],[-78.202,34.354],[-78.256,34.4],[-78.176,34.466],[-78.256,34.508],[-78.274,34.538],[-78.256,34.554]]]}},{"type":"Feature","id":"31141","properties":{"n":"Platte","f":"31141"},"geometry":{"type":"Polygon","coordinates":[[[-97.832,41.742],[-97.368,41.744],[-97.254,41.744],[-97.254,41.384],[-97.286,41.4],[-97.368,41.396],[-97.452,41.368],[-97.524,41.362],[-97.598,41.332],[-97.598,41.396],[-97.702,41.394],[-97.702,41.526],[-97.828,41.526],[-97.832,41.742]]]}},{"type":"Feature","id":"20081","properties":{"n":"Haskell","f":"20081"},"geometry":{"type":"Polygon","coordinates":[[[-101.09,37.736],[-100.654,37.736],[-100.654,37.474],[-100.654,37.388],[-101.07,37.388],[-101.09,37.388],[-101.09,37.736]]]}},{"type":"Feature","id":"48135","properties":{"n":"Ector","f":"48135"},"geometry":{"type":"Polygon","coordinates":[[[-102.8,32.086],[-102.286,32.086],[-102.286,31.652],[-102.318,31.652],[-102.768,31.652],[-102.8,31.652],[-102.8,32.086]]]}},{"type":"Feature","id":"29085","properties":{"n":"Hickory","f":"29085"},"geometry":{"type":"Polygon","coordinates":[[[-93.574,37.828],[-93.568,37.914],[-93.51,37.914],[-93.504,38.074],[-93.066,38.062],[-93.072,37.902],[-93.184,37.904],[-93.188,37.802],[-93.574,37.814],[-93.574,37.828]]]}},{"type":"Feature","id":"51025","properties":{"n":"Brunswick","f":"51025"},"geometry":{"type":"Polygon","coordinates":[[[-78.048,36.544],[-78.026,36.778],[-78.004,37.022],[-77.968,36.988],[-77.89,36.988],[-77.84,36.996],[-77.764,36.974],[-77.714,36.914],[-77.656,36.894],[-77.656,36.714],[-77.768,36.546],[-77.9,36.544],[-78.048,36.544]]]}},{"type":"Feature","id":"19067","properties":{"n":"Floyd","f":"19067"},"geometry":{"type":"Polygon","coordinates":[[[-93.026,43.214],[-92.556,43.214],[-92.556,42.908],[-93.026,42.908],[-93.026,43.214]]]}},{"type":"Feature","id":"51600","properties":{"n":"Fairfax","f":"51600"},"geometry":{"type":"Polygon","coordinates":[[[-77.334,38.856],[-77.294,38.872],[-77.268,38.84],[-77.32,38.834],[-77.334,38.856]]]}},{"type":"Feature","id":"31123","properties":{"n":"Morrill","f":"31123"},"geometry":{"type":"Polygon","coordinates":[[[-103.362,42.002],[-102.864,42.002],[-102.698,42.004],[-102.678,42.006],[-102.678,41.802],[-102.666,41.744],[-102.638,41.744],[-102.638,41.44],[-103.37,41.438],[-103.37,41.7],[-103.362,41.744],[-103.362,42.002]]]}},{"type":"Feature","id":"55127","properties":{"n":"Walworth","f":"55127"},"geometry":{"type":"Polygon","coordinates":[[[-88.776,42.842],[-88.542,42.842],[-88.306,42.842],[-88.306,42.612],[-88.306,42.496],[-88.708,42.494],[-88.776,42.492],[-88.78,42.754],[-88.776,42.842]]]}},{"type":"Feature","id":"13043","properties":{"n":"Candler","f":"13043"},"geometry":{"type":"Polygon","coordinates":[[[-82.032,32.538],[-81.97,32.514],[-81.978,32.478],[-81.916,32.416],[-81.956,32.286],[-81.97,32.268],[-82.024,32.28],[-82.232,32.318],[-82.254,32.352],[-82.186,32.434],[-82.182,32.474],[-82.146,32.52],[-82.078,32.56],[-82.032,32.538]]]}},{"type":"Feature","id":"20063","properties":{"n":"Gove","f":"20063"},"geometry":{"type":"Polygon","coordinates":[[[-100.81,39.134],[-100.722,39.134],[-100.164,39.132],[-100.146,39.132],[-100.154,38.698],[-100.248,38.698],[-100.688,38.7],[-100.818,38.7],[-100.81,39.134]]]}},{"type":"Feature","id":"23019","properties":{"n":"Penobscot","f":"23019"},"geometry":{"type":"Polygon","coordinates":[[[-69.354,45.074],[-68.856,45.142],[-68.88,45.226],[-68.776,45.24],[-68.856,45.528],[-68.964,45.512],[-68.952,45.582],[-68.96,45.662],[-68.826,45.684],[-68.82,46.396],[-68.694,46.396],[-68.694,46.382],[-68.436,46.382],[-68.436,46.042],[-68.424,45.872],[-68.432,45.578],[-68.41,45.574],[-68.256,45.598],[-68.26,45.604],[-68.048,45.64],[-67.958,45.354],[-67.94,45.268],[-68.056,45.252],[-68.302,45.222],[-68.27,45.1],[-68.396,45.084],[-68.374,44.998],[-68.5,44.982],[-68.446,44.762],[-68.616,44.74],[-68.648,44.704],[-68.69,44.722],[-68.744,44.66],[-68.816,44.684],[-68.838,44.702],[-69.182,44.644],[-69.204,44.73],[-69.268,44.722],[-69.282,44.81],[-69.354,45.074]]]}},{"type":"Feature","id":"55001","properties":{"n":"Adams","f":"55001"},"geometry":{"type":"Polygon","coordinates":[[[-89.904,44.25],[-89.724,44.248],[-89.598,44.246],[-89.598,43.982],[-89.598,43.642],[-89.784,43.642],[-89.82,43.692],[-89.864,43.784],[-89.96,43.864],[-89.982,43.916],[-89.954,43.924],[-89.974,43.996],[-90.008,44.008],[-90.026,44.09],[-89.978,44.122],[-89.972,44.166],[-89.924,44.152],[-89.904,44.192],[-89.924,44.214],[-89.904,44.25]]]}},{"type":"Feature","id":"13071","properties":{"n":"Colquitt","f":"13071"},"geometry":{"type":"Polygon","coordinates":[[[-83.998,31.334],[-83.654,31.33],[-83.514,31.328],[-83.51,31.206],[-83.54,31.178],[-83.576,31.078],[-83.576,31.034],[-83.736,31.038],[-84.002,31.042],[-84.002,31.078],[-83.998,31.334]]]}},{"type":"Feature","id":"42125","properties":{"n":"Washington","f":"42125"},"geometry":{"type":"Polygon","coordinates":[[[-80.52,39.962],[-80.52,40.016],[-80.52,40.16],[-80.518,40.4],[-80.52,40.478],[-80.36,40.478],[-80.184,40.332],[-79.914,40.252],[-79.972,40.232],[-79.96,40.216],[-79.872,40.198],[-79.85,40.174],[-79.904,40.152],[-79.878,40.126],[-79.838,40.092],[-79.878,40.064],[-79.878,40.032],[-79.954,39.996],[-79.994,40.008],[-79.996,39.984],[-80.046,39.978],[-80.062,40.01],[-80.13,39.988],[-80.176,40.008],[-80.308,40.006],[-80.38,39.994],[-80.396,39.978],[-80.452,39.974],[-80.474,39.952],[-80.52,39.962]]]}},{"type":"Feature","id":"20197","properties":{"n":"Wabaunsee","f":"20197"},"geometry":{"type":"Polygon","coordinates":[[[-96.5,38.87],[-96.5,39.044],[-96.392,39.044],[-96.388,39.174],[-96.332,39.16],[-96.306,39.198],[-96.27,39.18],[-96.232,39.212],[-96.178,39.188],[-96.084,39.194],[-96.04,39.126],[-95.948,39.098],[-95.948,38.87],[-95.948,38.74],[-96.354,38.74],[-96.388,38.74],[-96.388,38.826],[-96.5,38.826],[-96.5,38.87]]]}},{"type":"Feature","id":"21157","properties":{"n":"Marshall","f":"21157"},"geometry":{"type":"Polygon","coordinates":[[[-88.486,36.942],[-88.482,37.022],[-88.428,37.05],[-88.366,37.064],[-88.31,37.048],[-88.242,36.982],[-88.192,36.936],[-88.158,36.868],[-88.112,36.748],[-88.486,36.75],[-88.486,36.942]]]}},{"type":"Feature","id":"21175","properties":{"n":"Morgan","f":"21175"},"geometry":{"type":"Polygon","coordinates":[[[-83.436,38.034],[-83.382,38.052],[-83.334,38.084],[-83.262,38.116],[-83.27,38.07],[-83.224,38.044],[-83.194,38.01],[-83.138,38.004],[-83.022,38.008],[-82.99,37.964],[-82.962,37.912],[-83.004,37.86],[-83.034,37.886],[-83.058,37.87],[-83.13,37.894],[-83.112,37.864],[-83.21,37.82],[-83.228,37.79],[-83.27,37.77],[-83.242,37.744],[-83.262,37.712],[-83.328,37.754],[-83.334,37.778],[-83.384,37.814],[-83.432,37.82],[-83.496,37.862],[-83.496,37.89],[-83.446,37.942],[-83.436,38.034]]]}},{"type":"Feature","id":"21177","properties":{"n":"Muhlenberg","f":"21177"},"geometry":{"type":"Polygon","coordinates":[[[-87.298,37.392],[-87.212,37.382],[-87.172,37.414],[-87.1,37.416],[-87.096,37.376],[-87.136,37.336],[-87.104,37.328],[-87.09,37.36],[-87.054,37.37],[-86.986,37.316],[-86.982,37.27],[-86.898,37.212],[-86.896,37.178],[-86.92,37.18],[-86.924,37.144],[-86.896,37.088],[-86.942,37.07],[-87.054,37.06],[-87.118,37.046],[-87.25,37.04],[-87.258,37.072],[-87.282,37.108],[-87.334,37.132],[-87.334,37.156],[-87.308,37.192],[-87.388,37.262],[-87.38,37.312],[-87.348,37.31],[-87.298,37.392]]]}},{"type":"Feature","id":"21213","properties":{"n":"Simpson","f":"21213"},"geometry":{"type":"Polygon","coordinates":[[[-86.762,36.65],[-86.752,36.728],[-86.69,36.844],[-86.654,36.876],[-86.612,36.882],[-86.584,36.83],[-86.4,36.808],[-86.408,36.776],[-86.41,36.65],[-86.508,36.652],[-86.566,36.634],[-86.59,36.652],[-86.762,36.65]]]}},{"type":"Feature","id":"37035","properties":{"n":"Catawba","f":"37035"},"geometry":{"type":"Polygon","coordinates":[[[-81.364,35.768],[-81.336,35.796],[-81.142,35.828],[-81.11,35.776],[-81.066,35.738],[-81.062,35.712],[-81.006,35.71],[-80.926,35.622],[-80.958,35.546],[-81.536,35.568],[-81.508,35.608],[-81.432,35.678],[-81.364,35.768]]]}},{"type":"Feature","id":"53013","properties":{"n":"Columbia","f":"53013"},"geometry":{"type":"Polygon","coordinates":[[[-118.23,46.594],[-118.216,46.59],[-118.166,46.554],[-118.094,46.574],[-117.954,46.592],[-117.882,46.592],[-117.852,46.624],[-117.864,46.47],[-117.738,46.472],[-117.716,46.398],[-117.674,46.384],[-117.674,46.338],[-117.612,46.338],[-117.612,46.122],[-117.602,46.122],[-117.602,46],[-117.978,46],[-117.996,46],[-117.992,46.208],[-118.114,46.208],[-118.114,46.296],[-118.24,46.294],[-118.244,46.56],[-118.23,46.594]]]}},{"type":"Feature","id":"39069","properties":{"n":"Henry","f":"39069"},"geometry":{"type":"Polygon","coordinates":[[[-84.344,41.486],[-83.884,41.488],[-83.884,41.414],[-83.88,41.168],[-84.228,41.166],[-84.228,41.428],[-84.344,41.428],[-84.344,41.486]]]}},{"type":"Feature","id":"39047","properties":{"n":"Fayette","f":"39047"},"geometry":{"type":"Polygon","coordinates":[[[-83.654,39.716],[-83.252,39.696],[-83.266,39.516],[-83.374,39.378],[-83.59,39.378],[-83.576,39.544],[-83.668,39.55],[-83.654,39.716]]]}},{"type":"Feature","id":"48379","properties":{"n":"Rains","f":"48379"},"geometry":{"type":"Polygon","coordinates":[[[-95.862,32.98],[-95.668,32.98],[-95.664,32.96],[-95.636,32.72],[-95.66,32.712],[-95.71,32.746],[-95.796,32.776],[-95.864,32.778],[-95.922,32.816],[-95.934,32.838],[-95.986,32.876],[-95.944,32.98],[-95.862,32.98]]]}},{"type":"Feature","id":"29129","properties":{"n":"Mercer","f":"29129"},"geometry":{"type":"Polygon","coordinates":[[[-93.776,40.578],[-93.558,40.58],[-93.374,40.58],[-93.366,40.382],[-93.366,40.266],[-93.762,40.264],[-93.766,40.472],[-93.776,40.472],[-93.776,40.578]]]}},{"type":"Feature","id":"39109","properties":{"n":"Miami","f":"39109"},"geometry":{"type":"Polygon","coordinates":[[[-84.434,40.198],[-84.218,40.2],[-84.024,40.184],[-84.034,40.04],[-84.052,39.88],[-84.156,39.886],[-84.156,39.924],[-84.426,39.92],[-84.434,40.198]]]}},{"type":"Feature","id":"48367","properties":{"n":"Parker","f":"48367"},"geometry":{"type":"Polygon","coordinates":[[[-98.054,33.004],[-97.922,33.002],[-97.544,32.994],[-97.552,32.556],[-97.616,32.556],[-98.066,32.56],[-98.054,33.004]]]}},{"type":"Feature","id":"48503","properties":{"n":"Young","f":"48503"},"geometry":{"type":"Polygon","coordinates":[[[-98.956,33.398],[-98.42,33.396],[-98.428,33.008],[-98.428,32.952],[-98.574,32.954],[-98.952,32.956],[-98.956,33.398]]]}},{"type":"Feature","id":"48373","properties":{"n":"Polk","f":"48373"},"geometry":{"type":"Polygon","coordinates":[[[-95.2,30.824],[-94.938,31.042],[-94.842,31.146],[-94.738,31.104],[-94.62,31.086],[-94.562,31.06],[-94.658,31.012],[-94.544,30.526],[-94.536,30.492],[-94.734,30.49],[-94.85,30.494],[-94.868,30.512],[-94.834,30.53],[-94.964,30.576],[-95.028,30.58],[-95.008,30.606],[-95.054,30.68],[-95.104,30.658],[-95.112,30.692],[-95.148,30.714],[-95.132,30.782],[-95.2,30.824]]]}},{"type":"Feature","id":"53077","properties":{"n":"Yakima","f":"53077"},"geometry":{"type":"Polygon","coordinates":[[[-121.382,47.088],[-121.36,47.07],[-121.28,47.088],[-121.224,47.066],[-121.09,46.992],[-121.09,46.97],[-121.026,46.912],[-120.634,46.912],[-120.634,46.826],[-120.51,46.824],[-120.51,46.738],[-119.974,46.738],[-119.946,46.676],[-119.874,46.628],[-119.874,46.214],[-119.866,46.214],[-119.866,46.042],[-120.574,46.042],[-121.068,46.042],[-121.134,46.044],[-121.522,46.044],[-121.522,46.388],[-121.396,46.388],[-121.384,46.41],[-121.436,46.476],[-121.454,46.534],[-121.414,46.558],[-121.388,46.622],[-121.414,46.648],[-121.41,46.684],[-121.378,46.686],[-121.37,46.726],[-121.432,46.742],[-121.456,46.784],[-121.496,46.862],[-121.524,46.872],[-121.456,46.924],[-121.446,46.98],[-121.406,47],[-121.374,47.056],[-121.382,47.088]]]}},{"type":"Feature","id":"39123","properties":{"n":"Ottawa","f":"39123"},"geometry":{"type":"MultiPolygon","coordinates":[[[[-82.842,41.648],[-82.822,41.724],[-82.782,41.694],[-82.792,41.664],[-82.842,41.628],[-82.842,41.648]]],[[[-83.418,41.618],[-83.166,41.624],[-83.066,41.596],[-83,41.538],[-82.932,41.514],[-82.868,41.534],[-82.86,41.576],[-82.836,41.588],[-82.786,41.54],[-82.718,41.542],[-82.696,41.494],[-82.738,41.478],[-82.818,41.484],[-82.95,41.458],[-83.338,41.458],[-83.338,41.502],[-83.414,41.5],[-83.418,41.618]]]]}},{"type":"Feature","id":"31103","properties":{"n":"Keya Paha","f":"31103"},"geometry":{"type":"Polygon","coordinates":[[[-100.198,42.998],[-99.534,42.998],[-99.254,42.998],[-99.256,42.804],[-99.336,42.78],[-99.414,42.772],[-99.436,42.754],[-99.536,42.718],[-99.676,42.732],[-99.712,42.726],[-99.856,42.752],[-99.864,42.77],[-99.968,42.772],[-100.006,42.788],[-100.058,42.786],[-100.132,42.808],[-100.198,42.846],[-100.198,42.998]]]}},{"type":"Feature","id":"21007","properties":{"n":"Ballard","f":"21007"},"geometry":{"type":"Polygon","coordinates":[[[-89.17,37.068],[-89.11,37.12],[-89.078,37.174],[-89.03,37.21],[-88.984,37.228],[-88.934,37.228],[-88.816,36.954],[-88.916,36.942],[-88.988,36.92],[-89.012,36.93],[-89.082,36.916],[-89.1,36.944],[-89.132,36.982],[-89.182,37.028],[-89.17,37.068]]]}},{"type":"Feature","id":"48005","properties":{"n":"Angelina","f":"48005"},"geometry":{"type":"Polygon","coordinates":[[[-95.004,31.426],[-94.868,31.526],[-94.824,31.484],[-94.688,31.45],[-94.544,31.432],[-94.544,31.404],[-94.498,31.406],[-94.45,31.322],[-94.396,31.302],[-94.382,31.274],[-94.326,31.226],[-94.25,31.188],[-94.192,31.136],[-94.132,31.1],[-94.458,31.034],[-94.562,31.06],[-94.62,31.086],[-94.738,31.104],[-94.842,31.146],[-94.864,31.2],[-94.86,31.236],[-94.9,31.258],[-94.878,31.284],[-94.9,31.328],[-94.96,31.348],[-94.956,31.386],[-95.004,31.426]]]}},{"type":"Feature","id":"45015","properties":{"n":"Berkeley","f":"45015"},"geometry":{"type":"Polygon","coordinates":[[[-80.222,33.444],[-80.152,33.448],[-80.152,33.478],[-80.1,33.498],[-80.082,33.506],[-79.972,33.5],[-79.892,33.454],[-79.854,33.402],[-79.782,33.368],[-79.756,33.33],[-79.678,33.304],[-79.448,33.214],[-79.494,33.192],[-79.522,33.146],[-79.558,33.156],[-79.644,33.12],[-79.728,33.014],[-79.764,32.988],[-79.764,32.958],[-79.824,32.92],[-79.864,32.87],[-79.896,32.858],[-79.896,32.83],[-79.928,32.824],[-79.932,32.852],[-79.964,32.878],[-79.95,32.91],[-80.012,32.9],[-80.054,33],[-80.098,32.988],[-80.152,33.022],[-80.28,33.12],[-80.33,33.148],[-80.298,33.182],[-80.33,33.198],[-80.362,33.258],[-80.344,33.278],[-80.312,33.264],[-80.256,33.3],[-80.222,33.444]]]}},{"type":"Feature","id":"45037","properties":{"n":"Edgefield","f":"45037"},"geometry":{"type":"Polygon","coordinates":[[[-82.046,33.954],[-82.006,33.962],[-81.896,33.976],[-81.87,33.892],[-81.834,33.866],[-81.652,33.814],[-82.014,33.532],[-82.028,33.546],[-82.114,33.596],[-82.096,33.634],[-82.164,33.69],[-82.182,33.724],[-82.172,33.766],[-82.114,33.83],[-82.158,33.888],[-82.158,33.93],[-82.046,33.954]]]}},{"type":"Feature","id":"48297","properties":{"n":"Live Oak","f":"48297"},"geometry":{"type":"Polygon","coordinates":[[[-98.334,28.612],[-98.098,28.788],[-98.004,28.69],[-98.09,28.664],[-97.81,28.184],[-97.818,28.178],[-97.904,28.114],[-97.9,28.068],[-97.882,28.056],[-98.234,28.058],[-98.334,28.058],[-98.334,28.612]]]}},{"type":"Feature","id":"27121","properties":{"n":"Pope","f":"27121"},"geometry":{"type":"Polygon","coordinates":[[[-95.758,45.76],[-95.14,45.758],[-95.14,45.586],[-95.132,45.586],[-95.132,45.412],[-95.254,45.412],[-95.746,45.412],[-95.746,45.586],[-95.758,45.586],[-95.758,45.76]]]}},{"type":"Feature","id":"39115","properties":{"n":"Morgan","f":"39115"},"geometry":{"type":"Polygon","coordinates":[[[-82.074,39.77],[-81.698,39.756],[-81.64,39.754],[-81.644,39.666],[-81.586,39.664],[-81.586,39.588],[-81.716,39.584],[-81.724,39.532],[-81.706,39.532],[-81.708,39.48],[-81.824,39.494],[-81.846,39.45],[-82.056,39.46],[-82.046,39.552],[-82.024,39.724],[-82.078,39.728],[-82.074,39.77]]]}},{"type":"Feature","id":"41027","properties":{"n":"Hood River","f":"41027"},"geometry":{"type":"Polygon","coordinates":[[[-121.924,45.65],[-121.866,45.694],[-121.812,45.708],[-121.736,45.694],[-121.632,45.704],[-121.524,45.726],[-121.442,45.698],[-121.442,45.52],[-121.482,45.52],[-121.482,45.258],[-121.698,45.258],[-121.68,45.298],[-121.704,45.332],[-121.698,45.374],[-121.776,45.402],[-121.82,45.462],[-121.894,45.514],[-121.916,45.546],[-121.924,45.65]]]}},{"type":"Feature","id":"29167","properties":{"n":"Polk","f":"29167"},"geometry":{"type":"Polygon","coordinates":[[[-93.628,37.83],[-93.574,37.828],[-93.574,37.814],[-93.188,37.802],[-93.19,37.73],[-93.172,37.73],[-93.184,37.418],[-93.622,37.428],[-93.614,37.572],[-93.61,37.742],[-93.632,37.742],[-93.628,37.83]]]}},{"type":"Feature","id":"48115","properties":{"n":"Dawson","f":"48115"},"geometry":{"type":"Polygon","coordinates":[[[-102.208,32.958],[-102.074,32.96],[-101.69,32.962],[-101.69,32.526],[-102.204,32.524],[-102.208,32.958]]]}},{"type":"Feature","id":"48207","properties":{"n":"Haskell","f":"48207"},"geometry":{"type":"Polygon","coordinates":[[[-99.992,33.398],[-99.472,33.4],[-99.472,32.956],[-99.612,32.956],[-99.99,32.96],[-99.992,33.398]]]}},{"type":"Feature","id":"48445","properties":{"n":"Terry","f":"48445"},"geometry":{"type":"Polygon","coordinates":[[[-102.594,33.388],[-102.074,33.39],[-102.074,32.96],[-102.208,32.958],[-102.594,32.958],[-102.594,33.388]]]}},{"type":"Feature","id":"48009","properties":{"n":"Archer","f":"48009"},"geometry":{"type":"Polygon","coordinates":[[[-98.952,33.834],[-98.424,33.836],[-98.42,33.468],[-98.42,33.396],[-98.956,33.398],[-98.952,33.834]]]}},{"type":"Feature","id":"19195","properties":{"n":"Worth","f":"19195"},"geometry":{"type":"Polygon","coordinates":[[[-93.496,43.5],[-93.05,43.5],[-93.026,43.5],[-93.026,43.256],[-93.496,43.256],[-93.496,43.5]]]}},{"type":"Feature","id":"21001","properties":{"n":"Adair","f":"21001"},"geometry":{"type":"Polygon","coordinates":[[[-85.528,37.11],[-85.38,37.168],[-85.352,37.192],[-85.308,37.228],[-85.312,37.246],[-85.194,37.272],[-85.166,37.31],[-85.058,37.258],[-85.044,37.186],[-85.166,37.034],[-85.204,36.998],[-85.234,36.924],[-85.452,36.938],[-85.442,36.954],[-85.502,37.008],[-85.528,37.11]]]}},{"type":"Feature","id":"08093","properties":{"n":"Park","f":"08093"},"geometry":{"type":"Polygon","coordinates":[[[-106.134,39.38],[-106.054,39.358],[-106.022,39.362],[-105.994,39.402],[-105.95,39.414],[-105.966,39.438],[-105.912,39.456],[-105.854,39.504],[-105.868,39.516],[-105.818,39.538],[-105.828,39.564],[-105.588,39.568],[-105.398,39.566],[-105.398,39.13],[-105.33,39.13],[-105.33,38.698],[-105.968,38.694],[-105.94,38.764],[-105.908,38.808],[-105.944,38.852],[-105.926,38.872],[-105.976,38.882],[-105.966,38.906],[-106.03,38.942],[-106.112,38.94],[-106.108,38.988],[-106.17,38.99],[-106.192,39.056],[-106.17,39.086],[-106.21,39.104],[-106.174,39.136],[-106.184,39.21],[-106.184,39.31],[-106.152,39.32],[-106.134,39.38]]]}},{"type":"Feature","id":"45075","properties":{"n":"Orangeburg","f":"45075"},"geometry":{"type":"Polygon","coordinates":[[[-81.372,33.49],[-81.188,33.652],[-81.088,33.696],[-81.042,33.706],[-80.966,33.626],[-80.944,33.644],[-80.94,33.608],[-80.886,33.618],[-80.808,33.604],[-80.694,33.522],[-80.66,33.47],[-80.61,33.47],[-80.624,33.498],[-80.588,33.538],[-80.61,33.55],[-80.554,33.566],[-80.51,33.538],[-80.496,33.558],[-80.448,33.524],[-80.434,33.478],[-80.356,33.43],[-80.276,33.446],[-80.222,33.444],[-80.256,33.3],[-80.312,33.264],[-80.344,33.278],[-80.362,33.258],[-80.428,33.258],[-80.484,33.28],[-80.502,33.334],[-80.79,33.182],[-80.798,33.176],[-80.836,33.204],[-80.848,33.238],[-80.94,33.304],[-81.08,33.376],[-81.188,33.412],[-81.224,33.44],[-81.304,33.48],[-81.372,33.49]]]}},{"type":"Feature","id":"08065","properties":{"n":"Lake","f":"08065"},"geometry":{"type":"Polygon","coordinates":[[[-106.428,39.362],[-106.4,39.38],[-106.352,39.354],[-106.284,39.35],[-106.206,39.38],[-106.134,39.38],[-106.152,39.32],[-106.184,39.31],[-106.184,39.21],[-106.174,39.136],[-106.21,39.104],[-106.17,39.086],[-106.192,39.056],[-106.578,39.058],[-106.586,39.088],[-106.558,39.12],[-106.562,39.156],[-106.508,39.168],[-106.482,39.272],[-106.486,39.312],[-106.432,39.316],[-106.428,39.362]]]}},{"type":"Feature","id":"21089","properties":{"n":"Greenup","f":"21089"},"geometry":{"type":"Polygon","coordinates":[[[-83.044,38.706],[-83.022,38.728],[-82.968,38.728],[-82.894,38.756],[-82.868,38.728],[-82.878,38.69],[-82.846,38.594],[-82.814,38.57],[-82.724,38.558],[-82.668,38.506],[-82.768,38.434],[-82.818,38.374],[-82.912,38.4],[-82.972,38.394],[-83.052,38.466],[-83.166,38.504],[-83.122,38.536],[-83.072,38.594],[-83.072,38.632],[-83.022,38.684],[-83.044,38.706]]]}},{"type":"Feature","id":"13137","properties":{"n":"Habersham","f":"13137"},"geometry":{"type":"Polygon","coordinates":[[[-83.65,34.822],[-83.586,34.82],[-83.55,34.75],[-83.478,34.724],[-83.432,34.748],[-83.352,34.716],[-83.338,34.688],[-83.364,34.676],[-83.46,34.48],[-83.536,34.492],[-83.614,34.432],[-83.664,34.504],[-83.614,34.554],[-83.64,34.58],[-83.64,34.622],[-83.662,34.66],[-83.622,34.732],[-83.63,34.764],[-83.682,34.8],[-83.65,34.822]]]}},{"type":"Feature","id":"39163","properties":{"n":"Vinton","f":"39163"},"geometry":{"type":"Polygon","coordinates":[[[-82.75,39.368],[-82.634,39.362],[-82.634,39.376],[-82.516,39.37],[-82.512,39.396],[-82.29,39.384],[-82.298,39.296],[-82.262,39.294],[-82.268,39.204],[-82.308,39.206],[-82.322,39.028],[-82.434,39.034],[-82.424,39.138],[-82.542,39.144],[-82.538,39.18],[-82.652,39.19],[-82.65,39.202],[-82.764,39.208],[-82.75,39.368]]]}},{"type":"Feature","id":"39175","properties":{"n":"Wyandot","f":"39175"},"geometry":{"type":"Polygon","coordinates":[[[-83.42,40.992],[-83.112,40.994],[-83.112,40.704],[-83.306,40.702],[-83.306,40.686],[-83.42,40.686],[-83.438,40.702],[-83.496,40.702],[-83.496,40.818],[-83.514,40.818],[-83.514,40.904],[-83.478,40.904],[-83.478,40.948],[-83.456,40.948],[-83.456,40.992],[-83.42,40.992]]]}},{"type":"Feature","id":"30003","properties":{"n":"Big Horn","f":"30003"},"geometry":{"type":"Polygon","coordinates":[[[-108.646,45.464],[-108.316,45.46],[-108.316,45.49],[-108.194,45.49],[-108.194,45.518],[-108.068,45.518],[-108.068,45.784],[-108.048,45.784],[-108.048,45.9],[-107.882,45.9],[-107.882,45.928],[-107.838,45.928],[-107.838,45.958],[-107.8,45.958],[-107.8,45.986],[-107.674,45.986],[-107.674,46.044],[-107.512,46.044],[-107.426,46.044],[-107.426,45.958],[-107.174,45.958],[-107.174,45.914],[-107.052,45.914],[-107.052,45.87],[-106.938,45.87],[-106.938,45.832],[-106.876,45.832],[-106.876,45.788],[-106.912,45.788],[-106.912,45.684],[-106.73,45.672],[-106.73,45.352],[-106.77,45.354],[-106.77,45.18],[-106.282,45.18],[-106.264,45.18],[-106.264,44.994],[-107.086,44.996],[-107.136,45],[-107.91,45],[-108.248,45],[-108.24,45.056],[-108.186,45.1],[-108.13,45.216],[-108.104,45.22],[-108.69,45.218],[-108.7,45.226],[-108.7,45.33],[-108.676,45.438],[-108.646,45.464]]]}},{"type":"Feature","id":"51683","properties":{"n":"Manassas","f":"51683"},"geometry":{"type":"Polygon","coordinates":[[[-77.476,38.782],[-77.46,38.772],[-77.456,38.736],[-77.528,38.734],[-77.476,38.782]],[[-77.48,38.752],[-77.48,38.752],[-77.48,38.752],[-77.48,38.752]]]}},{"type":"Feature","id":"31117","properties":{"n":"McPherson","f":"31117"},"geometry":{"type":"Polygon","coordinates":[[[-101.406,41.744],[-100.844,41.74],[-100.71,41.74],[-100.714,41.394],[-101.27,41.394],[-101.406,41.396],[-101.406,41.744]]]}},{"type":"Feature","id":"48213","properties":{"n":"Henderson","f":"48213"},"geometry":{"type":"Polygon","coordinates":[[[-96.454,32.358],[-96.076,32.358],[-95.448,32.356],[-95.448,32.296],[-95.488,32.236],[-95.462,32.202],[-95.478,32.146],[-95.46,32.136],[-95.428,32.084],[-96.052,32.006],[-96.056,32.012],[-96.066,32.086],[-96.106,32.076],[-96.112,32.16],[-96.166,32.158],[-96.178,32.182],[-96.156,32.214],[-96.198,32.206],[-96.234,32.25],[-96.284,32.256],[-96.314,32.304],[-96.382,32.328],[-96.454,32.358]]]}},{"type":"Feature","id":"50001","properties":{"n":"Addison","f":"50001"},"geometry":{"type":"Polygon","coordinates":[[[-73.314,44.264],[-73.198,44.266],[-72.972,44.294],[-72.95,44.162],[-72.932,44.164],[-72.908,44.072],[-72.742,44.03],[-72.792,43.962],[-72.864,43.862],[-72.876,43.904],[-72.954,43.874],[-72.98,43.882],[-72.958,43.826],[-73.016,43.806],[-73.03,43.846],[-73.22,43.836],[-73.206,43.766],[-73.364,43.754],[-73.35,43.772],[-73.378,43.808],[-73.374,43.876],[-73.41,43.934],[-73.406,44.022],[-73.44,44.044],[-73.41,44.112],[-73.392,44.19],[-73.314,44.264]]]}},{"type":"Feature","id":"31033","properties":{"n":"Cheyenne","f":"31033"},"geometry":{"type":"Polygon","coordinates":[[[-103.378,41.394],[-103.37,41.438],[-102.638,41.44],[-102.638,41.396],[-102.61,41.396],[-102.61,41.222],[-102.61,41.048],[-102.62,41.002],[-102.652,41.002],[-103.38,41.002],[-103.378,41.048],[-103.378,41.394]]]}},{"type":"Feature","id":"48035","properties":{"n":"Bosque","f":"48035"},"geometry":{"type":"Polygon","coordinates":[[[-97.864,32.088],[-97.63,32.208],[-97.616,32.204],[-97.57,32.176],[-97.566,32.15],[-97.516,32.134],[-97.512,32.162],[-97.476,32.174],[-97.458,32.17],[-97.494,32.128],[-97.47,32.086],[-97.49,32.06],[-97.488,32.018],[-97.426,32.028],[-97.38,31.972],[-97.44,31.93],[-97.362,31.89],[-97.384,31.872],[-97.326,31.842],[-97.282,31.844],[-97.282,31.822],[-97.326,31.788],[-97.276,31.746],[-97.606,31.588],[-97.688,31.712],[-97.768,31.672],[-98.004,32.018],[-97.864,32.088]]]}},{"type":"Feature","id":"45071","properties":{"n":"Newberry","f":"45071"},"geometry":{"type":"Polygon","coordinates":[[[-81.946,34.204],[-81.902,34.262],[-81.892,34.304],[-81.838,34.342],[-81.784,34.364],[-81.724,34.45],[-81.702,34.452],[-81.644,34.534],[-81.554,34.476],[-81.54,34.444],[-81.486,34.49],[-81.422,34.494],[-81.422,34.454],[-81.368,34.326],[-81.318,34.24],[-81.34,34.198],[-81.404,34.178],[-81.436,34.13],[-81.39,34.08],[-81.468,34.088],[-81.472,34.076],[-81.54,34.082],[-81.636,34.146],[-81.73,34.188],[-81.784,34.166],[-81.86,34.18],[-81.87,34.136],[-81.946,34.204]]]}},{"type":"Feature","id":"48205","properties":{"n":"Hartley","f":"48205"},"geometry":{"type":"Polygon","coordinates":[[[-103.04,36.056],[-102.164,36.056],[-102.164,35.628],[-103.04,35.622],[-103.04,35.74],[-103.04,36.056]]]}},{"type":"Feature","id":"55107","properties":{"n":"Rusk","f":"55107"},"geometry":{"type":"Polygon","coordinates":[[[-91.54,45.638],[-90.678,45.638],[-90.678,45.378],[-90.926,45.38],[-90.926,45.292],[-91.54,45.292],[-91.54,45.638]]]}},{"type":"Feature","id":"19035","properties":{"n":"Cherokee","f":"19035"},"geometry":{"type":"Polygon","coordinates":[[[-95.858,42.91],[-95.388,42.91],[-95.388,42.562],[-95.742,42.562],[-95.862,42.56],[-95.858,42.91]]]}},{"type":"Feature","id":"20119","properties":{"n":"Meade","f":"20119"},"geometry":{"type":"Polygon","coordinates":[[[-100.654,37.474],[-100.216,37.476],[-100.108,37.474],[-100.108,37.388],[-100.094,37.388],[-100.09,37.002],[-100.632,37],[-100.636,37.388],[-100.654,37.388],[-100.654,37.474]]]}},{"type":"Feature","id":"48087","properties":{"n":"Collingsworth","f":"48087"},"geometry":{"type":"Polygon","coordinates":[[[-100.538,35.184],[-100,35.182],[-100,35.03],[-100,34.746],[-100.416,34.748],[-100.542,34.748],[-100.538,35.184]]]}},{"type":"Feature","id":"51135","properties":{"n":"Nottoway","f":"51135"},"geometry":{"type":"Polygon","coordinates":[[[-78.23,37.296],[-77.826,37.202],[-77.796,37.192],[-77.9,37.144],[-77.89,36.988],[-77.968,36.988],[-78.004,37.022],[-78.084,37.016],[-78.17,37.058],[-78.23,37.096],[-78.238,37.12],[-78.23,37.296]]]}},{"type":"Feature","id":"39127","properties":{"n":"Perry","f":"39127"},"geometry":{"type":"Polygon","coordinates":[[[-82.462,39.93],[-82.42,39.922],[-82.232,39.914],[-82.162,39.91],[-82.172,39.82],[-82.072,39.816],[-82.074,39.77],[-82.078,39.728],[-82.024,39.724],[-82.046,39.552],[-82.158,39.556],[-82.266,39.562],[-82.262,39.59],[-82.38,39.596],[-82.372,39.654],[-82.366,39.742],[-82.406,39.744],[-82.398,39.832],[-82.474,39.838],[-82.462,39.93]]]}},{"type":"Feature","id":"36053","properties":{"n":"Madison","f":"36053"},"geometry":{"type":"Polygon","coordinates":[[[-75.994,43.184],[-75.934,43.176],[-75.884,43.156],[-75.726,43.162],[-75.708,43.138],[-75.654,43.114],[-75.64,43.08],[-75.6,43.062],[-75.596,43.036],[-75.554,43.038],[-75.542,42.932],[-75.456,42.934],[-75.438,42.864],[-75.248,42.872],[-75.252,42.784],[-75.294,42.744],[-75.428,42.738],[-75.428,42.746],[-75.89,42.724],[-75.898,42.79],[-75.92,43.09],[-75.976,43.092],[-75.97,43.154],[-75.994,43.184]]]}},{"type":"Feature","id":"27085","properties":{"n":"McLeod","f":"27085"},"geometry":{"type":"Polygon","coordinates":[[[-94.256,44.98],[-94.012,44.978],[-94.01,44.718],[-94.254,44.718],[-94.254,44.63],[-94.498,44.63],[-94.498,44.718],[-94.502,44.892],[-94.502,44.98],[-94.256,44.98]]]}},{"type":"Feature","id":"48425","properties":{"n":"Somervell","f":"48425"},"geometry":{"type":"Polygon","coordinates":[[[-97.946,32.234],[-97.782,32.316],[-97.616,32.318],[-97.616,32.204],[-97.63,32.208],[-97.864,32.088],[-97.946,32.234]]]}},{"type":"Feature","id":"39021","properties":{"n":"Champaign","f":"39021"},"geometry":{"type":"Polygon","coordinates":[[[-84.024,40.184],[-84.014,40.274],[-83.784,40.26],[-83.786,40.246],[-83.55,40.23],[-83.496,40.226],[-83.504,40.112],[-83.518,40.01],[-84.034,40.04],[-84.024,40.184]]]}},{"type":"Feature","id":"12086","properties":{"n":"Miami-Dade","f":"12086"},"geometry":{"type":"MultiPolygon","coordinates":[[[[-80.27,25.352],[-80.202,25.486],[-80.176,25.52],[-80.176,25.486],[-80.204,25.414],[-80.252,25.342],[-80.27,25.352]]],[[[-80.872,25.806],[-80.872,25.98],[-80.678,25.978],[-80.678,25.958],[-80.308,25.958],[-80.294,25.97],[-80.118,25.976],[-80.118,25.842],[-80.13,25.772],[-80.154,25.702],[-80.154,25.666],[-80.176,25.684],[-80.166,25.728],[-80.184,25.746],[-80.24,25.724],[-80.276,25.636],[-80.298,25.622],[-80.302,25.568],[-80.33,25.532],[-80.338,25.466],[-80.32,25.438],[-80.326,25.398],[-80.306,25.384],[-80.334,25.338],[-80.378,25.306],[-80.396,25.254],[-80.42,25.236],[-80.496,25.228],[-80.496,25.2],[-80.52,25.222],[-80.542,25.206],[-80.664,25.188],[-80.714,25.152],[-80.746,25.148],[-80.812,25.186],[-80.858,25.176],[-80.862,25.364],[-80.872,25.364],[-80.872,25.806]]]]}},{"type":"Feature","id":"13165","properties":{"n":"Jenkins","f":"13165"},"geometry":{"type":"Polygon","coordinates":[[[-81.766,32.91],[-81.87,32.674],[-81.842,32.65],[-82,32.608],[-82.082,32.664],[-82.146,32.812],[-82.126,32.884],[-82.082,32.916],[-81.956,32.924],[-81.856,32.954],[-81.784,32.928],[-81.766,32.91]]]}},{"type":"Feature","id":"13005","properties":{"n":"Bacon","f":"13005"},"geometry":{"type":"Polygon","coordinates":[[[-82.628,31.672],[-82.52,31.672],[-82.52,31.71],[-82.494,31.71],[-82.452,31.662],[-82.348,31.622],[-82.318,31.594],[-82.24,31.554],[-82.226,31.53],[-82.268,31.494],[-82.302,31.494],[-82.302,31.468],[-82.344,31.43],[-82.416,31.418],[-82.48,31.418],[-82.494,31.468],[-82.598,31.468],[-82.596,31.558],[-82.628,31.558],[-82.628,31.672]]]}},{"type":"Feature","id":"23021","properties":{"n":"Piscataquis","f":"23021"},"geometry":{"type":"Polygon","coordinates":[[[-69.72,46.574],[-68.82,46.572],[-68.82,46.396],[-68.826,45.684],[-68.96,45.662],[-68.952,45.582],[-68.964,45.512],[-68.856,45.528],[-68.776,45.24],[-68.88,45.226],[-68.856,45.142],[-69.354,45.074],[-69.502,45.054],[-69.516,45.024],[-69.62,45.012],[-69.656,45.1],[-69.782,45.542],[-69.732,45.568],[-69.702,45.628],[-69.738,45.678],[-69.786,45.692],[-69.782,45.77],[-69.728,45.762],[-69.706,45.854],[-69.738,45.884],[-69.698,45.886],[-69.684,45.852],[-69.648,45.864],[-69.684,45.984],[-69.728,45.976],[-69.732,46.394],[-69.72,46.394],[-69.72,46.574]]]}},{"type":"Feature","id":"39085","properties":{"n":"Lake","f":"39085"},"geometry":{"type":"Polygon","coordinates":[[[-81.49,41.632],[-81.444,41.672],[-81.286,41.76],[-81.25,41.762],[-81.112,41.818],[-81.002,41.856],[-81.006,41.716],[-81.102,41.714],[-81.102,41.642],[-81.296,41.642],[-81.296,41.57],[-81.39,41.57],[-81.486,41.57],[-81.49,41.632]]]}},{"type":"Feature","id":"48089","properties":{"n":"Colorado","f":"48089"},"geometry":{"type":"Polygon","coordinates":[[[-96.874,29.632],[-96.716,29.792],[-96.568,29.962],[-96.536,29.908],[-96.414,29.824],[-96.342,29.83],[-96.3,29.738],[-96.27,29.716],[-96.26,29.67],[-96.198,29.656],[-96.174,29.634],[-96.306,29.514],[-96.35,29.406],[-96.64,29.248],[-96.658,29.264],[-96.562,29.336],[-96.794,29.578],[-96.834,29.576],[-96.844,29.616],[-96.874,29.632]]]}},{"type":"Feature","id":"21131","properties":{"n":"Leslie","f":"21131"},"geometry":{"type":"Polygon","coordinates":[[[-83.508,37.236],[-83.46,37.294],[-83.4,37.32],[-83.352,37.296],[-83.324,37.226],[-83.256,37.204],[-83.202,37.174],[-83.228,37.138],[-83.166,37.102],[-83.18,37.022],[-83.23,37.004],[-83.26,36.968],[-83.324,36.94],[-83.4,36.92],[-83.41,36.89],[-83.49,36.896],[-83.51,36.938],[-83.51,37.004],[-83.554,37.08],[-83.55,37.168],[-83.504,37.204],[-83.508,37.236]]]}},{"type":"Feature","id":"12007","properties":{"n":"Bradford","f":"12007"},"geometry":{"type":"Polygon","coordinates":[[[-82.42,29.922],[-82.308,29.956],[-82.262,30.028],[-82.226,30.034],[-82.146,30.11],[-82.144,30.144],[-82.05,30.144],[-82.046,29.748],[-82.05,29.72],[-82.056,29.718],[-82.078,29.776],[-82.11,29.782],[-82.132,29.836],[-82.19,29.848],[-82.272,29.842],[-82.336,29.878],[-82.398,29.888],[-82.42,29.922]]]}},{"type":"Feature","id":"37119","properties":{"n":"Mecklenburg","f":"37119"},"geometry":{"type":"Polygon","coordinates":[[[-81.042,35.15],[-81.008,35.156],[-81.016,35.27],[-80.984,35.34],[-80.922,35.36],[-80.988,35.38],[-80.956,35.4],[-80.94,35.456],[-80.948,35.492],[-80.908,35.516],[-80.782,35.506],[-80.75,35.414],[-80.764,35.402],[-80.694,35.346],[-80.668,35.268],[-80.55,35.208],[-80.768,35.036],[-80.84,35.002],[-80.904,35.076],[-80.934,35.108],[-81.042,35.044],[-81.06,35.062],[-81.034,35.104],[-81.042,35.15]]]}},{"type":"Feature","id":"41067","properties":{"n":"Washington","f":"41067"},"geometry":{"type":"Polygon","coordinates":[[[-123.362,45.78],[-123.032,45.78],[-123.032,45.752],[-122.928,45.722],[-122.928,45.642],[-122.846,45.578],[-122.806,45.562],[-122.746,45.516],[-122.746,45.434],[-122.746,45.332],[-122.846,45.346],[-122.868,45.318],[-122.91,45.318],[-122.924,45.346],[-122.972,45.348],[-123.032,45.404],[-123.114,45.404],[-123.14,45.434],[-123.466,45.434],[-123.442,45.522],[-123.362,45.55],[-123.362,45.58],[-123.32,45.58],[-123.298,45.608],[-123.34,45.608],[-123.38,45.636],[-123.424,45.636],[-123.484,45.708],[-123.362,45.708],[-123.362,45.78]]]}},{"type":"Feature","id":"48161","properties":{"n":"Freestone","f":"48161"},"geometry":{"type":"Polygon","coordinates":[[[-96.496,31.796],[-96.056,32.012],[-96.052,32.006],[-96.062,31.978],[-96.026,31.956],[-96.002,31.914],[-96.026,31.874],[-95.97,31.876],[-95.994,31.84],[-95.976,31.832],[-95.984,31.786],[-95.876,31.754],[-95.88,31.7],[-95.8,31.674],[-95.786,31.618],[-96.238,31.414],[-96.496,31.796]]]}},{"type":"Feature","id":"42083","properties":{"n":"McKean","f":"42083"},"geometry":{"type":"Polygon","coordinates":[[[-78.92,41.998],[-78.31,42],[-78.206,42],[-78.202,41.618],[-78.42,41.618],[-78.418,41.602],[-78.482,41.602],[-78.482,41.63],[-78.672,41.624],[-78.956,41.624],[-78.948,41.83],[-78.916,41.842],[-78.92,41.998]]]}},{"type":"Feature","id":"29103","properties":{"n":"Knox","f":"29103"},"geometry":{"type":"Polygon","coordinates":[[[-92.348,40.302],[-91.95,40.3],[-91.95,40.258],[-91.952,39.95],[-92.286,39.952],[-92.344,39.954],[-92.344,40.038],[-92.348,40.302]]]}},{"type":"Feature","id":"19147","properties":{"n":"Palo Alto","f":"19147"},"geometry":{"type":"Polygon","coordinates":[[[-94.914,43.256],[-94.444,43.256],[-94.444,42.908],[-94.914,42.91],[-94.914,43.256]]]}},{"type":"Feature","id":"29121","properties":{"n":"Macon","f":"29121"},"geometry":{"type":"Polygon","coordinates":[[[-92.846,40.038],[-92.344,40.038],[-92.344,39.954],[-92.286,39.952],[-92.3,39.606],[-92.692,39.61],[-92.688,39.698],[-92.858,39.7],[-92.846,40.038]]]}},{"type":"Feature","id":"08073","properties":{"n":"Lincoln","f":"08073"},"geometry":{"type":"Polygon","coordinates":[[[-104.056,38.868],[-103.718,38.868],[-103.722,39.128],[-103.714,39.566],[-103.708,39.566],[-103.154,39.566],[-103.154,39.128],[-103.162,39.038],[-103.166,38.69],[-103.172,38.612],[-103.172,38.526],[-103.502,38.524],[-103.502,38.516],[-103.614,38.522],[-104.052,38.522],[-104.056,38.868]]]}},{"type":"Feature","id":"20077","properties":{"n":"Harper","f":"20077"},"geometry":{"type":"Polygon","coordinates":[[[-98.348,37.384],[-97.806,37.386],[-97.804,37.384],[-97.804,36.998],[-98.112,36.998],[-98.348,36.998],[-98.348,37.384]]]}},{"type":"Feature","id":"19171","properties":{"n":"Tama","f":"19171"},"geometry":{"type":"Polygon","coordinates":[[[-92.534,42.296],[-92.298,42.298],[-92.298,41.862],[-92.768,41.862],[-92.768,42.21],[-92.768,42.296],[-92.534,42.296]]]}},{"type":"Feature","id":"29057","properties":{"n":"Dade","f":"29057"},"geometry":{"type":"Polygon","coordinates":[[[-94.082,37.35],[-94.074,37.582],[-93.614,37.572],[-93.622,37.428],[-93.626,37.282],[-94.052,37.29],[-94.084,37.29],[-94.082,37.35]]]}},{"type":"Feature","id":"48033","properties":{"n":"Borden","f":"48033"},"geometry":{"type":"Polygon","coordinates":[[[-101.69,32.962],[-101.558,32.962],[-101.174,32.964],[-101.174,32.528],[-101.174,32.524],[-101.69,32.526],[-101.69,32.962]]]}},{"type":"Feature","id":"19021","properties":{"n":"Buena Vista","f":"19021"},"geometry":{"type":"Polygon","coordinates":[[[-95.388,42.91],[-94.914,42.91],[-94.914,42.56],[-95.388,42.562],[-95.388,42.91]]]}},{"type":"Feature","id":"29115","properties":{"n":"Linn","f":"29115"},"geometry":{"type":"Polygon","coordinates":[[[-93.364,39.968],[-93.364,40.032],[-92.858,40.038],[-92.846,40.038],[-92.858,39.7],[-93.084,39.706],[-93.266,39.704],[-93.364,39.704],[-93.364,39.968]]]}},{"type":"Feature","id":"55111","properties":{"n":"Sauk","f":"55111"},"geometry":{"type":"Polygon","coordinates":[[[-90.312,43.642],[-89.784,43.642],[-89.774,43.612],[-89.716,43.598],[-89.73,43.572],[-89.598,43.558],[-89.602,43.38],[-89.678,43.36],[-89.72,43.32],[-89.72,43.294],[-89.73,43.252],[-89.806,43.238],[-89.838,43.206],[-89.904,43.188],[-89.996,43.196],[-90.082,43.16],[-90.194,43.164],[-90.19,43.556],[-90.312,43.554],[-90.312,43.642]]]}},{"type":"Feature","id":"29109","properties":{"n":"Lawrence","f":"29109"},"geometry":{"type":"Polygon","coordinates":[[[-94.06,37.048],[-94.052,37.29],[-93.626,37.282],[-93.604,37.282],[-93.608,37.098],[-93.61,36.996],[-93.61,36.924],[-94.064,36.932],[-94.06,37.048]]]}},{"type":"Feature","id":"37127","properties":{"n":"Nash","f":"37127"},"geometry":{"type":"Polygon","coordinates":[[[-78.256,35.818],[-78.008,36.202],[-77.976,36.174],[-77.968,36.194],[-77.918,36.182],[-77.886,36.144],[-77.808,36.138],[-77.75,36.156],[-77.7,36.154],[-77.706,36.116],[-77.772,36.01],[-77.828,35.868],[-77.844,35.838],[-77.876,35.85],[-77.932,35.83],[-78.192,35.73],[-78.248,35.774],[-78.256,35.818]]]}},{"type":"Feature","id":"41069","properties":{"n":"Wheeler","f":"41069"},"geometry":{"type":"Polygon","coordinates":[[[-120.494,45.068],[-119.95,45.066],[-119.792,45.068],[-119.792,44.994],[-119.672,44.994],[-119.672,44.824],[-119.652,44.824],[-119.654,44.306],[-119.898,44.306],[-119.898,44.39],[-120.02,44.39],[-120.02,44.44],[-120.388,44.436],[-120.388,44.564],[-120.388,44.762],[-120.404,44.794],[-120.372,44.822],[-120.456,44.866],[-120.438,44.894],[-120.488,44.952],[-120.476,44.98],[-120.494,45.068]]]}},{"type":"Feature","id":"21043","properties":{"n":"Carter","f":"21043"},"geometry":{"type":"Polygon","coordinates":[[[-83.342,38.32],[-83.23,38.338],[-83.238,38.426],[-83.166,38.504],[-83.052,38.466],[-82.972,38.394],[-82.912,38.4],[-82.818,38.374],[-82.772,38.362],[-82.782,38.346],[-82.792,38.244],[-82.854,38.19],[-82.882,38.196],[-82.926,38.174],[-82.976,38.172],[-83.012,38.206],[-83.052,38.18],[-83.084,38.222],[-83.158,38.264],[-83.22,38.236],[-83.244,38.192],[-83.302,38.21],[-83.31,38.252],[-83.342,38.32]]]}},{"type":"Feature","id":"37115","properties":{"n":"Madison","f":"37115"},"geometry":{"type":"Polygon","coordinates":[[[-82.896,35.944],[-82.85,35.948],[-82.822,35.922],[-82.75,36.006],[-82.632,36.066],[-82.602,36.04],[-82.614,35.972],[-82.56,35.954],[-82.506,35.978],[-82.48,35.948],[-82.494,35.91],[-82.456,35.9],[-82.416,35.86],[-82.408,35.818],[-82.512,35.802],[-82.664,35.738],[-82.71,35.734],[-82.808,35.686],[-82.85,35.702],[-82.882,35.678],[-82.9,35.686],[-82.918,35.744],[-82.948,35.738],[-82.962,35.792],[-82.948,35.824],[-82.9,35.872],[-82.912,35.926],[-82.896,35.944]]]}},{"type":"Feature","id":"51153","properties":{"n":"Prince William","f":"51153"},"geometry":{"type":"MultiPolygon","coordinates":[[[[-77.48,38.752],[-77.48,38.752],[-77.48,38.752],[-77.48,38.752]]],[[[-77.656,38.942],[-77.62,38.932],[-77.592,38.898],[-77.552,38.886],[-77.534,38.848],[-77.51,38.842],[-77.494,38.798],[-77.434,38.78],[-77.362,38.722],[-77.276,38.694],[-77.222,38.638],[-77.248,38.636],[-77.248,38.59],[-77.302,38.504],[-77.372,38.522],[-77.42,38.564],[-77.488,38.592],[-77.53,38.556],[-77.71,38.824],[-77.692,38.886],[-77.656,38.942]],[[-77.46,38.772],[-77.434,38.78],[-77.476,38.782],[-77.528,38.734],[-77.456,38.736],[-77.46,38.772]]]]}},{"type":"Feature","id":"34007","properties":{"n":"Camden","f":"34007"},"geometry":{"type":"Polygon","coordinates":[[[-75.062,39.992],[-75.012,39.98],[-75.014,39.948],[-74.976,39.938],[-74.932,39.886],[-74.904,39.79],[-74.82,39.788],[-74.734,39.73],[-74.878,39.608],[-74.942,39.698],[-74.986,39.706],[-75.09,39.814],[-75.082,39.84],[-75.14,39.888],[-75.13,39.96],[-75.062,39.992]]]}},{"type":"Feature","id":"51167","properties":{"n":"Russell","f":"51167"},"geometry":{"type":"Polygon","coordinates":[[[-82.326,36.972],[-82.286,36.998],[-82.262,36.99],[-82.196,37.032],[-82.15,37.042],[-82.036,37.052],[-81.988,37.128],[-81.902,37.142],[-81.892,37.114],[-81.828,37.054],[-81.78,36.958],[-81.838,36.93],[-81.884,36.89],[-81.946,36.864],[-81.982,36.88],[-82.074,36.856],[-82.118,36.818],[-82.104,36.798],[-82.226,36.762],[-82.334,36.71],[-82.354,36.78],[-82.406,36.876],[-82.298,36.906],[-82.326,36.972]]]}},{"type":"Feature","id":"26041","properties":{"n":"Delta","f":"26041"},"geometry":{"type":"MultiPolygon","coordinates":[[[[-86.69,45.616],[-86.618,45.562],[-86.648,45.542],[-86.662,45.574],[-86.712,45.61],[-86.69,45.616]]],[[[-87.37,45.986],[-87.244,45.986],[-87.24,46.158],[-87.118,46.158],[-86.616,46.158],[-86.49,46.158],[-86.49,45.896],[-86.458,45.896],[-86.462,45.758],[-86.518,45.748],[-86.54,45.708],[-86.586,45.706],[-86.586,45.666],[-86.63,45.658],[-86.616,45.606],[-86.688,45.634],[-86.72,45.668],[-86.676,45.692],[-86.672,45.72],[-86.634,45.748],[-86.63,45.782],[-86.584,45.778],[-86.53,45.854],[-86.54,45.89],[-86.584,45.898],[-86.648,45.834],[-86.784,45.854],[-86.774,45.81],[-86.82,45.77],[-86.838,45.722],[-86.946,45.696],[-86.964,45.672],[-86.986,45.706],[-86.974,45.754],[-86.988,45.81],[-87.018,45.838],[-87.054,45.822],[-87.072,45.72],[-87.06,45.708],[-87.172,45.662],[-87.266,45.55],[-87.326,45.552],[-87.326,45.898],[-87.37,45.898],[-87.37,45.986]]]]}},{"type":"Feature","id":"21117","properties":{"n":"Kenton","f":"21117"},"geometry":{"type":"Polygon","coordinates":[[[-84.624,39.074],[-84.552,39.1],[-84.504,39.094],[-84.49,39.02],[-84.45,38.994],[-84.462,38.946],[-84.44,38.908],[-84.466,38.85],[-84.418,38.806],[-84.534,38.792],[-84.616,38.802],[-84.598,38.88],[-84.624,39.074]]]}},{"type":"Feature","id":"23015","properties":{"n":"Lincoln","f":"23015"},"geometry":{"type":"MultiPolygon","coordinates":[[[[-69.756,44.14],[-69.656,44.126],[-69.666,44.228],[-69.648,44.28],[-69.548,44.262],[-69.524,44.28],[-69.506,44.342],[-69.408,44.328],[-69.452,44.314],[-69.434,44.226],[-69.404,44.21],[-69.336,44.21],[-69.304,44.132],[-69.312,44.096],[-69.282,44.052],[-69.322,44.034],[-69.33,44.006],[-69.366,44.012],[-69.376,43.962],[-69.43,43.958],[-69.426,43.912],[-69.484,43.88],[-69.502,43.838],[-69.544,43.882],[-69.552,43.842],[-69.606,43.814],[-69.648,43.836],[-69.66,43.78],[-69.698,43.824],[-69.742,43.894],[-69.706,43.928],[-69.72,43.97],[-69.698,44.006],[-69.814,44.026],[-69.788,44.042],[-69.756,44.14]]]]}},{"type":"Feature","id":"19119","properties":{"n":"Lyon","f":"19119"},"geometry":{"type":"Polygon","coordinates":[[[-96.598,43.5],[-96.454,43.5],[-96.052,43.5],[-95.862,43.5],[-95.862,43.258],[-96.098,43.258],[-96.554,43.26],[-96.58,43.296],[-96.528,43.3],[-96.526,43.394],[-96.604,43.45],[-96.58,43.482],[-96.598,43.5]]]}},{"type":"Feature","id":"21049","properties":{"n":"Clark","f":"21049"},"geometry":{"type":"Polygon","coordinates":[[[-84.286,38.068],[-84.082,38.116],[-83.966,37.93],[-83.992,37.918],[-84.002,37.838],[-84.056,37.836],[-84.082,37.852],[-84.186,37.88],[-84.264,37.876],[-84.272,37.918],[-84.336,37.892],[-84.35,37.898],[-84.322,37.966],[-84.322,38.002],[-84.282,38.02],[-84.286,38.068]]]}},{"type":"Feature","id":"37167","properties":{"n":"Stanly","f":"37167"},"geometry":{"type":"Polygon","coordinates":[[[-80.294,35.504],[-80.184,35.504],[-80.162,35.474],[-80.108,35.46],[-80.094,35.402],[-80.05,35.372],[-80.082,35.322],[-80.098,35.254],[-80.054,35.172],[-80.076,35.144],[-80.112,35.194],[-80.172,35.148],[-80.226,35.156],[-80.256,35.212],[-80.276,35.196],[-80.356,35.164],[-80.466,35.166],[-80.506,35.186],[-80.294,35.504]]]}},{"type":"Feature","id":"51029","properties":{"n":"Buckingham","f":"51029"},"geometry":{"type":"Polygon","coordinates":[[[-78.644,37.734],[-78.614,37.756],[-78.5,37.762],[-78.492,37.796],[-78.464,37.76],[-78.42,37.74],[-78.242,37.69],[-78.248,37.636],[-78.464,37.34],[-78.51,37.33],[-78.55,37.346],[-78.594,37.398],[-78.63,37.384],[-78.636,37.416],[-78.684,37.43],[-78.704,37.456],[-78.826,37.552],[-78.802,37.642],[-78.74,37.632],[-78.718,37.662],[-78.64,37.686],[-78.644,37.734]]]}},{"type":"Feature","id":"29003","properties":{"n":"Andrew","f":"29003"},"geometry":{"type":"Polygon","coordinates":[[[-95.044,40.13],[-94.606,40.126],[-94.606,40.038],[-94.602,39.82],[-94.878,39.82],[-94.942,39.864],[-94.928,39.888],[-94.992,39.898],[-94.99,39.942],[-95.01,40.046],[-95.06,40.07],[-95.032,40.108],[-95.044,40.13]]]}},{"type":"Feature","id":"01125","properties":{"n":"Tuscaloosa","f":"01125"},"geometry":{"type":"Polygon","coordinates":[[[-87.84,33.524],[-87.668,33.522],[-87.668,33.58],[-87.632,33.58],[-87.632,33.61],[-87.422,33.602],[-87.318,33.588],[-87.318,33.514],[-87.268,33.512],[-87.286,33.486],[-87.33,33.492],[-87.336,33.456],[-87.282,33.44],[-87.232,33.396],[-87.232,33.366],[-87.196,33.358],[-87.16,33.306],[-87.064,33.276],[-87.064,33.248],[-87.104,33.222],[-87.154,33.232],[-87.2,33.196],[-87.2,33.13],[-87.282,33.132],[-87.312,33.094],[-87.318,33.006],[-87.422,33.004],[-87.718,33.006],[-87.71,33.018],[-87.832,33.018],[-87.84,33.154],[-87.84,33.524]]]}},{"type":"Feature","id":"53005","properties":{"n":"Benton","f":"53005"},"geometry":{"type":"Polygon","coordinates":[[[-119.874,46.628],[-119.752,46.636],[-119.708,46.648],[-119.618,46.648],[-119.512,46.728],[-119.454,46.68],[-119.414,46.652],[-119.404,46.614],[-119.27,46.518],[-119.26,46.436],[-119.27,46.37],[-119.25,46.316],[-119.268,46.284],[-119.202,46.236],[-119.124,46.224],[-119.042,46.192],[-118.976,46.14],[-118.94,46.066],[-118.94,46.028],[-118.988,46],[-119.026,45.97],[-119.128,45.932],[-119.196,45.928],[-119.256,45.94],[-119.432,45.918],[-119.486,45.906],[-119.572,45.926],[-119.622,45.906],[-119.67,45.856],[-119.866,45.836],[-119.866,46.042],[-119.866,46.214],[-119.874,46.214],[-119.874,46.628]]]}},{"type":"Feature","id":"13191","properties":{"n":"McIntosh","f":"13191"},"geometry":{"type":"Polygon","coordinates":[[[-81.662,31.538],[-81.566,31.576],[-81.494,31.7],[-81.432,31.64],[-81.364,31.654],[-81.26,31.65],[-81.196,31.608],[-81.196,31.568],[-81.26,31.548],[-81.26,31.53],[-81.2,31.538],[-81.178,31.518],[-81.26,31.404],[-81.282,31.326],[-81.27,31.294],[-81.382,31.316],[-81.436,31.314],[-81.55,31.376],[-81.622,31.452],[-81.612,31.468],[-81.658,31.51],[-81.662,31.538]]]}},{"type":"Feature","id":"48109","properties":{"n":"Culberson","f":"48109"},"geometry":{"type":"Polygon","coordinates":[[[-104.918,32],[-104.848,32],[-104.534,32],[-104.024,32],[-104.102,31.106],[-104.918,30.664],[-104.918,30.836],[-104.906,30.836],[-104.91,31],[-104.918,31.814],[-104.918,32]]]}},{"type":"Feature","id":"13245","properties":{"n":"Richmond","f":"13245"},"geometry":{"type":"Polygon","coordinates":[[[-82.354,33.312],[-82.294,33.354],[-82.028,33.546],[-82.014,33.532],[-81.982,33.484],[-81.928,33.462],[-81.914,33.442],[-81.938,33.404],[-81.924,33.37],[-81.938,33.344],[-81.838,33.274],[-81.852,33.248],[-81.884,33.262],[-81.934,33.254],[-81.978,33.228],[-82.06,33.242],[-82.1,33.232],[-82.176,33.298],[-82.268,33.268],[-82.354,33.312]]]}},{"type":"Feature","id":"21035","properties":{"n":"Calloway","f":"21035"},"geometry":{"type":"Polygon","coordinates":[[[-88.486,36.75],[-88.112,36.748],[-88.07,36.678],[-88.034,36.552],[-88.054,36.498],[-88.488,36.502],[-88.486,36.75]]]}},{"type":"Feature","id":"48167","properties":{"n":"Galveston","f":"48167"},"geometry":{"type":"MultiPolygon","coordinates":[[[[-94.512,29.542],[-94.422,29.566],[-94.418,29.59],[-94.372,29.598],[-94.372,29.556],[-94.594,29.468],[-94.694,29.416],[-94.73,29.37],[-94.784,29.376],[-94.706,29.436],[-94.674,29.476],[-94.626,29.476],[-94.594,29.492],[-94.566,29.532],[-94.534,29.518],[-94.494,29.524],[-94.512,29.542]]],[[[-95.104,29.122],[-95.004,29.184],[-94.992,29.202],[-94.878,29.286],[-94.824,29.306],[-94.824,29.344],[-94.73,29.332],[-94.802,29.28],[-95.026,29.148],[-95.118,29.078],[-95.104,29.122]]],[[[-95.216,29.556],[-95.166,29.498],[-95.104,29.51],[-95.09,29.532],[-95.09,29.532],[-95.064,29.558],[-95.018,29.556],[-94.982,29.512],[-94.91,29.496],[-94.932,29.45],[-94.892,29.434],[-94.886,29.366],[-94.892,29.308],[-94.92,29.282],[-94.954,29.29],[-95.058,29.202],[-95.234,29.466],[-95.216,29.556]]]]}},{"type":"Feature","id":"31007","properties":{"n":"Banner","f":"31007"},"geometry":{"type":"Polygon","coordinates":[[[-104.052,41.698],[-103.37,41.7],[-103.37,41.438],[-103.378,41.394],[-104.052,41.392],[-104.052,41.564],[-104.052,41.698]]]}},{"type":"Feature","id":"34033","properties":{"n":"Salem","f":"34033"},"geometry":{"type":"Polygon","coordinates":[[[-75.56,39.63],[-75.51,39.686],[-75.478,39.714],[-75.46,39.766],[-75.414,39.794],[-75.378,39.726],[-75.328,39.69],[-75.202,39.668],[-75.062,39.57],[-75.076,39.544],[-75.082,39.458],[-75.238,39.558],[-75.366,39.456],[-75.414,39.454],[-75.406,39.382],[-75.432,39.392],[-75.466,39.44],[-75.536,39.46],[-75.514,39.582],[-75.556,39.606],[-75.56,39.63]]]}},{"type":"Feature","id":"41057","properties":{"n":"Tillamook","f":"41057"},"geometry":{"type":"Polygon","coordinates":[[[-123.97,45.784],[-123.722,45.784],[-123.722,45.774],[-123.362,45.78],[-123.362,45.708],[-123.484,45.708],[-123.424,45.636],[-123.38,45.636],[-123.34,45.608],[-123.298,45.608],[-123.32,45.58],[-123.362,45.58],[-123.362,45.55],[-123.442,45.522],[-123.466,45.434],[-123.464,45.216],[-123.786,45.216],[-123.782,45.076],[-123.726,45.076],[-123.726,45.044],[-124.006,45.044],[-123.976,45.146],[-123.962,45.28],[-123.972,45.336],[-123.962,45.43],[-123.976,45.49],[-123.958,45.51],[-123.94,45.662],[-123.944,45.726],[-123.984,45.762],[-123.97,45.784]]]}},{"type":"Feature","id":"36115","properties":{"n":"Washington","f":"36115"},"geometry":{"type":"Polygon","coordinates":[[[-73.44,43.804],[-73.378,43.808],[-73.35,43.772],[-73.364,43.754],[-73.406,43.688],[-73.432,43.59],[-73.396,43.568],[-73.37,43.624],[-73.302,43.624],[-73.296,43.58],[-73.248,43.554],[-73.256,43.314],[-73.274,42.944],[-73.382,42.944],[-73.432,42.958],[-73.45,42.944],[-73.636,42.94],[-73.58,43.056],[-73.576,43.118],[-73.59,43.134],[-73.58,43.208],[-73.6,43.268],[-73.594,43.306],[-73.63,43.486],[-73.608,43.552],[-73.526,43.636],[-73.492,43.654],[-73.46,43.74],[-73.472,43.772],[-73.44,43.804]]]}},{"type":"Feature","id":"27077","properties":{"n":"Lake of the Woods","f":"27077"},"geometry":{"type":"Polygon","coordinates":[[[-95.32,48.998],[-95.154,48.998],[-95.154,49.384],[-95.058,49.352],[-94.956,49.37],[-94.852,49.324],[-94.824,49.294],[-94.774,49.12],[-94.748,49.1],[-94.684,48.884],[-94.706,48.824],[-94.692,48.778],[-94.642,48.742],[-94.536,48.702],[-94.43,48.7],[-94.43,48.368],[-95.212,48.366],[-95.212,48.54],[-95.34,48.54],[-95.344,48.712],[-95.09,48.712],[-95.094,48.92],[-95.14,48.896],[-95.236,48.882],[-95.302,48.904],[-95.322,48.936],[-95.32,48.998]]]}},{"type":"Feature","id":"08001","properties":{"n":"Adams","f":"08001"},"geometry":{"type":"Polygon","coordinates":[[[-105.054,39.914],[-105.014,39.922],[-105.014,39.982],[-104.988,39.968],[-104.96,40],[-104.49,40],[-104.15,40.002],[-103.704,40.002],[-103.708,39.74],[-104.472,39.738],[-104.884,39.74],[-104.828,39.774],[-104.734,39.77],[-104.762,39.824],[-104.62,39.822],[-104.62,39.874],[-104.602,39.9],[-104.68,39.906],[-104.73,39.898],[-104.73,39.844],[-104.792,39.842],[-104.792,39.798],[-104.884,39.798],[-104.914,39.784],[-105.054,39.79],[-105.054,39.914]]]}},{"type":"Feature","id":"13317","properties":{"n":"Wilkes","f":"13317"},"geometry":{"type":"Polygon","coordinates":[[[-82.778,33.972],[-82.656,33.992],[-82.646,33.984],[-82.606,33.86],[-82.578,33.874],[-82.596,33.828],[-82.574,33.786],[-82.48,33.64],[-82.506,33.66],[-82.546,33.638],[-82.584,33.65],[-82.616,33.612],[-82.65,33.608],[-82.682,33.6],[-82.692,33.62],[-82.742,33.612],[-82.814,33.656],[-82.868,33.642],[-82.878,33.62],[-82.95,33.734],[-82.986,33.78],[-82.944,33.848],[-82.922,33.858],[-82.876,33.922],[-82.792,33.95],[-82.778,33.972]]]}},{"type":"Feature","id":"29089","properties":{"n":"Howard","f":"29089"},"geometry":{"type":"Polygon","coordinates":[[[-92.85,39.226],[-92.788,39.344],[-92.706,39.322],[-92.43,39.248],[-92.512,39.088],[-92.566,38.998],[-92.56,38.97],[-92.596,38.968],[-92.718,38.984],[-92.792,38.972],[-92.854,38.982],[-92.914,39.02],[-92.936,39.064],[-92.908,39.096],[-92.946,39.106],[-92.85,39.226]]]}},{"type":"Feature","id":"42011","properties":{"n":"Berks","f":"42011"},"geometry":{"type":"Polygon","coordinates":[[[-75.89,40.678],[-75.642,40.518],[-75.528,40.448],[-75.696,40.242],[-75.872,40.136],[-76.152,40.316],[-76.44,40.496],[-76.34,40.516],[-76.256,40.518],[-76.17,40.534],[-76.066,40.58],[-76.012,40.578],[-75.994,40.64],[-75.89,40.678]]]}},{"type":"Feature","id":"21161","properties":{"n":"Mason","f":"21161"},"geometry":{"type":"Polygon","coordinates":[[[-83.992,38.594],[-83.906,38.768],[-83.848,38.746],[-83.838,38.718],[-83.784,38.696],[-83.766,38.652],[-83.704,38.64],[-83.646,38.636],[-83.626,38.612],[-83.644,38.526],[-83.858,38.456],[-83.93,38.492],[-83.96,38.534],[-83.97,38.588],[-83.992,38.594]]]}},{"type":"Feature","id":"26021","properties":{"n":"Berrien","f":"26021"},"geometry":{"type":"Polygon","coordinates":[[[-86.824,41.76],[-86.716,41.818],[-86.618,41.894],[-86.486,42.118],[-86.364,42.244],[-86.224,42.244],[-86.224,42.072],[-86.228,41.76],[-86.526,41.76],[-86.824,41.76]]]}},{"type":"Feature","id":"51015","properties":{"n":"Augusta","f":"51015"},"geometry":{"type":"Polygon","coordinates":[[[-79.512,38.18],[-79.48,38.216],[-79.436,38.216],[-79.408,38.242],[-79.408,38.278],[-79.326,38.38],[-79.312,38.412],[-79.224,38.478],[-78.912,38.304],[-78.894,38.306],[-78.748,38.206],[-78.788,38.126],[-78.78,38.082],[-78.838,38.048],[-78.874,38.028],[-78.906,37.946],[-78.942,37.94],[-79.006,37.882],[-79.046,37.89],[-79.064,37.918],[-79.156,37.892],[-79.186,37.914],[-79.484,38.086],[-79.494,38.096],[-79.436,38.162],[-79.48,38.17],[-79.526,38.152],[-79.512,38.18]],[[-79.114,38.154],[-79.086,38.126],[-79.05,38.122],[-79.02,38.144],[-79.01,38.182],[-79.034,38.198],[-79.092,38.186],[-79.114,38.154]],[[-78.948,38.07],[-78.924,38.032],[-78.874,38.04],[-78.866,38.096],[-78.906,38.1],[-78.948,38.07]]]}},{"type":"Feature","id":"13079","properties":{"n":"Crawford","f":"13079"},"geometry":{"type":"Polygon","coordinates":[[[-84.204,32.69],[-84.15,32.802],[-84.124,32.8],[-84.124,32.85],[-83.892,32.848],[-83.892,32.82],[-83.808,32.73],[-83.736,32.694],[-83.7,32.692],[-83.7,32.692],[-83.766,32.692],[-84.002,32.53],[-84.052,32.566],[-84.07,32.598],[-84.056,32.636],[-84.106,32.674],[-84.204,32.69]]]}},{"type":"Feature","id":"37055","properties":{"n":"Dare","f":"37055"},"geometry":{"type":"MultiPolygon","coordinates":[[[[-75.726,35.936],[-75.66,35.92],[-75.618,35.856],[-75.614,35.816],[-75.668,35.824],[-75.66,35.862],[-75.726,35.936]]],[[[-75.754,35.2],[-75.682,35.232],[-75.64,35.234],[-75.582,35.264],[-75.536,35.272],[-75.518,35.336],[-75.478,35.552],[-75.478,35.6],[-75.506,35.68],[-75.528,35.772],[-75.518,35.77],[-75.478,35.678],[-75.46,35.596],[-75.47,35.48],[-75.524,35.234],[-75.61,35.228],[-75.75,35.186],[-75.754,35.2]]],[[[-75.794,36.228],[-75.772,36.232],[-75.74,36.154],[-75.658,36.02],[-75.532,35.788],[-75.564,35.8],[-75.628,35.924],[-75.678,35.994],[-75.726,36.004],[-75.758,36.152],[-75.794,36.228]]],[[[-75.868,35.584],[-75.902,35.668],[-76.012,35.668],[-75.988,35.768],[-75.976,35.898],[-75.926,35.932],[-75.948,35.96],[-75.898,35.978],[-75.808,35.96],[-75.75,35.878],[-75.726,35.822],[-75.74,35.778],[-75.714,35.694],[-75.744,35.672],[-75.73,35.626],[-75.776,35.58],[-75.836,35.572],[-75.868,35.584]]]]}},{"type":"Feature","id":"30021","properties":{"n":"Dawson","f":"30021"},"geometry":{"type":"Polygon","coordinates":[[[-105.234,47.79],[-105.236,47.704],[-104.978,47.704],[-104.978,47.616],[-104.594,47.616],[-104.594,47.53],[-104.512,47.53],[-104.512,47.354],[-104.422,47.354],[-104.45,47.32],[-104.386,47.288],[-104.318,47.18],[-104.306,47.042],[-104.412,46.904],[-104.498,46.86],[-104.604,46.86],[-105.028,46.862],[-105.028,46.89],[-105.068,46.92],[-105.198,46.92],[-105.198,46.978],[-105.326,46.978],[-105.326,47.182],[-105.406,47.182],[-105.406,47.53],[-105.362,47.53],[-105.362,47.79],[-105.234,47.79]]]}},{"type":"Feature","id":"48281","properties":{"n":"Lampasas","f":"48281"},"geometry":{"type":"Polygon","coordinates":[[[-98.564,31.23],[-98.266,31.41],[-98.27,31.416],[-98.18,31.464],[-97.908,31.07],[-97.91,31.036],[-98.438,31.03],[-98.486,31.066],[-98.456,31.078],[-98.482,31.12],[-98.524,31.09],[-98.55,31.124],[-98.51,31.156],[-98.568,31.198],[-98.564,31.23]]]}},{"type":"Feature","id":"12123","properties":{"n":"Taylor","f":"12123"},"geometry":{"type":"Polygon","coordinates":[[[-83.82,30.304],[-83.468,30.304],[-83.468,30.26],[-83.368,30.26],[-83.37,29.888],[-83.352,29.888],[-83.352,29.822],[-83.32,29.824],[-83.32,29.778],[-83.338,29.76],[-83.368,29.666],[-83.414,29.666],[-83.456,29.676],[-83.492,29.708],[-83.54,29.724],[-83.586,29.776],[-83.586,29.812],[-83.618,29.842],[-83.636,29.886],[-83.686,29.924],[-83.786,29.976],[-83.93,30.038],[-83.992,30.084],[-83.952,30.186],[-83.93,30.188],[-83.916,30.246],[-83.838,30.28],[-83.82,30.304]]]}},{"type":"Feature","id":"13047","properties":{"n":"Catoosa","f":"13047"},"geometry":{"type":"Polygon","coordinates":[[[-85.266,34.986],[-84.978,34.988],[-85.022,34.87],[-85.062,34.864],[-85.062,34.82],[-85.132,34.82],[-85.144,34.768],[-85.202,34.774],[-85.202,34.854],[-85.266,34.854],[-85.266,34.986]]]}},{"type":"Feature","id":"13067","properties":{"n":"Cobb","f":"13067"},"geometry":{"type":"Polygon","coordinates":[[[-84.738,34.08],[-84.66,34.078],[-84.418,34.074],[-84.4,34.014],[-84.376,33.986],[-84.404,33.944],[-84.448,33.91],[-84.44,33.89],[-84.468,33.828],[-84.576,33.744],[-84.624,33.804],[-84.724,33.806],[-84.724,33.948],[-84.738,33.948],[-84.738,34.08]]]}},{"type":"Feature","id":"29059","properties":{"n":"Dallas","f":"29059"},"geometry":{"type":"Polygon","coordinates":[[[-93.188,37.802],[-93.184,37.904],[-93.072,37.902],[-92.858,37.896],[-92.86,37.722],[-92.846,37.722],[-92.854,37.484],[-93.072,37.488],[-93.072,37.416],[-93.184,37.418],[-93.172,37.73],[-93.19,37.73],[-93.188,37.802]]]}},{"type":"Feature","id":"37195","properties":{"n":"Wilson","f":"37195"},"geometry":{"type":"Polygon","coordinates":[[[-77.828,35.868],[-77.75,35.828],[-77.718,35.73],[-77.664,35.674],[-77.7,35.652],[-77.808,35.584],[-77.822,35.586],[-77.998,35.586],[-78.058,35.598],[-78.066,35.586],[-78.124,35.602],[-78.162,35.696],[-78.192,35.73],[-77.932,35.83],[-77.876,35.85],[-77.844,35.838],[-77.828,35.868]]]}},{"type":"Feature","id":"45063","properties":{"n":"Lexington","f":"45063"},"geometry":{"type":"Polygon","coordinates":[[[-81.472,34.076],[-81.468,34.088],[-81.39,34.08],[-81.436,34.13],[-81.404,34.178],[-81.34,34.198],[-81.3,34.166],[-81.31,34.142],[-81.274,34.098],[-81.174,34.09],[-81.138,34.068],[-81.102,34.022],[-81.056,34.002],[-81.016,33.932],[-81.012,33.88],[-81.038,33.87],[-81.06,33.748],[-81.038,33.746],[-81.012,33.782],[-80.966,33.778],[-80.926,33.756],[-81.042,33.706],[-81.088,33.696],[-81.188,33.652],[-81.278,33.696],[-81.358,33.724],[-81.414,33.732],[-81.462,33.798],[-81.512,33.814],[-81.572,33.876],[-81.472,34.076]]]}},{"type":"Feature","id":"48137","properties":{"n":"Edwards","f":"48137"},"geometry":{"type":"Polygon","coordinates":[[[-100.7,30.288],[-100.114,30.29],[-99.756,30.29],[-99.76,30.074],[-99.968,30.082],[-99.974,30.024],[-99.99,30.026],[-100.004,29.896],[-100.032,29.848],[-100.014,29.794],[-100.036,29.78],[-100.024,29.724],[-100.064,29.712],[-100.018,29.676],[-100.014,29.624],[-100.112,29.622],[-100.7,29.624],[-100.7,30.288]]]}},{"type":"Feature","id":"13055","properties":{"n":"Chattooga","f":"13055"},"geometry":{"type":"Polygon","coordinates":[[[-85.528,34.59],[-85.108,34.588],[-85.18,34.436],[-85.334,34.37],[-85.388,34.286],[-85.464,34.286],[-85.514,34.524],[-85.528,34.59]]]}},{"type":"Feature","id":"45069","properties":{"n":"Marlboro","f":"45069"},"geometry":{"type":"Polygon","coordinates":[[[-79.928,34.806],[-79.692,34.804],[-79.674,34.804],[-79.462,34.63],[-79.452,34.62],[-79.634,34.298],[-79.66,34.306],[-79.692,34.358],[-79.684,34.4],[-79.716,34.394],[-79.75,34.438],[-79.75,34.468],[-79.72,34.488],[-79.756,34.506],[-79.81,34.486],[-79.832,34.532],[-79.802,34.608],[-79.778,34.614],[-79.796,34.648],[-79.832,34.656],[-79.874,34.696],[-79.892,34.742],[-79.924,34.766],[-79.928,34.806]]]}},{"type":"Feature","id":"20161","properties":{"n":"Riley","f":"20161"},"geometry":{"type":"Polygon","coordinates":[[[-96.96,39.566],[-96.806,39.566],[-96.58,39.566],[-96.644,39.52],[-96.668,39.476],[-96.708,39.462],[-96.726,39.404],[-96.648,39.326],[-96.64,39.292],[-96.562,39.242],[-96.554,39.18],[-96.46,39.168],[-96.46,39.19],[-96.388,39.174],[-96.392,39.044],[-96.5,39.044],[-96.5,39.072],[-96.704,39.074],[-96.704,39.092],[-96.852,39.088],[-96.83,39.14],[-96.848,39.14],[-96.848,39.22],[-96.964,39.22],[-96.96,39.566]]]}},{"type":"Feature","id":"26005","properties":{"n":"Allegan","f":"26005"},"geometry":{"type":"Polygon","coordinates":[[[-86.21,42.768],[-85.782,42.768],[-85.546,42.768],[-85.542,42.422],[-85.764,42.42],[-86.274,42.42],[-86.25,42.48],[-86.224,42.594],[-86.228,42.644],[-86.206,42.72],[-86.21,42.768]]]}},{"type":"Feature","id":"29051","properties":{"n":"Cole","f":"29051"},"geometry":{"type":"Polygon","coordinates":[[[-92.394,38.74],[-92.344,38.704],[-92.362,38.682],[-92.222,38.644],[-92.204,38.606],[-92.168,38.582],[-92.064,38.558],[-92.01,38.57],[-92.024,38.524],[-92.01,38.5],[-92.042,38.466],[-92.118,38.458],[-92.168,38.464],[-92.114,38.402],[-92.194,38.37],[-92.194,38.336],[-92.25,38.322],[-92.282,38.338],[-92.408,38.342],[-92.404,38.426],[-92.494,38.428],[-92.394,38.74]]]}},{"type":"Feature","id":"48187","properties":{"n":"Guadalupe","f":"48187"},"geometry":{"type":"Polygon","coordinates":[[[-98.31,29.594],[-98.09,29.684],[-98,29.752],[-97.874,29.858],[-97.85,29.844],[-97.842,29.798],[-97.818,29.79],[-97.8,29.752],[-97.782,29.76],[-97.768,29.72],[-97.738,29.714],[-97.72,29.682],[-97.652,29.666],[-97.634,29.65],[-97.84,29.378],[-98.122,29.378],[-98.134,29.442],[-98.122,29.478],[-98.166,29.478],[-98.17,29.496],[-98.22,29.524],[-98.238,29.556],[-98.298,29.562],[-98.31,29.594]]]}},{"type":"Feature","id":"50005","properties":{"n":"Caledonia","f":"50005"},"geometry":{"type":"Polygon","coordinates":[[[-72.374,44.584],[-72.262,44.542],[-72.146,44.704],[-72.09,44.684],[-72.114,44.75],[-72.014,44.698],[-71.938,44.768],[-71.838,44.716],[-71.91,44.646],[-71.842,44.61],[-71.91,44.548],[-71.856,44.496],[-71.932,44.44],[-71.838,44.348],[-71.982,44.338],[-72.032,44.32],[-72.068,44.268],[-72.046,44.238],[-72.068,44.19],[-72.04,44.158],[-72.176,44.192],[-72.304,44.184],[-72.37,44.204],[-72.316,44.272],[-72.32,44.298],[-72.268,44.34],[-72.218,44.41],[-72.222,44.424],[-72.434,44.506],[-72.374,44.584]]]}},{"type":"Feature","id":"55055","properties":{"n":"Jefferson","f":"55055"},"geometry":{"type":"Polygon","coordinates":[[[-89.01,43.198],[-88.536,43.196],[-88.542,43.02],[-88.542,42.842],[-88.776,42.842],[-89.012,42.848],[-89.01,43.198]]]}},{"type":"Feature","id":"42001","properties":{"n":"Adams","f":"42001"},"geometry":{"type":"Polygon","coordinates":[[[-77.47,39.944],[-77.406,39.994],[-77.186,40.03],[-77.136,40.07],[-77.068,40.028],[-77.018,40.014],[-76.968,39.936],[-76.986,39.894],[-76.956,39.856],[-77,39.832],[-77,39.72],[-77.218,39.72],[-77.46,39.72],[-77.47,39.944]]]}},{"type":"Feature","id":"20105","properties":{"n":"Lincoln","f":"20105"},"geometry":{"type":"Polygon","coordinates":[[[-98.488,39.22],[-97.928,39.22],[-97.928,38.958],[-97.928,38.872],[-98.486,38.87],[-98.486,39.132],[-98.488,39.132],[-98.488,39.22]]]}},{"type":"Feature","id":"53029","properties":{"n":"Island","f":"53029"},"geometry":{"type":"MultiPolygon","coordinates":[[[[-122.404,48.252],[-122.398,48.228],[-122.45,48.232],[-122.44,48.212],[-122.48,48.188],[-122.444,48.13],[-122.38,48.088],[-122.376,48.058],[-122.468,48.13],[-122.512,48.134],[-122.536,48.184],[-122.53,48.25],[-122.466,48.27],[-122.404,48.252]]],[[[-122.77,48.228],[-122.724,48.304],[-122.674,48.354],[-122.666,48.402],[-122.608,48.412],[-122.584,48.396],[-122.584,48.352],[-122.516,48.32],[-122.504,48.298],[-122.558,48.282],[-122.62,48.294],[-122.624,48.27],[-122.67,48.24],[-122.72,48.234],[-122.71,48.214],[-122.626,48.222],[-122.588,48.186],[-122.558,48.114],[-122.572,48.102],[-122.536,48.016],[-122.508,48.04],[-122.526,48.096],[-122.49,48.094],[-122.432,48.046],[-122.376,48.034],[-122.35,47.954],[-122.38,47.904],[-122.43,47.914],[-122.472,47.988],[-122.548,47.968],[-122.54,47.994],[-122.608,48.03],[-122.598,48.11],[-122.616,48.158],[-122.68,48.156],[-122.692,48.182],[-122.77,48.228]]]]}},{"type":"Feature","id":"31107","properties":{"n":"Knox","f":"31107"},"geometry":{"type":"Polygon","coordinates":[[[-98.31,42.882],[-98.26,42.874],[-98.172,42.836],[-98.152,42.838],[-98.018,42.762],[-97.95,42.77],[-97.908,42.794],[-97.874,42.858],[-97.846,42.868],[-97.774,42.85],[-97.684,42.842],[-97.634,42.852],[-97.484,42.85],[-97.484,42.438],[-97.836,42.438],[-98.298,42.436],[-98.306,42.436],[-98.306,42.762],[-98.31,42.882]]]}},{"type":"Feature","id":"32019","properties":{"n":"Lyon","f":"32019"},"geometry":{"type":"Polygon","coordinates":[[[-119.712,39.252],[-119.648,39.266],[-119.478,39.338],[-119.286,39.622],[-119.26,39.648],[-119.188,39.65],[-119.164,39.654],[-119.076,39.722],[-119.076,39.636],[-119.088,39.636],[-119.092,39.518],[-119.116,39.518],[-119.12,39.388],[-119.098,39.388],[-119.026,39.316],[-118.966,39.286],[-118.93,39.242],[-118.89,39.228],[-118.83,39.156],[-118.794,39.142],[-118.794,39.112],[-118.754,39.112],[-118.754,39.074],[-118.93,39.072],[-119.016,38.944],[-119.016,38.85],[-118.902,38.852],[-118.908,38.764],[-118.908,38.414],[-119.156,38.414],[-119.328,38.534],[-119.328,38.648],[-119.346,38.648],[-119.35,38.728],[-119.408,38.734],[-119.404,38.808],[-119.422,38.824],[-119.422,38.954],[-119.4,38.984],[-119.31,38.99],[-119.31,39.084],[-119.55,39.086],[-119.572,39.144],[-119.562,39.194],[-119.648,39.196],[-119.684,39.21],[-119.712,39.252]]]}},{"type":"Feature","id":"21063","properties":{"n":"Elliott","f":"21063"},"geometry":{"type":"Polygon","coordinates":[[[-83.262,38.116],[-83.224,38.132],[-83.206,38.176],[-83.244,38.192],[-83.22,38.236],[-83.158,38.264],[-83.084,38.222],[-83.052,38.18],[-83.012,38.206],[-82.976,38.172],[-82.926,38.174],[-82.89,38.112],[-82.982,38.05],[-83.022,38.008],[-83.138,38.004],[-83.194,38.01],[-83.224,38.044],[-83.27,38.07],[-83.262,38.116]]]}},{"type":"Feature","id":"21079","properties":{"n":"Garrard","f":"21079"},"geometry":{"type":"Polygon","coordinates":[[[-84.716,37.816],[-84.678,37.826],[-84.616,37.804],[-84.644,37.788],[-84.57,37.728],[-84.526,37.77],[-84.43,37.644],[-84.372,37.592],[-84.346,37.54],[-84.376,37.472],[-84.448,37.486],[-84.472,37.494],[-84.62,37.594],[-84.66,37.634],[-84.698,37.668],[-84.706,37.698],[-84.746,37.714],[-84.706,37.732],[-84.696,37.764],[-84.716,37.816]]]}},{"type":"Feature","id":"21133","properties":{"n":"Letcher","f":"21133"},"geometry":{"type":"Polygon","coordinates":[[[-83.122,37.002],[-83.054,37.018],[-83.072,37.042],[-83.044,37.062],[-83.058,37.124],[-83,37.196],[-82.98,37.172],[-82.894,37.216],[-82.876,37.242],[-82.818,37.268],[-82.732,37.272],[-82.67,37.228],[-82.628,37.248],[-82.566,37.196],[-82.634,37.154],[-82.724,37.116],[-82.724,37.042],[-82.782,37.008],[-82.826,37.006],[-82.868,36.974],[-82.94,37.016],[-83.036,36.984],[-83.152,36.956],[-83.122,37.002]]]}},{"type":"Feature","id":"21223","properties":{"n":"Trimble","f":"21223"},"geometry":{"type":"Polygon","coordinates":[[[-85.334,38.736],[-85.23,38.626],[-85.212,38.58],[-85.168,38.586],[-85.28,38.496],[-85.312,38.492],[-85.378,38.518],[-85.434,38.524],[-85.416,38.54],[-85.428,38.586],[-85.452,38.71],[-85.41,38.738],[-85.334,38.736]]]}},{"type":"Feature","id":"51113","properties":{"n":"Madison","f":"51113"},"geometry":{"type":"Polygon","coordinates":[[[-78.338,38.628],[-78.23,38.532],[-78.12,38.434],[-78.098,38.386],[-78.12,38.368],[-78.084,38.328],[-78.094,38.312],[-78.126,38.282],[-78.184,38.268],[-78.176,38.254],[-78.252,38.234],[-78.288,38.272],[-78.35,38.278],[-78.428,38.368],[-78.442,38.41],[-78.436,38.45],[-78.454,38.476],[-78.436,38.522],[-78.382,38.562],[-78.386,38.582],[-78.338,38.628]]]}},{"type":"Feature","id":"12011","properties":{"n":"Broward","f":"12011"},"geometry":{"type":"Polygon","coordinates":[[[-80.88,26.334],[-80.298,26.334],[-80.298,26.356],[-80.204,26.328],[-80.076,26.32],[-80.09,26.232],[-80.118,25.976],[-80.294,25.97],[-80.308,25.958],[-80.678,25.958],[-80.678,25.978],[-80.872,25.98],[-80.88,26.26],[-80.88,26.334]]]}},{"type":"Feature","id":"20175","properties":{"n":"Seward","f":"20175"},"geometry":{"type":"Polygon","coordinates":[[[-101.07,37.388],[-100.654,37.388],[-100.636,37.388],[-100.632,37],[-100.944,36.998],[-101.066,36.998],[-101.07,37.388]]]}},{"type":"Feature","id":"48073","properties":{"n":"Cherokee","f":"48073"},"geometry":{"type":"Polygon","coordinates":[[[-95.46,32.136],[-94.986,32.138],[-94.986,31.846],[-94.938,31.846],[-94.972,31.782],[-94.928,31.766],[-94.968,31.754],[-94.968,31.698],[-94.932,31.622],[-94.924,31.58],[-94.892,31.578],[-94.892,31.542],[-94.868,31.526],[-95.004,31.426],[-95.064,31.472],[-95.1,31.468],[-95.1,31.518],[-95.144,31.54],[-95.168,31.584],[-95.208,31.57],[-95.272,31.592],[-95.276,31.658],[-95.34,31.736],[-95.402,31.762],[-95.394,31.786],[-95.412,31.836],[-95.448,31.844],[-95.424,31.926],[-95.452,31.96],[-95.424,32.018],[-95.428,32.084],[-95.46,32.136]]]}},{"type":"Feature","id":"37061","properties":{"n":"Duplin","f":"37061"},"geometry":{"type":"Polygon","coordinates":[[[-78.162,35.19],[-78.076,35.174],[-78.044,35.192],[-77.984,35.184],[-77.972,35.166],[-77.93,35.174],[-77.894,35.146],[-77.836,35.178],[-77.768,35.146],[-77.75,35.108],[-77.746,35.022],[-77.732,35.008],[-77.674,34.974],[-77.65,34.924],[-77.678,34.784],[-77.682,34.72],[-77.99,34.716],[-78.012,34.732],[-78.112,34.722],[-78.134,34.71],[-78.198,34.742],[-78.148,34.902],[-78.158,35.08],[-78.174,35.094],[-78.162,35.19]]]}},{"type":"Feature","id":"20009","properties":{"n":"Barton","f":"20009"},"geometry":{"type":"Polygon","coordinates":[[[-99.034,38.698],[-98.486,38.698],[-98.482,38.522],[-98.482,38.26],[-98.912,38.26],[-99.03,38.262],[-99.03,38.348],[-99.034,38.698]]]}},{"type":"Feature","id":"08037","properties":{"n":"Eagle","f":"08037"},"geometry":{"type":"Polygon","coordinates":[[[-107.034,39.918],[-106.654,39.92],[-106.626,39.924],[-106.436,39.924],[-106.424,39.842],[-106.386,39.766],[-106.342,39.756],[-106.292,39.704],[-106.264,39.7],[-106.23,39.662],[-106.188,39.654],[-106.18,39.606],[-106.212,39.578],[-106.212,39.532],[-106.256,39.526],[-106.252,39.468],[-106.206,39.398],[-106.206,39.38],[-106.284,39.35],[-106.352,39.354],[-106.4,39.38],[-106.428,39.362],[-107.114,39.366],[-107.114,39.918],[-107.034,39.918]]]}},{"type":"Feature","id":"39099","properties":{"n":"Mahoning","f":"39099"},"geometry":{"type":"Polygon","coordinates":[[[-81.088,40.988],[-81.002,40.988],[-81.002,41.134],[-80.52,41.134],[-80.52,41.124],[-80.52,40.9],[-80.822,40.9],[-80.822,40.93],[-80.898,40.93],[-80.898,40.9],[-81.088,40.902],[-81.088,40.988]]]}},{"type":"Feature","id":"01087","properties":{"n":"Macon","f":"01087"},"geometry":{"type":"Polygon","coordinates":[[[-86.024,32.42],[-85.972,32.454],[-85.894,32.448],[-85.872,32.474],[-85.886,32.492],[-85.796,32.494],[-85.796,32.582],[-85.714,32.582],[-85.696,32.596],[-85.66,32.568],[-85.488,32.498],[-85.438,32.498],[-85.434,32.41],[-85.434,32.234],[-85.858,32.232],[-85.88,32.292],[-85.92,32.274],[-85.99,32.336],[-86.024,32.42]]]}},{"type":"Feature","id":"39107","properties":{"n":"Mercer","f":"39107"},"geometry":{"type":"Polygon","coordinates":[[[-84.802,40.572],[-84.802,40.728],[-84.454,40.728],[-84.454,40.684],[-84.454,40.358],[-84.434,40.354],[-84.802,40.352],[-84.802,40.572]]]}},{"type":"Feature","id":"51059","properties":{"n":"Fairfax","f":"51059"},"geometry":{"type":"Polygon","coordinates":[[[-77.534,38.848],[-77.33,39.058],[-77.248,39.028],[-77.25,38.986],[-77.222,38.972],[-77.15,38.966],[-77.118,38.934],[-77.172,38.892],[-77.15,38.876],[-77.11,38.844],[-77.144,38.826],[-77.136,38.798],[-77.092,38.802],[-77.04,38.786],[-77.042,38.718],[-77.086,38.706],[-77.132,38.674],[-77.128,38.636],[-77.2,38.618],[-77.222,38.638],[-77.276,38.694],[-77.362,38.722],[-77.434,38.78],[-77.494,38.798],[-77.51,38.842],[-77.534,38.848]],[[-77.334,38.856],[-77.32,38.834],[-77.268,38.84],[-77.294,38.872],[-77.334,38.856]]]}},{"type":"Feature","id":"55085","properties":{"n":"Oneida","f":"55085"},"geometry":{"type":"Polygon","coordinates":[[[-90.044,45.896],[-89.426,45.898],[-89.3,45.902],[-89.3,45.86],[-89.174,45.856],[-89.178,45.9],[-89.048,45.896],[-89.046,45.464],[-89.364,45.47],[-89.426,45.468],[-89.43,45.554],[-90.044,45.554],[-90.044,45.896]]]}},{"type":"Feature","id":"41061","properties":{"n":"Union","f":"41061"},"geometry":{"type":"Polygon","coordinates":[[[-117.972,45.86],[-117.748,45.86],[-117.748,45.774],[-117.788,45.774],[-117.788,45.69],[-117.746,45.66],[-117.728,45.616],[-117.728,45.514],[-117.684,45.516],[-117.684,45.428],[-117.662,45.428],[-117.662,45.366],[-117.644,45.336],[-117.584,45.338],[-117.584,45.31],[-117.522,45.268],[-117.52,45.21],[-117.476,45.21],[-117.476,45.166],[-117.264,45.166],[-117.268,45.08],[-117.562,45.08],[-117.566,44.994],[-117.778,44.992],[-117.792,45.026],[-117.842,45.058],[-117.888,45.058],[-117.906,45.03],[-117.968,44.996],[-118,44.994],[-118.13,45.044],[-118.162,45.016],[-118.216,45.006],[-118.244,44.958],[-118.298,44.962],[-118.362,44.99],[-118.434,44.962],[-118.438,44.984],[-118.516,44.996],[-118.516,45.08],[-118.55,45.08],[-118.546,45.196],[-118.656,45.196],[-118.656,45.258],[-118.696,45.258],[-118.696,45.346],[-118.614,45.34],[-118.614,45.354],[-118.428,45.354],[-118.428,45.428],[-118.198,45.426],[-118.198,45.47],[-118.114,45.47],[-118.118,45.69],[-118.064,45.688],[-118.064,45.774],[-118.046,45.818],[-117.972,45.818],[-117.972,45.86]]]}},{"type":"Feature","id":"45011","properties":{"n":"Barnwell","f":"45011"},"geometry":{"type":"Polygon","coordinates":[[[-81.756,33.198],[-81.372,33.49],[-81.304,33.48],[-81.224,33.44],[-81.214,33.398],[-81.22,33.206],[-81.228,33.16],[-81.192,33.118],[-81.364,33.108],[-81.544,33.158],[-81.616,33.094],[-81.648,33.094],[-81.744,33.142],[-81.774,33.18],[-81.756,33.198]]]}},{"type":"Feature","id":"26089","properties":{"n":"Leelanau","f":"26089"},"geometry":{"type":"MultiPolygon","coordinates":[[[[-85.884,45.444],[-85.836,45.428],[-85.832,45.378],[-85.884,45.444]]],[[[-86.066,45.14],[-86.044,45.16],[-85.976,45.138],[-85.998,45.056],[-86.06,45.1],[-86.066,45.14]]],[[[-85.64,44.774],[-85.814,44.774],[-86.074,44.778],[-86.074,44.884],[-86.038,44.916],[-85.99,44.9],[-85.934,44.97],[-85.868,44.94],[-85.808,44.95],[-85.78,44.978],[-85.746,45.052],[-85.71,45.066],[-85.656,45.146],[-85.618,45.186],[-85.586,45.18],[-85.542,45.21],[-85.532,45.178],[-85.6,45.15],[-85.61,45.114],[-85.568,45.044],[-85.65,44.974],[-85.604,44.99],[-85.604,44.928],[-85.624,44.922],[-85.654,44.848],[-85.64,44.774]]],[[[-86.156,45.01],[-86.116,45.048],[-86.094,45.008],[-86.156,45.01]]]]}},{"type":"Feature","id":"51193","properties":{"n":"Westmoreland","f":"51193"},"geometry":{"type":"Polygon","coordinates":[[[-76.996,38.278],[-76.964,38.256],[-76.964,38.214],[-76.838,38.164],[-76.748,38.162],[-76.724,38.138],[-76.702,38.156],[-76.616,38.148],[-76.602,38.11],[-76.544,38.076],[-76.518,38.034],[-76.572,38.028],[-76.616,38.002],[-76.634,37.966],[-76.656,37.982],[-76.766,38.002],[-76.76,38.032],[-76.824,38.064],[-76.878,38.124],[-76.938,38.076],[-77.004,38.108],[-77.032,38.092],[-77.06,38.162],[-77.046,38.2],[-77.046,38.26],[-76.996,38.278]]]}},{"type":"Feature","id":"01123","properties":{"n":"Tallapoosa","f":"01123"},"geometry":{"type":"Polygon","coordinates":[[[-86.008,33.09],[-85.976,33.106],[-85.654,33.106],[-85.592,33.108],[-85.592,32.728],[-85.61,32.714],[-85.678,32.712],[-85.696,32.698],[-85.696,32.596],[-85.714,32.582],[-85.796,32.582],[-85.796,32.494],[-85.886,32.492],[-85.894,32.602],[-85.886,32.648],[-85.912,32.678],[-85.88,32.754],[-86.008,32.756],[-86.008,33.09]]]}},{"type":"Feature","id":"13075","properties":{"n":"Cook","f":"13075"},"geometry":{"type":"Polygon","coordinates":[[[-83.514,31.328],[-83.46,31.326],[-83.436,31.35],[-83.438,31.316],[-83.384,31.258],[-83.334,31.244],[-83.334,31.192],[-83.306,31.168],[-83.324,31.118],[-83.28,31.064],[-83.296,31.028],[-83.474,31.032],[-83.55,31.054],[-83.576,31.078],[-83.54,31.178],[-83.51,31.206],[-83.514,31.328]]]}},{"type":"Feature","id":"26083","properties":{"n":"Keweenaw","f":"26083"},"geometry":{"type":"MultiPolygon","coordinates":[[[[-88.226,47.2],[-88.298,47.2],[-88.298,47.286],[-88.514,47.286],[-88.46,47.34],[-88.388,47.384],[-88.18,47.458],[-87.98,47.48],[-87.8,47.474],[-87.718,47.44],[-87.714,47.402],[-87.754,47.406],[-87.814,47.384],[-87.882,47.396],[-87.958,47.388],[-87.94,47.346],[-88.054,47.298],[-88.162,47.216],[-88.226,47.2]]],[[[-89.254,47.876],[-89.178,47.936],[-88.838,48.056],[-88.812,48.054],[-88.658,48.14],[-88.546,48.176],[-88.524,48.166],[-88.424,48.19],[-88.428,48.166],[-88.472,48.152],[-88.578,48.084],[-88.578,48.058],[-88.668,48.012],[-88.852,47.966],[-89.002,47.908],[-88.996,47.892],[-88.912,47.892],[-89.124,47.828],[-89.188,47.832],[-89.254,47.876]]]]}},{"type":"Feature","id":"39125","properties":{"n":"Paulding","f":"39125"},"geometry":{"type":"Polygon","coordinates":[[[-84.802,41.252],[-84.458,41.254],[-84.458,41.21],[-84.344,41.21],[-84.344,41.166],[-84.344,40.99],[-84.4,40.99],[-84.802,40.99],[-84.802,41.252]]]}},{"type":"Feature","id":"13209","properties":{"n":"Montgomery","f":"13209"},"geometry":{"type":"Polygon","coordinates":[[[-82.408,32.354],[-82.438,32.292],[-82.44,32.218],[-82.484,31.968],[-82.492,31.948],[-82.546,31.958],[-82.548,31.982],[-82.598,32.014],[-82.61,32.09],[-82.628,32.134],[-82.624,32.206],[-82.65,32.244],[-82.656,32.298],[-82.65,32.31],[-82.408,32.354]]]}},{"type":"Feature","id":"13027","properties":{"n":"Brooks","f":"13027"},"geometry":{"type":"Polygon","coordinates":[[[-83.736,31.038],[-83.576,31.034],[-83.576,31.078],[-83.55,31.054],[-83.474,31.032],[-83.428,30.948],[-83.438,30.904],[-83.37,30.884],[-83.352,30.842],[-83.424,30.816],[-83.45,30.818],[-83.456,30.766],[-83.486,30.752],[-83.438,30.688],[-83.364,30.658],[-83.356,30.638],[-83.612,30.652],[-83.744,30.658],[-83.736,31.038]]]}},{"type":"Feature","id":"08075","properties":{"n":"Logan","f":"08075"},"geometry":{"type":"Polygon","coordinates":[[[-103.574,41.002],[-103.38,41.002],[-102.652,41.002],[-102.652,40.75],[-102.664,40.706],[-102.664,40.438],[-102.782,40.438],[-103.388,40.436],[-103.468,40.436],[-103.468,40.524],[-103.582,40.524],[-103.582,40.698],[-103.574,40.702],[-103.574,41.002]]]}},{"type":"Feature","id":"39117","properties":{"n":"Morrow","f":"39117"},"geometry":{"type":"Polygon","coordinates":[[[-83.022,40.434],[-83.016,40.484],[-82.958,40.49],[-82.958,40.636],[-82.86,40.646],[-82.858,40.704],[-82.858,40.712],[-82.728,40.712],[-82.628,40.71],[-82.624,40.55],[-82.642,40.55],[-82.646,40.344],[-82.746,40.35],[-82.93,40.358],[-82.926,40.416],[-83.022,40.418],[-83.022,40.434]]]}},{"type":"Feature","id":"39119","properties":{"n":"Muskingum","f":"39119"},"geometry":{"type":"Polygon","coordinates":[[[-82.186,40.166],[-81.716,40.152],[-81.73,39.932],[-81.69,39.93],[-81.694,39.842],[-81.698,39.756],[-82.074,39.77],[-82.072,39.816],[-82.172,39.82],[-82.162,39.91],[-82.232,39.914],[-82.232,39.952],[-82.2,39.95],[-82.186,40.166]]]}},{"type":"Feature","id":"13051","properties":{"n":"Chatham","f":"13051"},"geometry":{"type":"Polygon","coordinates":[[[-81.392,32.096],[-81.196,32.238],[-81.146,32.226],[-81.116,32.188],[-81.13,32.166],[-81.112,32.114],[-81.038,32.084],[-80.998,32.098],[-80.92,32.038],[-80.886,32.034],[-80.844,32.024],[-80.862,31.968],[-80.912,31.944],[-80.948,31.956],[-80.97,31.916],[-80.934,31.908],[-80.99,31.858],[-81.066,31.878],[-81.078,31.828],[-81.038,31.82],[-81.07,31.768],[-81.13,31.722],[-81.156,31.726],[-81.174,31.764],[-81.178,31.816],[-81.138,31.856],[-81.202,31.922],[-81.268,31.91],[-81.304,32],[-81.368,32.048],[-81.392,32.096]]]}},{"type":"Feature","id":"13061","properties":{"n":"Clay","f":"13061"},"geometry":{"type":"Polygon","coordinates":[[[-85.126,31.78],[-85.076,31.772],[-84.958,31.778],[-84.96,31.712],[-84.942,31.618],[-84.818,31.62],[-84.82,31.5],[-84.94,31.504],[-85.028,31.486],[-85.046,31.518],[-85.058,31.62],[-85.126,31.694],[-85.126,31.762],[-85.126,31.78]]]}},{"type":"Feature","id":"08115","properties":{"n":"Sedgwick","f":"08115"},"geometry":{"type":"Polygon","coordinates":[[[-102.652,41.002],[-102.62,41.002],[-102.052,41.002],[-102.052,40.75],[-102.652,40.75],[-102.652,41.002]]]}},{"type":"Feature","id":"12105","properties":{"n":"Polk","f":"12105"},"geometry":{"type":"Polygon","coordinates":[[[-82.056,28.312],[-82.022,28.324],[-81.956,28.308],[-81.956,28.346],[-81.856,28.346],[-81.856,28.362],[-81.792,28.362],[-81.792,28.346],[-81.658,28.348],[-81.658,28.26],[-81.558,28.26],[-81.526,28.202],[-81.526,28.142],[-81.458,28.144],[-81.458,28.086],[-81.346,28.084],[-81.368,28.062],[-81.382,28.012],[-81.392,28.028],[-81.462,28.052],[-81.414,27.998],[-81.386,28.004],[-81.374,27.978],[-81.31,27.922],[-81.304,27.862],[-81.232,27.842],[-81.21,27.822],[-81.146,27.71],[-81.142,27.644],[-81.562,27.648],[-82.054,27.646],[-82.054,27.908],[-82.056,27.928],[-82.056,28.172],[-82.108,28.172],[-82.108,28.26],[-82.056,28.258],[-82.056,28.312]]]}},{"type":"Feature","id":"48147","properties":{"n":"Fannin","f":"48147"},"geometry":{"type":"Polygon","coordinates":[[[-96.386,33.398],[-96.378,33.726],[-96.364,33.692],[-96.32,33.694],[-96.296,33.764],[-96.228,33.748],[-96.178,33.76],[-96.148,33.838],[-96.098,33.83],[-96.102,33.848],[-96.048,33.836],[-95.94,33.862],[-95.936,33.888],[-95.848,33.84],[-95.854,33.828],[-95.858,33.462],[-95.858,33.41],[-96.296,33.352],[-96.386,33.34],[-96.386,33.398]]]}},{"type":"Feature","id":"21105","properties":{"n":"Hickman","f":"21105"},"geometry":{"type":"Polygon","coordinates":[[[-89.124,36.784],[-89.102,36.796],[-89.066,36.772],[-88.812,36.772],[-88.816,36.504],[-88.826,36.504],[-88.834,36.504],[-88.906,36.576],[-88.942,36.592],[-89.028,36.592],[-89.146,36.65],[-89.174,36.65],[-89.168,36.686],[-89.2,36.716],[-89.186,36.754],[-89.128,36.752],[-89.124,36.784]]]}},{"type":"Feature","id":"01071","properties":{"n":"Jackson","f":"01071"},"geometry":{"type":"Polygon","coordinates":[[[-86.31,34.992],[-85.866,34.988],[-85.606,34.984],[-85.582,34.86],[-85.628,34.832],[-85.66,34.754],[-85.692,34.744],[-85.786,34.624],[-86.006,34.48],[-86.06,34.476],[-86.088,34.466],[-86.098,34.522],[-86.148,34.522],[-86.148,34.6],[-86.328,34.6],[-86.36,34.632],[-86.356,34.736],[-86.338,34.762],[-86.342,34.816],[-86.328,34.832],[-86.35,34.874],[-86.296,34.944],[-86.26,34.946],[-86.31,34.992]]]}},{"type":"Feature","id":"13215","properties":{"n":"Muscogee","f":"13215"},"geometry":{"type":"Polygon","coordinates":[[[-84.696,32.584],[-84.666,32.564],[-84.696,32.518],[-84.724,32.508],[-84.766,32.42],[-84.882,32.41],[-84.946,32.376],[-84.982,32.378],[-84.964,32.422],[-84.996,32.454],[-85.004,32.51],[-85.022,32.542],[-85.082,32.608],[-84.906,32.608],[-84.906,32.584],[-84.696,32.584]]]}},{"type":"Feature","id":"12009","properties":{"n":"Brevard","f":"12009"},"geometry":{"type":"Polygon","coordinates":[[[-80.732,28.792],[-80.71,28.756],[-80.574,28.586],[-80.56,28.532],[-80.524,28.46],[-80.588,28.41],[-80.604,28.364],[-80.606,28.29],[-80.588,28.178],[-80.568,28.096],[-80.51,27.97],[-80.446,27.86],[-80.492,27.854],[-80.51,27.822],[-80.868,27.822],[-80.868,28.084],[-80.862,28.092],[-80.862,28.348],[-80.902,28.434],[-80.872,28.472],[-80.88,28.504],[-80.934,28.54],[-80.952,28.604],[-80.988,28.612],[-80.966,28.612],[-80.97,28.79],[-80.732,28.792]]]}},{"type":"Feature","id":"13321","properties":{"n":"Worth","f":"13321"},"geometry":{"type":"Polygon","coordinates":[[[-83.938,31.848],[-83.844,31.832],[-83.802,31.804],[-83.798,31.622],[-83.718,31.622],[-83.65,31.568],[-83.654,31.33],[-83.998,31.334],[-83.998,31.444],[-83.996,31.626],[-84.016,31.65],[-84.032,31.716],[-83.988,31.766],[-84.01,31.802],[-83.978,31.804],[-83.938,31.848]]]}},{"type":"Feature","id":"13025","properties":{"n":"Brantley","f":"13025"},"geometry":{"type":"Polygon","coordinates":[[[-82.284,31.224],[-82.194,31.208],[-82.146,31.226],[-82.146,31.252],[-82.114,31.27],[-82.006,31.278],[-81.992,31.308],[-82.022,31.328],[-82.042,31.374],[-81.924,31.346],[-81.802,31.364],[-81.73,31.33],[-81.766,31.202],[-81.766,31.17],[-81.82,31.136],[-81.842,31.098],[-81.916,31.096],[-81.934,31.048],[-82.06,31.076],[-82.082,31.012],[-82.132,31.012],[-82.208,31.084],[-82.208,31.17],[-82.284,31.192],[-82.284,31.224]]]}},{"type":"Feature","id":"39111","properties":{"n":"Monroe","f":"39111"},"geometry":{"type":"Polygon","coordinates":[[[-81.238,39.868],[-80.822,39.85],[-80.826,39.798],[-80.868,39.758],[-80.832,39.722],[-80.866,39.692],[-80.88,39.62],[-80.944,39.606],[-81.038,39.54],[-81.038,39.572],[-81.246,39.58],[-81.282,39.606],[-81.282,39.708],[-81.318,39.708],[-81.314,39.87],[-81.238,39.868]]]}},{"type":"Feature","id":"55081","properties":{"n":"Monroe","f":"55081"},"geometry":{"type":"Polygon","coordinates":[[[-90.312,44.156],[-90.312,43.732],[-90.434,43.726],[-90.912,43.726],[-90.912,44.072],[-90.972,44.07],[-90.976,44.13],[-90.894,44.158],[-90.434,44.16],[-90.312,44.156]]]}},{"type":"Feature","id":"45021","properties":{"n":"Cherokee","f":"45021"},"geometry":{"type":"Polygon","coordinates":[[[-81.874,35.184],[-81.77,35.18],[-81.368,35.164],[-81.4,35.136],[-81.41,35.048],[-81.454,35.048],[-81.49,35.028],[-81.476,34.982],[-81.494,34.946],[-81.458,34.84],[-81.482,34.866],[-81.544,34.87],[-81.586,34.888],[-81.64,34.882],[-81.648,34.9],[-81.712,34.912],[-81.756,34.932],[-81.794,35.036],[-81.874,35.184]]]}},{"type":"Feature","id":"55041","properties":{"n":"Forest","f":"55041"},"geometry":{"type":"Polygon","coordinates":[[[-88.934,46.074],[-88.812,46.022],[-88.74,46.028],[-88.682,46.014],[-88.676,45.982],[-88.676,45.722],[-88.424,45.722],[-88.428,45.378],[-88.68,45.378],[-88.926,45.378],[-88.924,45.464],[-89.046,45.464],[-89.048,45.896],[-89.048,45.982],[-88.934,45.982],[-88.934,46.074]]]}},{"type":"Feature","id":"21067","properties":{"n":"Fayette","f":"21067"},"geometry":{"type":"Polygon","coordinates":[[[-84.626,38.116],[-84.62,38.13],[-84.4,38.208],[-84.372,38.208],[-84.354,38.178],[-84.38,38.114],[-84.286,38.068],[-84.282,38.02],[-84.322,38.002],[-84.322,37.966],[-84.35,37.898],[-84.336,37.892],[-84.38,37.902],[-84.364,37.858],[-84.386,37.846],[-84.412,37.872],[-84.436,37.848],[-84.45,37.91],[-84.48,37.94],[-84.59,37.986],[-84.66,38.004],[-84.626,38.116]]]}},{"type":"Feature","id":"36037","properties":{"n":"Genesee","f":"36037"},"geometry":{"type":"Polygon","coordinates":[[[-78.464,43.13],[-77.998,43.134],[-77.908,43.134],[-77.95,43.04],[-77.904,43.038],[-77.912,42.988],[-77.912,42.946],[-77.954,42.906],[-77.954,42.862],[-78.072,42.87],[-78.464,42.868],[-78.464,43.088],[-78.464,43.13]]]}},{"type":"Feature","id":"21229","properties":{"n":"Washington","f":"21229"},"geometry":{"type":"Polygon","coordinates":[[[-85.402,37.73],[-85.352,37.758],[-85.356,37.784],[-85.308,37.794],[-85.298,37.832],[-85.204,37.846],[-85.202,37.898],[-85.154,37.898],[-85.126,37.918],[-85.108,37.894],[-85.028,37.892],[-85,37.854],[-85.026,37.68],[-85.028,37.632],[-85.258,37.632],[-85.342,37.652],[-85.374,37.674],[-85.374,37.702],[-85.402,37.73]]]}},{"type":"Feature","id":"37117","properties":{"n":"Martin","f":"37117"},"geometry":{"type":"Polygon","coordinates":[[[-77.402,36.004],[-77.326,36.07],[-77.316,36.054],[-77.214,36.014],[-77.19,35.974],[-77.2,35.942],[-77.096,35.928],[-77.046,35.944],[-77.024,35.892],[-77.042,35.86],[-77.004,35.86],[-76.942,35.9],[-76.896,35.86],[-76.902,35.822],[-76.87,35.816],[-76.83,35.854],[-76.834,35.882],[-76.76,35.864],[-76.802,35.804],[-76.816,35.748],[-76.848,35.72],[-76.986,35.658],[-77.164,35.74],[-77.176,35.732],[-77.218,35.76],[-77.258,35.766],[-77.254,35.786],[-77.352,35.82],[-77.344,35.906],[-77.402,36.004]]]}},{"type":"Feature","id":"45067","properties":{"n":"Marion","f":"45067"},"geometry":{"type":"Polygon","coordinates":[[[-79.548,34.23],[-79.48,34.288],[-79.376,34.298],[-79.304,34.27],[-79.214,34.256],[-79.174,34.288],[-79.128,34.254],[-79.132,34.222],[-79.192,34.176],[-79.208,34.132],[-79.25,34.09],[-79.242,34.068],[-79.3,34.028],[-79.34,33.97],[-79.296,33.9],[-79.264,33.892],[-79.26,33.816],[-79.19,33.706],[-79.246,33.696],[-79.282,33.716],[-79.318,33.78],[-79.326,33.798],[-79.314,33.826],[-79.368,33.842],[-79.494,33.95],[-79.516,33.994],[-79.516,34.096],[-79.574,34.186],[-79.548,34.23]]]}},{"type":"Feature","id":"01039","properties":{"n":"Covington","f":"01039"},"geometry":{"type":"Polygon","coordinates":[[[-86.702,31.524],[-86.5,31.526],[-86.4,31.528],[-86.396,31.45],[-86.364,31.488],[-86.338,31.488],[-86.282,31.528],[-86.278,31.456],[-86.264,31.442],[-86.196,31.44],[-86.192,31.192],[-86.188,30.994],[-86.39,30.994],[-86.688,30.994],[-86.702,31],[-86.702,31.192],[-86.702,31.346],[-86.666,31.37],[-86.676,31.436],[-86.702,31.436],[-86.702,31.524]]]}},{"type":"Feature","id":"12047","properties":{"n":"Hamilton","f":"12047"},"geometry":{"type":"Polygon","coordinates":[[[-83.274,30.632],[-83.138,30.624],[-82.688,30.598],[-82.728,30.56],[-82.7,30.476],[-82.664,30.454],[-82.646,30.396],[-82.688,30.334],[-82.746,30.316],[-82.796,30.336],[-82.882,30.366],[-82.966,30.418],[-83,30.43],[-83.076,30.426],[-83.084,30.438],[-83.156,30.418],[-83.17,30.384],[-83.18,30.41],[-83.224,30.424],[-83.216,30.456],[-83.244,30.474],[-83.238,30.516],[-83.274,30.632]]]}},{"type":"Feature","id":"12021","properties":{"n":"Collier","f":"12021"},"geometry":{"type":"Polygon","coordinates":[[[-81.846,26.33],[-81.82,26.316],[-81.658,26.318],[-81.658,26.422],[-81.562,26.422],[-81.566,26.514],[-81.27,26.518],[-81.268,26.252],[-80.88,26.26],[-80.872,25.98],[-80.872,25.806],[-81.468,25.804],[-81.472,25.818],[-81.548,25.85],[-81.622,25.898],[-81.662,25.886],[-81.69,25.852],[-81.748,25.96],[-81.802,26.088],[-81.82,26.236],[-81.846,26.33]]]}},{"type":"Feature","id":"20125","properties":{"n":"Montgomery","f":"20125"},"geometry":{"type":"Polygon","coordinates":[[[-95.966,37.3],[-95.962,37.388],[-95.524,37.384],[-95.52,37.384],[-95.516,37.252],[-95.524,37],[-95.786,37],[-95.966,36.998],[-95.966,37.3]]]}},{"type":"Feature","id":"29009","properties":{"n":"Barry","f":"29009"},"geometry":{"type":"Polygon","coordinates":[[[-94.078,36.498],[-94.066,36.738],[-94.07,36.748],[-94.064,36.932],[-93.61,36.924],[-93.614,36.82],[-93.574,36.82],[-93.586,36.498],[-93.866,36.498],[-94.078,36.498]]]}},{"type":"Feature","id":"26125","properties":{"n":"Oakland","f":"26125"},"geometry":{"type":"Polygon","coordinates":[[[-83.454,42.88],[-83.102,42.888],[-83.084,42.446],[-83.554,42.434],[-83.664,42.432],[-83.686,42.784],[-83.69,42.872],[-83.454,42.876],[-83.454,42.88]]]}},{"type":"Feature","id":"19005","properties":{"n":"Allamakee","f":"19005"},"geometry":{"type":"Polygon","coordinates":[[[-91.612,43.5],[-91.216,43.5],[-91.234,43.456],[-91.206,43.422],[-91.202,43.348],[-91.106,43.314],[-91.058,43.248],[-91.124,43.196],[-91.146,43.152],[-91.178,43.132],[-91.178,43.08],[-91.604,43.082],[-91.612,43.342],[-91.612,43.5]]]}},{"type":"Feature","id":"30005","properties":{"n":"Blaine","f":"30005"},"geometry":{"type":"Polygon","coordinates":[[[-109.49,49],[-108.994,48.998],[-108.238,49],[-108.238,48.914],[-108.258,48.914],[-108.258,48.742],[-108.32,48.742],[-108.32,48.568],[-108.344,48.568],[-108.344,48.422],[-108.41,48.448],[-108.41,48.22],[-108.434,48.22],[-108.434,47.976],[-108.572,47.98],[-108.606,47.992],[-108.624,47.92],[-108.886,47.922],[-108.89,47.734],[-108.944,47.73],[-108.92,47.756],[-108.944,47.792],[-109.066,47.802],[-109.13,47.78],[-109.274,47.792],[-109.314,47.758],[-109.426,47.72],[-109.512,47.744],[-109.54,47.738],[-109.532,48.134],[-109.532,48.222],[-109.55,48.222],[-109.55,48.294],[-109.518,48.294],[-109.518,48.396],[-109.498,48.396],[-109.498,48.452],[-109.464,48.452],[-109.464,48.526],[-109.498,48.526],[-109.504,48.568],[-109.504,48.914],[-109.49,48.914],[-109.49,49]]]}},{"type":"Feature","id":"51103","properties":{"n":"Lancaster","f":"51103"},"geometry":{"type":"Polygon","coordinates":[[[-76.508,37.838],[-76.468,37.822],[-76.428,37.828],[-76.4,37.78],[-76.364,37.768],[-76.376,37.712],[-76.322,37.68],[-76.34,37.656],[-76.292,37.636],[-76.36,37.61],[-76.472,37.666],[-76.512,37.642],[-76.536,37.664],[-76.536,37.698],[-76.584,37.768],[-76.64,37.792],[-76.586,37.812],[-76.566,37.838],[-76.508,37.838]]]}},{"type":"Feature","id":"12003","properties":{"n":"Baker","f":"12003"},"geometry":{"type":"Polygon","coordinates":[[[-82.458,30.584],[-82.42,30.582],[-82.214,30.568],[-82.232,30.556],[-82.226,30.508],[-82.2,30.486],[-82.212,30.424],[-82.172,30.36],[-82.104,30.368],[-82.05,30.362],[-82.05,30.274],[-82.05,30.188],[-82.05,30.144],[-82.144,30.144],[-82.458,30.136],[-82.458,30.584]]]}},{"type":"Feature","id":"51057","properties":{"n":"Essex","f":"51057"},"geometry":{"type":"Polygon","coordinates":[[[-77.114,38.15],[-77.06,38.162],[-77.032,38.092],[-77.004,38.108],[-76.938,38.076],[-76.906,37.998],[-76.906,37.972],[-76.806,37.896],[-76.734,37.798],[-76.684,37.77],[-76.752,37.728],[-76.806,37.796],[-76.874,37.784],[-76.906,37.796],[-76.942,37.784],[-76.946,37.828],[-77.004,37.836],[-77.042,37.868],[-77.022,37.886],[-77.032,37.926],[-77.072,37.964],[-77.09,38.014],[-77.168,38.08],[-77.144,38.12],[-77.108,38.126],[-77.114,38.15]]]}},{"type":"Feature","id":"30101","properties":{"n":"Toole","f":"30101"},"geometry":{"type":"Polygon","coordinates":[[[-112.192,48.998],[-111.762,48.998],[-111.27,48.998],[-111.274,48.914],[-111.274,48.22],[-111.41,48.22],[-111.666,48.22],[-111.666,48.35],[-111.794,48.35],[-111.794,48.394],[-111.992,48.394],[-111.992,48.438],[-112.074,48.444],[-112.186,48.478],[-112.19,48.566],[-112.19,48.914],[-112.192,48.998]]]}},{"type":"Feature","id":"23007","properties":{"n":"Franklin","f":"23007"},"geometry":{"type":"Polygon","coordinates":[[[-70.554,45.668],[-70.506,45.514],[-70.518,45.512],[-70.416,45.144],[-70.312,45.164],[-70.294,45.11],[-70.158,45.128],[-70.112,44.948],[-70.152,44.942],[-70.13,44.85],[-70.032,44.864],[-69.996,44.678],[-69.962,44.682],[-69.928,44.61],[-69.954,44.574],[-70.04,44.588],[-70.072,44.53],[-70.036,44.508],[-70.044,44.486],[-70.13,44.488],[-70.202,44.478],[-70.238,44.458],[-70.252,44.504],[-70.28,44.506],[-70.28,44.57],[-70.55,44.61],[-70.51,44.628],[-70.614,44.796],[-70.768,44.732],[-70.772,44.84],[-70.804,44.926],[-70.822,45.014],[-70.78,45.018],[-70.834,45.274],[-70.812,45.302],[-70.804,45.376],[-70.826,45.4],[-70.782,45.432],[-70.754,45.428],[-70.712,45.39],[-70.636,45.384],[-70.632,45.416],[-70.718,45.488],[-70.722,45.516],[-70.642,45.608],[-70.592,45.63],[-70.554,45.668]]]}},{"type":"Feature","id":"26045","properties":{"n":"Eaton","f":"26045"},"geometry":{"type":"Polygon","coordinates":[[[-85.076,42.77],[-84.838,42.77],[-84.602,42.77],[-84.602,42.422],[-84.72,42.422],[-85.072,42.422],[-85.076,42.77]]]}},{"type":"Feature","id":"30091","properties":{"n":"Sheridan","f":"30091"},"geometry":{"type":"Polygon","coordinates":[[[-105.058,48.998],[-104.648,48.998],[-104.048,49],[-104.048,48.634],[-104.048,48.39],[-104.626,48.39],[-104.626,48.476],[-104.76,48.476],[-104.76,48.564],[-104.974,48.564],[-104.974,48.65],[-105.04,48.65],[-105.04,48.91],[-105.058,48.91],[-105.058,48.998]]]}},{"type":"Feature","id":"42133","properties":{"n":"York","f":"42133"},"geometry":{"type":"Polygon","coordinates":[[[-77.136,40.07],[-77.028,40.148],[-76.978,40.164],[-76.906,40.166],[-76.928,40.198],[-76.896,40.224],[-76.86,40.226],[-76.756,40.178],[-76.724,40.12],[-76.662,40.064],[-76.572,40.046],[-76.536,40.052],[-76.498,39.996],[-76.48,39.95],[-76.394,39.912],[-76.382,39.874],[-76.34,39.822],[-76.274,39.776],[-76.238,39.722],[-76.568,39.722],[-76.788,39.722],[-77,39.72],[-77,39.832],[-76.956,39.856],[-76.986,39.894],[-76.968,39.936],[-77.018,40.014],[-77.068,40.028],[-77.136,40.07]]]}},{"type":"Feature","id":"13237","properties":{"n":"Putnam","f":"13237"},"geometry":{"type":"Polygon","coordinates":[[[-83.532,33.434],[-83.28,33.484],[-83.242,33.418],[-83.244,33.4],[-83.198,33.396],[-83.162,33.354],[-83.144,33.31],[-83.252,33.26],[-83.274,33.188],[-83.364,33.18],[-83.428,33.186],[-83.546,33.172],[-83.54,33.394],[-83.532,33.434]]]}},{"type":"Feature","id":"13257","properties":{"n":"Stephens","f":"13257"},"geometry":{"type":"Polygon","coordinates":[[[-83.46,34.48],[-83.364,34.676],[-83.338,34.688],[-83.23,34.612],[-83.17,34.606],[-83.106,34.536],[-83.176,34.478],[-83.374,34.47],[-83.4,34.462],[-83.46,34.48]]]}},{"type":"Feature","id":"13011","properties":{"n":"Banks","f":"13011"},"geometry":{"type":"Polygon","coordinates":[[[-83.614,34.432],[-83.536,34.492],[-83.46,34.48],[-83.4,34.462],[-83.382,34.43],[-83.392,34.324],[-83.338,34.26],[-83.356,34.224],[-83.402,34.198],[-83.482,34.262],[-83.56,34.252],[-83.622,34.296],[-83.65,34.322],[-83.668,34.366],[-83.654,34.4],[-83.614,34.432]]]}},{"type":"Feature","id":"20113","properties":{"n":"McPherson","f":"20113"},"geometry":{"type":"Polygon","coordinates":[[[-97.926,38.61],[-97.372,38.61],[-97.372,38.174],[-97.702,38.174],[-97.922,38.174],[-97.926,38.522],[-97.926,38.61]]]}},{"type":"Feature","id":"27097","properties":{"n":"Morrison","f":"27097"},"geometry":{"type":"Polygon","coordinates":[[[-94.652,46.348],[-94.624,46.326],[-94.534,46.302],[-94.462,46.332],[-94.426,46.332],[-94.344,46.278],[-94.396,46.212],[-94.364,46.18],[-94.376,46.158],[-93.812,46.156],[-93.812,45.982],[-93.768,45.982],[-93.766,45.822],[-94.354,45.822],[-94.272,45.774],[-94.644,45.774],[-94.652,46.348]]]}},{"type":"Feature","id":"37183","properties":{"n":"Wake","f":"37183"},"geometry":{"type":"Polygon","coordinates":[[[-78.906,35.868],[-78.83,35.868],[-78.806,35.928],[-78.762,35.918],[-78.716,35.962],[-78.7,36.012],[-78.74,36.024],[-78.752,36.07],[-78.684,36.074],[-78.546,36.022],[-78.428,35.974],[-78.396,35.936],[-78.352,35.93],[-78.352,35.912],[-78.306,35.896],[-78.256,35.818],[-78.472,35.702],[-78.708,35.52],[-78.916,35.584],[-78.996,35.61],[-78.906,35.868]]]}},{"type":"Feature","id":"19045","properties":{"n":"Clinton","f":"19045"},"geometry":{"type":"Polygon","coordinates":[[[-90.898,42.034],[-90.154,42.032],[-90.14,42.008],[-90.166,41.956],[-90.15,41.928],[-90.184,41.844],[-90.18,41.81],[-90.244,41.782],[-90.316,41.728],[-90.41,41.73],[-90.47,41.774],[-90.538,41.776],[-90.578,41.758],[-90.674,41.762],[-90.714,41.734],[-90.786,41.772],[-90.898,41.772],[-90.898,41.946],[-90.898,42.034]]]}},{"type":"Feature","id":"36113","properties":{"n":"Warren","f":"36113"},"geometry":{"type":"Polygon","coordinates":[[[-74.056,43.744],[-73.44,43.804],[-73.472,43.772],[-73.46,43.74],[-73.492,43.654],[-73.526,43.636],[-73.608,43.552],[-73.63,43.486],[-73.594,43.306],[-73.644,43.304],[-73.736,43.268],[-73.77,43.222],[-73.802,43.25],[-73.834,43.25],[-73.826,43.306],[-73.858,43.33],[-73.884,43.398],[-74.16,43.372],[-74.214,43.728],[-74.056,43.744]]]}},{"type":"Feature","id":"01099","properties":{"n":"Monroe","f":"01099"},"geometry":{"type":"Polygon","coordinates":[[[-87.502,31.828],[-87.244,31.832],[-87.214,31.828],[-86.906,31.83],[-86.906,31.754],[-86.988,31.718],[-87.05,31.718],[-87.056,31.678],[-87.136,31.642],[-87.168,31.52],[-87.208,31.458],[-87.23,31.454],[-87.298,31.402],[-87.358,31.318],[-87.394,31.3],[-87.426,31.26],[-87.488,31.26],[-87.56,31.228],[-87.616,31.244],[-87.678,31.262],[-87.718,31.304],[-87.764,31.298],[-87.786,31.328],[-87.754,31.362],[-87.724,31.344],[-87.706,31.402],[-87.638,31.426],[-87.624,31.41],[-87.578,31.432],[-87.562,31.478],[-87.62,31.514],[-87.566,31.554],[-87.566,31.698],[-87.516,31.698],[-87.52,31.814],[-87.502,31.828]]]}},{"type":"Feature","id":"37105","properties":{"n":"Lee","f":"37105"},"geometry":{"type":"Polygon","coordinates":[[[-79.35,35.518],[-79.286,35.556],[-79.276,35.532],[-79.242,35.57],[-79.2,35.558],[-79.15,35.62],[-79.118,35.628],[-79.052,35.596],[-79.016,35.544],[-78.97,35.522],[-79.182,35.308],[-79.264,35.346],[-79.29,35.4],[-79.33,35.424],[-79.362,35.47],[-79.336,35.498],[-79.35,35.518]]]}},{"type":"Feature","id":"36025","properties":{"n":"Delaware","f":"36025"},"geometry":{"type":"Polygon","coordinates":[[[-75.416,42.196],[-75.416,42.314],[-75.31,42.322],[-75.262,42.368],[-75.198,42.358],[-75.094,42.42],[-75.018,42.428],[-74.968,42.468],[-74.842,42.512],[-74.774,42.506],[-74.714,42.518],[-74.62,42.424],[-74.444,42.356],[-74.43,42.348],[-74.538,42.202],[-74.452,42.17],[-74.782,42.016],[-75.148,41.85],[-75.208,41.87],[-75.262,41.866],[-75.292,41.952],[-75.31,41.948],[-75.36,42],[-75.402,42],[-75.42,42.042],[-75.416,42.196]]]}},{"type":"Feature","id":"01121","properties":{"n":"Talladega","f":"01121"},"geometry":{"type":"Polygon","coordinates":[[[-86.378,33.39],[-86.31,33.452],[-86.282,33.51],[-86.234,33.494],[-86.192,33.544],[-86.22,33.588],[-86.184,33.594],[-86.174,33.66],[-86.206,33.69],[-86.146,33.68],[-86.048,33.674],[-86.026,33.646],[-86.024,33.602],[-85.994,33.586],[-85.794,33.586],[-85.796,33.556],[-85.85,33.498],[-85.904,33.498],[-85.904,33.454],[-85.922,33.454],[-85.922,33.396],[-85.976,33.382],[-85.98,33.294],[-86.116,33.296],[-86.12,33.194],[-86.174,33.196],[-86.174,33.104],[-86.49,33.102],[-86.462,33.126],[-86.504,33.18],[-86.462,33.202],[-86.468,33.224],[-86.428,33.25],[-86.432,33.282],[-86.392,33.276],[-86.356,33.296],[-86.368,33.336],[-86.342,33.352],[-86.378,33.39]]]}},{"type":"Feature","id":"26025","properties":{"n":"Calhoun","f":"26025"},"geometry":{"type":"Polygon","coordinates":[[[-85.298,42.42],[-85.072,42.422],[-84.72,42.422],[-84.72,42.334],[-84.71,42.07],[-84.828,42.072],[-85.294,42.072],[-85.298,42.42]]]}},{"type":"Feature","id":"08015","properties":{"n":"Chaffee","f":"08015"},"geometry":{"type":"Polygon","coordinates":[[[-106.6,38.998],[-106.578,39.058],[-106.192,39.056],[-106.17,38.99],[-106.108,38.988],[-106.112,38.94],[-106.03,38.942],[-105.966,38.906],[-105.976,38.882],[-105.926,38.872],[-105.944,38.852],[-105.908,38.808],[-105.94,38.764],[-105.968,38.694],[-105.926,38.68],[-105.914,38.63],[-105.88,38.602],[-105.904,38.548],[-105.908,38.506],[-105.936,38.504],[-106.012,38.446],[-106.058,38.456],[-106.076,38.424],[-106.246,38.424],[-106.332,38.494],[-106.346,38.562],[-106.37,38.62],[-106.428,38.658],[-106.45,38.696],[-106.418,38.724],[-106.422,38.812],[-106.352,38.856],[-106.324,38.904],[-106.418,38.924],[-106.472,38.912],[-106.562,38.998],[-106.6,38.998]]]}},{"type":"Feature","id":"30039","properties":{"n":"Granite","f":"30039"},"geometry":{"type":"Polygon","coordinates":[[[-113.83,46.66],[-113.668,46.658],[-113.668,46.716],[-113.552,46.716],[-113.546,46.744],[-113.482,46.744],[-113.482,46.802],[-113.416,46.802],[-113.416,46.832],[-113.302,46.832],[-113.266,46.826],[-113.23,46.784],[-113.172,46.754],[-113.176,46.732],[-113.116,46.714],[-113.04,46.736],[-113.036,46.268],[-113.036,46.224],[-113.284,46.222],[-113.274,46.136],[-113.276,46.046],[-113.334,46.006],[-113.378,46.018],[-113.442,45.982],[-113.482,45.94],[-113.518,45.94],[-113.574,45.938],[-113.664,45.98],[-113.69,46.036],[-113.754,46.046],[-113.804,46.04],[-113.754,46.114],[-113.794,46.152],[-113.818,46.216],[-113.78,46.228],[-113.75,46.264],[-113.786,46.286],[-113.772,46.32],[-113.782,46.362],[-113.818,46.408],[-113.858,46.42],[-113.866,46.492],[-113.804,46.63],[-113.83,46.66]]]}},{"type":"Feature","id":"42091","properties":{"n":"Montgomery","f":"42091"},"geometry":{"type":"Polygon","coordinates":[[[-75.696,40.242],[-75.528,40.448],[-75.484,40.418],[-75.108,40.192],[-75.014,40.138],[-75.112,40.046],[-75.176,40.084],[-75.222,40.094],[-75.266,40.054],[-75.204,40.012],[-75.276,39.978],[-75.36,40.066],[-75.392,40.062],[-75.42,40.098],[-75.456,40.088],[-75.46,40.124],[-75.528,40.15],[-75.556,40.208],[-75.574,40.196],[-75.6,40.238],[-75.614,40.222],[-75.696,40.242]]]}},{"type":"Feature","id":"42061","properties":{"n":"Huntingdon","f":"42061"},"geometry":{"type":"Polygon","coordinates":[[[-78.116,40.74],[-77.944,40.692],[-77.826,40.744],[-77.768,40.72],[-77.682,40.73],[-77.704,40.68],[-77.682,40.682],[-77.79,40.612],[-77.844,40.55],[-77.826,40.492],[-77.914,40.398],[-77.858,40.366],[-77.76,40.368],[-77.754,40.378],[-77.704,40.264],[-77.724,40.25],[-77.796,40.166],[-77.864,40.062],[-77.926,40.102],[-78.08,40.134],[-78.134,40.166],[-78.238,40.224],[-78.256,40.298],[-78.134,40.474],[-78.152,40.488],[-78.148,40.542],[-78.198,40.558],[-78.166,40.618],[-78.224,40.674],[-78.206,40.696],[-78.116,40.74]]]}},{"type":"Feature","id":"48157","properties":{"n":"Fort Bend","f":"48157"},"geometry":{"type":"Polygon","coordinates":[[[-96.088,29.602],[-96.026,29.604],[-96.012,29.72],[-96.034,29.728],[-95.972,29.728],[-95.826,29.788],[-95.6,29.66],[-95.424,29.58],[-95.462,29.44],[-95.55,29.438],[-95.55,29.396],[-95.568,29.39],[-95.578,29.34],[-95.654,29.292],[-95.754,29.324],[-95.796,29.308],[-95.848,29.262],[-95.876,29.266],[-95.894,29.316],[-95.948,29.334],[-95.948,29.372],[-95.972,29.412],[-96.058,29.474],[-96.022,29.502],[-96.056,29.512],[-96.04,29.54],[-96.058,29.588],[-96.088,29.602]]]}},{"type":"Feature","id":"41013","properties":{"n":"Crook","f":"41013"},"geometry":{"type":"Polygon","coordinates":[[[-121.108,44.39],[-120.99,44.39],[-120.99,44.476],[-120.828,44.476],[-120.828,44.562],[-120.388,44.564],[-120.388,44.436],[-120.02,44.44],[-120.02,44.39],[-119.898,44.39],[-119.898,44.306],[-119.654,44.306],[-119.658,43.958],[-119.776,43.958],[-119.776,43.698],[-119.898,43.698],[-120.258,43.698],[-120.258,43.786],[-120.38,43.786],[-120.38,43.872],[-120.75,43.872],[-120.75,43.958],[-120.986,43.96],[-120.986,44.134],[-121.102,44.138],[-121.108,44.218],[-121.108,44.39]]]}},{"type":"Feature","id":"37015","properties":{"n":"Bertie","f":"37015"},"geometry":{"type":"Polygon","coordinates":[[[-77.326,36.07],[-77.312,36.09],[-77.23,36.106],[-77.25,36.114],[-77.266,36.16],[-77.29,36.168],[-77.298,36.208],[-77.23,36.218],[-77.208,36.246],[-76.97,36.238],[-76.72,36.244],[-76.744,36.212],[-76.752,36.148],[-76.724,36.066],[-76.684,36],[-76.69,35.944],[-76.76,35.864],[-76.834,35.882],[-76.83,35.854],[-76.87,35.816],[-76.902,35.822],[-76.896,35.86],[-76.942,35.9],[-77.004,35.86],[-77.042,35.86],[-77.024,35.892],[-77.046,35.944],[-77.096,35.928],[-77.2,35.942],[-77.19,35.974],[-77.214,36.014],[-77.316,36.054],[-77.326,36.07]]]}},{"type":"Feature","id":"55057","properties":{"n":"Juneau","f":"55057"},"geometry":{"type":"Polygon","coordinates":[[[-90.312,44.156],[-90.312,44.248],[-89.904,44.25],[-89.924,44.214],[-89.904,44.192],[-89.924,44.152],[-89.972,44.166],[-89.978,44.122],[-90.026,44.09],[-90.008,44.008],[-89.974,43.996],[-89.954,43.924],[-89.982,43.916],[-89.96,43.864],[-89.864,43.784],[-89.82,43.692],[-89.784,43.642],[-90.312,43.642],[-90.312,43.732],[-90.312,44.156]]]}},{"type":"Feature","id":"48331","properties":{"n":"Milam","f":"48331"},"geometry":{"type":"Polygon","coordinates":[[[-97.316,30.752],[-97.258,30.89],[-97.07,30.986],[-96.83,31.11],[-96.83,31.106],[-96.794,31.066],[-96.77,31],[-96.756,30.926],[-96.73,30.9],[-96.684,30.906],[-96.694,30.864],[-96.636,30.804],[-96.648,30.78],[-96.612,30.758],[-96.622,30.732],[-96.964,30.558],[-97.154,30.458],[-97.272,30.736],[-97.316,30.752]]]}},{"type":"Feature","id":"26165","properties":{"n":"Wexford","f":"26165"},"geometry":{"type":"Polygon","coordinates":[[[-85.818,44.512],[-85.334,44.512],[-85.338,44.426],[-85.334,44.166],[-85.564,44.166],[-85.822,44.164],[-85.818,44.512]]]}},{"type":"Feature","id":"37159","properties":{"n":"Rowan","f":"37159"},"geometry":{"type":"Polygon","coordinates":[[[-80.708,35.852],[-80.632,35.846],[-80.51,35.774],[-80.47,35.768],[-80.46,35.742],[-80.374,35.718],[-80.334,35.72],[-80.33,35.678],[-80.208,35.58],[-80.184,35.504],[-80.294,35.504],[-80.736,35.506],[-80.772,35.672],[-80.708,35.852]]]}},{"type":"Feature","id":"21239","properties":{"n":"Woodford","f":"21239"},"geometry":{"type":"Polygon","coordinates":[[[-84.724,38.196],[-84.706,38.174],[-84.648,38.176],[-84.652,38.144],[-84.626,38.116],[-84.66,38.004],[-84.71,37.862],[-84.766,37.848],[-84.782,37.908],[-84.828,37.916],[-84.796,37.936],[-84.796,37.97],[-84.85,38.048],[-84.828,38.084],[-84.864,38.118],[-84.864,38.142],[-84.724,38.196]]]}},{"type":"Feature","id":"55139","properties":{"n":"Winnebago","f":"55139"},"geometry":{"type":"Polygon","coordinates":[[[-88.888,44.242],[-88.74,44.244],[-88.402,44.244],[-88.402,43.938],[-88.402,43.892],[-88.888,43.896],[-88.888,43.982],[-88.888,44.242]]]}},{"type":"Feature","id":"21047","properties":{"n":"Christian","f":"21047"},"geometry":{"type":"Polygon","coordinates":[[[-87.682,37.15],[-87.52,37.106],[-87.488,37.126],[-87.372,37.132],[-87.334,37.156],[-87.334,37.132],[-87.282,37.108],[-87.258,37.072],[-87.336,36.642],[-87.642,36.638],[-87.696,36.638],[-87.674,36.756],[-87.67,36.878],[-87.66,36.966],[-87.732,37.002],[-87.71,37.022],[-87.682,37.15]]]}},{"type":"Feature","id":"37001","properties":{"n":"Alamance","f":"37001"},"geometry":{"type":"Polygon","coordinates":[[[-79.54,35.9],[-79.534,36.242],[-79.53,36.25],[-79.258,36.244],[-79.264,35.914],[-79.25,35.876],[-79.236,35.844],[-79.54,35.844],[-79.54,35.9]]]}},{"type":"Feature","id":"21065","properties":{"n":"Estill","f":"21065"},"geometry":{"type":"Polygon","coordinates":[[[-84.082,37.852],[-84.056,37.836],[-84.002,37.838],[-83.962,37.844],[-83.962,37.8],[-83.906,37.76],[-83.83,37.766],[-83.82,37.746],[-83.776,37.756],[-83.722,37.716],[-83.748,37.716],[-83.822,37.666],[-83.834,37.636],[-83.906,37.542],[-83.966,37.582],[-84.046,37.564],[-84.092,37.566],[-84.128,37.642],[-84.088,37.668],[-84.096,37.734],[-84.074,37.802],[-84.12,37.814],[-84.082,37.852]]]}},{"type":"Feature","id":"42129","properties":{"n":"Westmoreland","f":"42129"},"geometry":{"type":"Polygon","coordinates":[[[-79.872,40.198],[-79.782,40.228],[-79.806,40.234],[-79.764,40.392],[-79.734,40.398],[-79.706,40.434],[-79.702,40.526],[-79.766,40.55],[-79.774,40.582],[-79.72,40.608],[-79.688,40.642],[-79.692,40.67],[-79.67,40.68],[-79.588,40.628],[-79.562,40.564],[-79.498,40.526],[-79.452,40.53],[-79.448,40.48],[-79.43,40.49],[-79.394,40.458],[-79.326,40.454],[-79.156,40.412],[-79.118,40.394],[-79.12,40.37],[-79.06,40.38],[-79.016,40.42],[-78.974,40.396],[-79.056,40.284],[-79.142,40.164],[-79.16,40.16],[-79.186,40.11],[-79.21,40.118],[-79.258,40.088],[-79.294,40.04],[-79.344,40.044],[-79.354,40.074],[-79.484,40.144],[-79.58,40.106],[-79.594,40.082],[-79.638,40.082],[-79.684,40.114],[-79.746,40.128],[-79.878,40.126],[-79.904,40.152],[-79.85,40.174],[-79.872,40.198]]]}},{"type":"Feature","id":"29195","properties":{"n":"Saline","f":"29195"},"geometry":{"type":"Polygon","coordinates":[[[-93.478,39.292],[-93.41,39.268],[-93.396,39.226],[-93.334,39.25],[-93.33,39.31],[-93.278,39.312],[-93.256,39.338],[-93.23,39.328],[-93.19,39.366],[-93.202,39.402],[-93.166,39.404],[-93.14,39.378],[-93.104,39.384],[-93.044,39.318],[-92.962,39.312],[-92.958,39.284],[-92.896,39.222],[-92.85,39.226],[-92.946,39.106],[-92.908,39.096],[-92.936,39.064],[-93.048,38.972],[-93.05,38.928],[-93.496,38.942],[-93.478,39.292]]]}},{"type":"Feature","id":"48029","properties":{"n":"Bexar","f":"48029"},"geometry":{"type":"Polygon","coordinates":[[[-98.808,29.69],[-98.78,29.72],[-98.74,29.716],[-98.7,29.738],[-98.646,29.744],[-98.582,29.742],[-98.542,29.752],[-98.478,29.734],[-98.416,29.746],[-98.338,29.722],[-98.382,29.704],[-98.382,29.674],[-98.346,29.654],[-98.346,29.62],[-98.31,29.594],[-98.298,29.562],[-98.238,29.556],[-98.22,29.524],[-98.17,29.496],[-98.166,29.478],[-98.122,29.478],[-98.134,29.442],[-98.14,29.438],[-98.406,29.114],[-98.804,29.25],[-98.804,29.522],[-98.808,29.69]]]}},{"type":"Feature","id":"51019","properties":{"n":"Bedford","f":"51019"},"geometry":{"type":"Polygon","coordinates":[[[-79.846,37.31],[-79.788,37.35],[-79.778,37.382],[-79.814,37.404],[-79.756,37.426],[-79.692,37.476],[-79.66,37.484],[-79.634,37.456],[-79.588,37.45],[-79.566,37.488],[-79.498,37.534],[-79.434,37.572],[-79.458,37.606],[-79.436,37.618],[-79.38,37.59],[-79.368,37.552],[-79.336,37.516],[-79.296,37.502],[-79.224,37.506],[-79.186,37.466],[-79.21,37.468],[-79.268,37.43],[-79.232,37.394],[-79.258,37.356],[-79.444,37.056],[-79.49,37.058],[-79.462,37.022],[-79.48,37.006],[-79.54,37.046],[-79.594,37.042],[-79.678,37.156],[-79.706,37.152],[-79.724,37.192],[-79.846,37.226],[-79.856,37.266],[-79.846,37.31]]]}},{"type":"Feature","id":"39015","properties":{"n":"Brown","f":"39015"},"geometry":{"type":"Polygon","coordinates":[[[-84.052,38.772],[-83.992,39.254],[-83.866,39.246],[-83.874,39.02],[-83.672,39.02],[-83.704,38.68],[-83.704,38.64],[-83.766,38.652],[-83.784,38.696],[-83.838,38.718],[-83.848,38.746],[-83.906,38.768],[-83.978,38.788],[-84.052,38.772]]]}},{"type":"Feature","id":"41059","properties":{"n":"Umatilla","f":"41059"},"geometry":{"type":"Polygon","coordinates":[[[-119.432,45.918],[-119.256,45.94],[-119.196,45.928],[-119.128,45.932],[-119.026,45.97],[-118.988,46],[-117.996,46],[-117.978,46],[-117.978,45.86],[-117.972,45.86],[-117.972,45.818],[-118.046,45.818],[-118.064,45.774],[-118.064,45.688],[-118.118,45.69],[-118.114,45.47],[-118.198,45.47],[-118.198,45.426],[-118.428,45.428],[-118.428,45.354],[-118.614,45.354],[-118.614,45.34],[-118.696,45.346],[-118.696,45.258],[-118.656,45.258],[-118.656,45.196],[-118.546,45.196],[-118.55,45.08],[-118.516,45.08],[-118.516,44.996],[-119.164,44.996],[-119.164,45.082],[-119.146,45.082],[-119.146,45.516],[-119.25,45.516],[-119.25,45.602],[-119.436,45.604],[-119.432,45.918]]]}},{"type":"Feature","id":"51161","properties":{"n":"Roanoke","f":"51161"},"geometry":{"type":"Polygon","coordinates":[[[-80.262,37.342],[-80.202,37.378],[-80.148,37.382],[-80.076,37.422],[-80.062,37.408],[-79.868,37.328],[-79.846,37.31],[-79.856,37.266],[-79.846,37.226],[-79.964,37.138],[-80.008,37.172],[-80.086,37.162],[-80.13,37.124],[-80.18,37.114],[-80.19,37.234],[-80.258,37.308],[-80.262,37.342]],[[-80.032,37.262],[-79.996,37.252],[-79.954,37.212],[-79.9,37.258],[-79.886,37.31],[-79.918,37.328],[-79.976,37.336],[-80.022,37.308],[-80.032,37.324],[-80.118,37.288],[-80.076,37.258],[-80.032,37.262]]]}},{"type":"Feature","id":"51630","properties":{"n":"Fredericksburg","f":"51630"},"geometry":{"type":"Polygon","coordinates":[[[-77.448,38.284],[-77.512,38.28],[-77.53,38.308],[-77.502,38.326],[-77.466,38.318],[-77.448,38.284]]]}},{"type":"Feature","id":"53063","properties":{"n":"Spokane","f":"53063"},"geometry":{"type":"Polygon","coordinates":[[[-117.82,47.826],[-117.792,47.812],[-117.666,47.88],[-117.66,47.844],[-117.602,47.804],[-117.534,47.794],[-117.534,48.048],[-117.436,48.048],[-117.042,48.046],[-117.042,47.978],[-117.042,47.366],[-117.042,47.26],[-117.824,47.26],[-117.82,47.826]]]}},{"type":"Feature","id":"04001","properties":{"n":"Apache","f":"04001"},"geometry":{"type":"Polygon","coordinates":[[[-110,36.998],[-109.626,36.998],[-109.044,36.998],[-109.044,36.004],[-109.044,35.546],[-109.048,35.342],[-109.044,35.316],[-109.044,34.96],[-109.044,34.58],[-109.048,34],[-109.044,33.876],[-109.048,33.778],[-109.346,33.778],[-109.354,33.724],[-109.444,33.712],[-109.48,33.692],[-109.498,33.652],[-109.53,33.622],[-109.602,33.614],[-109.622,33.584],[-109.662,33.584],[-109.684,33.544],[-109.73,33.522],[-109.748,33.486],[-109.812,33.484],[-109.834,33.536],[-109.892,33.568],[-109.892,33.778],[-109.86,33.778],[-109.86,34.126],[-109.848,34.126],[-109.848,34.488],[-109.866,34.56],[-109.848,34.648],[-109.852,34.822],[-109.846,34.822],[-109.842,35.17],[-109.846,35.518],[-109.828,35.518],[-109.828,35.662],[-110,35.662],[-110,36.998]]]}},{"type":"Feature","id":"13145","properties":{"n":"Harris","f":"13145"},"geometry":{"type":"Polygon","coordinates":[[[-85.186,32.87],[-84.86,32.868],[-84.86,32.872],[-84.752,32.87],[-84.702,32.844],[-84.692,32.83],[-84.696,32.584],[-84.906,32.584],[-84.906,32.608],[-85.082,32.608],[-85.104,32.646],[-85.13,32.752],[-85.122,32.774],[-85.168,32.812],[-85.154,32.842],[-85.186,32.87]]]}},{"type":"Feature","id":"12077","properties":{"n":"Liberty","f":"12077"},"geometry":{"type":"Polygon","coordinates":[[[-85.116,30.2],[-85.082,30.228],[-85.014,30.408],[-85.032,30.42],[-84.982,30.442],[-85,30.456],[-84.99,30.524],[-84.932,30.606],[-84.882,30.606],[-84.882,30.534],[-84.818,30.534],[-84.782,30.518],[-84.782,30.46],[-84.714,30.46],[-84.714,30.418],[-84.68,30.418],[-84.68,30.388],[-84.644,30.388],[-84.716,30.334],[-84.714,30.3],[-84.738,30.266],[-84.698,30.244],[-84.67,30.182],[-84.67,30.128],[-84.626,30.062],[-84.59,30.03],[-84.544,30.012],[-85.008,30.014],[-85.026,29.972],[-85.028,29.988],[-85.116,30.024],[-85.136,30.042],[-85.136,30.086],[-85.154,30.092],[-85.116,30.2]]]}},{"type":"Feature","id":"39007","properties":{"n":"Ashtabula","f":"39007"},"geometry":{"type":"Polygon","coordinates":[[[-81.002,41.856],[-80.902,41.868],[-80.816,41.898],[-80.582,41.958],[-80.52,41.978],[-80.52,41.85],[-80.52,41.5],[-81.002,41.502],[-81.006,41.716],[-81.002,41.856]]]}},{"type":"Feature","id":"29183","properties":{"n":"St. Charles","f":"29183"},"geometry":{"type":"Polygon","coordinates":[[[-90.958,38.87],[-90.94,38.886],[-90.94,38.886],[-90.934,38.886],[-90.934,38.886],[-90.926,38.888],[-90.926,38.888],[-90.808,38.878],[-90.804,38.912],[-90.726,38.926],[-90.682,38.916],[-90.664,38.934],[-90.628,38.892],[-90.586,38.868],[-90.546,38.874],[-90.506,38.902],[-90.474,38.96],[-90.452,38.968],[-90.406,38.962],[-90.308,38.924],[-90.276,38.924],[-90.252,38.92],[-90.114,38.85],[-90.118,38.806],[-90.14,38.83],[-90.184,38.818],[-90.254,38.852],[-90.298,38.888],[-90.33,38.886],[-90.362,38.828],[-90.442,38.828],[-90.492,38.752],[-90.532,38.732],[-90.538,38.686],[-90.664,38.688],[-90.732,38.64],[-90.776,38.594],[-90.894,38.54],[-90.966,38.548],[-90.958,38.87]]]}},{"type":"Feature","id":"20035","properties":{"n":"Cowley","f":"20035"},"geometry":{"type":"Polygon","coordinates":[[[-97.154,37.476],[-96.526,37.476],[-96.526,37.302],[-96.526,36.998],[-96.752,36.998],[-97.146,36.998],[-97.154,37.476]]]}},{"type":"Feature","id":"29181","properties":{"n":"Ripley","f":"29181"},"geometry":{"type":"Polygon","coordinates":[[[-91.116,36.824],[-90.898,36.814],[-90.664,36.812],[-90.628,36.81],[-90.628,36.68],[-90.592,36.68],[-90.592,36.592],[-90.574,36.592],[-90.578,36.498],[-90.786,36.498],[-91.128,36.498],[-91.116,36.824]]]}},{"type":"Feature","id":"53075","properties":{"n":"Whitman","f":"53075"},"geometry":{"type":"Polygon","coordinates":[[[-118.212,46.738],[-118.162,46.748],[-118.098,46.78],[-118.046,46.768],[-118.014,46.786],[-118.004,46.848],[-117.972,46.868],[-117.96,47.26],[-117.824,47.26],[-117.042,47.26],[-117.038,47.128],[-117.038,46.542],[-117.038,46.426],[-117.084,46.418],[-117.154,46.43],[-117.206,46.424],[-117.228,46.462],[-117.254,46.546],[-117.336,46.582],[-117.39,46.626],[-117.394,46.654],[-117.43,46.658],[-117.466,46.7],[-117.516,46.676],[-117.598,46.672],[-117.648,46.7],[-117.742,46.694],[-117.8,46.626],[-117.852,46.624],[-117.882,46.592],[-117.954,46.592],[-118.094,46.574],[-118.166,46.554],[-118.216,46.59],[-118.202,46.624],[-118.23,46.658],[-118.22,46.68],[-118.248,46.734],[-118.212,46.738]]]}},{"type":"Feature","id":"53019","properties":{"n":"Ferry","f":"53019"},"geometry":{"type":"Polygon","coordinates":[[[-118.836,49],[-118.198,49],[-118.222,48.938],[-118.212,48.89],[-118.132,48.756],[-118.104,48.652],[-118.15,48.52],[-118.18,48.516],[-118.204,48.474],[-118.202,48.406],[-118.172,48.318],[-118.14,48.27],[-118.19,48.216],[-118.202,48.14],[-118.252,48.132],[-118.234,48.064],[-118.284,48.042],[-118.356,48.05],[-118.402,48.03],[-118.352,47.974],[-118.342,47.894],[-118.356,47.842],[-118.392,47.83],[-118.446,47.846],[-118.466,47.882],[-118.546,47.884],[-118.534,47.914],[-118.57,47.932],[-118.654,47.926],[-118.69,47.942],[-118.728,47.9],[-118.812,47.92],[-118.85,47.958],[-118.848,47.964],[-118.844,48.482],[-118.868,48.482],[-118.868,48.654],[-118.836,48.654],[-118.836,49]]]}},{"type":"Feature","id":"13273","properties":{"n":"Terrell","f":"13273"},"geometry":{"type":"Polygon","coordinates":[[[-84.598,31.92],[-84.454,31.92],[-84.444,31.968],[-84.34,31.874],[-84.294,31.866],[-84.26,31.828],[-84.26,31.792],[-84.286,31.792],[-84.296,31.698],[-84.296,31.622],[-84.45,31.622],[-84.548,31.622],[-84.538,31.676],[-84.57,31.762],[-84.602,31.772],[-84.598,31.92]]]}},{"type":"Feature","id":"13221","properties":{"n":"Oglethorpe","f":"13221"},"geometry":{"type":"Polygon","coordinates":[[[-83.278,33.848],[-83.242,33.904],[-83.274,33.942],[-83.26,33.998],[-83.22,34],[-83.122,34.048],[-83.048,34.016],[-82.976,34.044],[-82.944,34.016],[-82.864,33.984],[-82.778,33.972],[-82.792,33.95],[-82.876,33.922],[-82.922,33.858],[-82.944,33.848],[-82.986,33.78],[-82.95,33.734],[-82.998,33.694],[-83.048,33.716],[-83.12,33.7],[-83.28,33.762],[-83.306,33.812],[-83.278,33.848]]]}},{"type":"Feature","id":"30009","properties":{"n":"Carbon","f":"30009"},"geometry":{"type":"Polygon","coordinates":[[[-109.798,45.168],[-109.688,45.168],[-109.688,45.262],[-109.608,45.262],[-109.608,45.306],[-109.586,45.334],[-109.5,45.392],[-109.48,45.42],[-109.44,45.42],[-109.418,45.45],[-109.358,45.464],[-109.192,45.464],[-109.192,45.524],[-109.128,45.524],[-109.128,45.588],[-109.07,45.584],[-108.974,45.616],[-108.934,45.604],[-108.844,45.61],[-108.782,45.638],[-108.8,45.552],[-108.762,45.552],[-108.762,45.524],[-108.7,45.522],[-108.696,45.464],[-108.646,45.464],[-108.676,45.438],[-108.7,45.33],[-108.7,45.226],[-108.69,45.218],[-108.104,45.22],[-108.13,45.216],[-108.186,45.1],[-108.24,45.056],[-108.248,45],[-108.622,45],[-109.062,45],[-109.102,45.006],[-109.798,45.002],[-109.798,45.168]]]}},{"type":"Feature","id":"21081","properties":{"n":"Grant","f":"21081"},"geometry":{"type":"Polygon","coordinates":[[[-84.66,38.778],[-84.616,38.802],[-84.534,38.792],[-84.476,38.542],[-84.486,38.508],[-84.558,38.492],[-84.58,38.472],[-84.626,38.484],[-84.68,38.56],[-84.774,38.618],[-84.784,38.72],[-84.782,38.764],[-84.66,38.778]]]}},{"type":"Feature","id":"39043","properties":{"n":"Erie","f":"39043"},"geometry":{"type":"MultiPolygon","coordinates":[[[[-82.736,41.604],[-82.678,41.618],[-82.686,41.588],[-82.736,41.604]]],[[[-82.95,41.458],[-82.818,41.484],[-82.738,41.478],[-82.696,41.494],[-82.616,41.428],[-82.56,41.4],[-82.48,41.382],[-82.348,41.428],[-82.344,41.284],[-82.842,41.29],[-82.846,41.43],[-82.954,41.43],[-82.95,41.458]]]]}},{"type":"Feature","id":"21167","properties":{"n":"Mercer","f":"21167"},"geometry":{"type":"Polygon","coordinates":[[[-85.028,37.892],[-84.986,37.906],[-84.976,37.936],[-84.94,37.954],[-84.886,37.94],[-84.796,37.97],[-84.796,37.936],[-84.828,37.916],[-84.782,37.908],[-84.766,37.848],[-84.71,37.862],[-84.716,37.816],[-84.696,37.764],[-84.706,37.732],[-84.746,37.714],[-85.026,37.68],[-85,37.854],[-85.028,37.892]]]}},{"type":"Feature","id":"27027","properties":{"n":"Clay","f":"27027"},"geometry":{"type":"Polygon","coordinates":[[[-96.83,47.15],[-96.196,47.152],[-96.196,46.978],[-96.174,46.978],[-96.174,46.718],[-96.174,46.63],[-96.282,46.63],[-96.784,46.63],[-96.79,46.634],[-96.798,46.664],[-96.78,46.724],[-96.802,46.82],[-96.784,46.834],[-96.762,46.934],[-96.784,46.926],[-96.824,46.97],[-96.82,47.116],[-96.83,47.15]]]}},{"type":"Feature","id":"21173","properties":{"n":"Montgomery","f":"21173"},"geometry":{"type":"Polygon","coordinates":[[[-83.978,38.192],[-83.974,38.158],[-83.88,38.136],[-83.82,38.082],[-83.802,38.042],[-83.758,37.998],[-83.776,37.988],[-83.77,37.918],[-83.816,37.9],[-83.88,37.906],[-83.966,37.93],[-84.082,38.116],[-83.978,38.192]]]}},{"type":"Feature","id":"37123","properties":{"n":"Montgomery","f":"37123"},"geometry":{"type":"Polygon","coordinates":[[[-80.184,35.504],[-80.068,35.506],[-79.766,35.512],[-79.764,35.476],[-79.71,35.302],[-79.706,35.264],[-79.674,35.246],[-79.656,35.19],[-79.612,35.164],[-79.674,35.174],[-79.75,35.174],[-79.85,35.184],[-79.9,35.162],[-79.982,35.158],[-80.022,35.138],[-80.076,35.144],[-80.054,35.172],[-80.098,35.254],[-80.082,35.322],[-80.05,35.372],[-80.094,35.402],[-80.108,35.46],[-80.162,35.474],[-80.184,35.504]]]}},{"type":"Feature","id":"27053","properties":{"n":"Hennepin","f":"27053"},"geometry":{"type":"Polygon","coordinates":[[[-93.522,45.246],[-93.514,45.246],[-93.424,45.212],[-93.312,45.144],[-93.278,45.104],[-93.284,45.036],[-93.226,45.036],[-93.208,45.036],[-93.202,44.908],[-93.18,44.888],[-93.212,44.84],[-93.252,44.812],[-93.33,44.792],[-93.382,44.786],[-93.438,44.812],[-93.522,44.804],[-93.524,44.892],[-93.768,44.89],[-93.768,44.978],[-93.762,45.082],[-93.736,45.082],[-93.7,45.136],[-93.64,45.166],[-93.64,45.21],[-93.572,45.218],[-93.522,45.246]]]}},{"type":"Feature","id":"21233","properties":{"n":"Webster","f":"21233"},"geometry":{"type":"Polygon","coordinates":[[[-87.932,37.48],[-87.804,37.58],[-87.736,37.638],[-87.494,37.648],[-87.484,37.6],[-87.398,37.588],[-87.376,37.57],[-87.498,37.488],[-87.596,37.462],[-87.814,37.35],[-87.8,37.38],[-87.842,37.376],[-87.846,37.42],[-87.904,37.398],[-87.94,37.426],[-87.932,37.48]]]}},{"type":"Feature","id":"20011","properties":{"n":"Bourbon","f":"20011"},"geometry":{"type":"Polygon","coordinates":[[[-95.09,37.732],[-95.078,37.82],[-95.078,38.038],[-94.612,38.038],[-94.62,37.674],[-95.09,37.674],[-95.09,37.732]]]}},{"type":"Feature","id":"37179","properties":{"n":"Union","f":"37179"},"geometry":{"type":"Polygon","coordinates":[[[-80.84,35.002],[-80.768,35.036],[-80.55,35.208],[-80.506,35.186],[-80.466,35.166],[-80.356,35.164],[-80.276,35.196],[-80.32,34.814],[-80.56,34.818],[-80.798,34.82],[-80.782,34.936],[-80.84,35.002]]]}},{"type":"Feature","id":"51810","properties":{"n":"Virginia Beach","f":"51810"},"geometry":{"type":"Polygon","coordinates":[[[-76.224,36.84],[-76.196,36.828],[-76.184,36.93],[-76.096,36.908],[-76.034,36.932],[-75.994,36.922],[-75.966,36.812],[-75.922,36.692],[-75.89,36.632],[-75.866,36.55],[-76.124,36.55],[-76.12,36.666],[-76.07,36.678],[-76.08,36.712],[-76.142,36.758],[-76.202,36.77],[-76.224,36.84]]]}},{"type":"Feature","id":"55009","properties":{"n":"Brown","f":"55009"},"geometry":{"type":"Polygon","coordinates":[[[-88.242,44.68],[-88.23,44.672],[-87.99,44.678],[-87.998,44.61],[-88.044,44.566],[-87.972,44.53],[-87.93,44.536],[-87.904,44.582],[-87.81,44.636],[-87.764,44.644],[-87.768,44.328],[-87.886,44.328],[-87.89,44.24],[-88.044,44.24],[-88.192,44.242],[-88.192,44.586],[-88.244,44.586],[-88.242,44.68]]]}},{"type":"Feature","id":"08043","properties":{"n":"Fremont","f":"08043"},"geometry":{"type":"Polygon","coordinates":[[[-106.012,38.446],[-105.936,38.504],[-105.908,38.506],[-105.904,38.548],[-105.88,38.602],[-105.914,38.63],[-105.926,38.68],[-105.968,38.694],[-105.33,38.698],[-105.236,38.698],[-105.24,38.648],[-104.942,38.65],[-104.942,38.52],[-104.938,38.258],[-105.05,38.258],[-105.796,38.266],[-105.858,38.298],[-105.89,38.34],[-106.012,38.446]]]}},{"type":"Feature","id":"31181","properties":{"n":"Webster","f":"31181"},"geometry":{"type":"Polygon","coordinates":[[[-98.726,40.35],[-98.276,40.35],[-98.274,40.35],[-98.274,40.002],[-98.504,40.002],[-98.726,40.002],[-98.726,40.35]]]}},{"type":"Feature","id":"37029","properties":{"n":"Camden","f":"37029"},"geometry":{"type":"Polygon","coordinates":[[[-76.49,36.55],[-76.314,36.55],[-76.16,36.424],[-76.156,36.398],[-76.114,36.358],[-76.052,36.36],[-76.016,36.344],[-75.994,36.308],[-75.948,36.284],[-75.958,36.256],[-75.956,36.198],[-75.904,36.164],[-76.016,36.186],[-76.132,36.288],[-76.184,36.292],[-76.218,36.3],[-76.182,36.322],[-76.214,36.326],[-76.238,36.372],[-76.292,36.386],[-76.324,36.418],[-76.436,36.468],[-76.49,36.51],[-76.54,36.55],[-76.49,36.55]]]}},{"type":"Feature","id":"48251","properties":{"n":"Johnson","f":"48251"},"geometry":{"type":"Polygon","coordinates":[[[-97.616,32.556],[-97.552,32.556],[-97.086,32.55],[-97.086,32.266],[-97.476,32.182],[-97.476,32.174],[-97.512,32.162],[-97.516,32.134],[-97.566,32.15],[-97.57,32.176],[-97.616,32.204],[-97.616,32.318],[-97.616,32.556]]]}},{"type":"Feature","id":"08077","properties":{"n":"Mesa","f":"08077"},"geometry":{"type":"Polygon","coordinates":[[[-109.052,39.366],[-108.41,39.366],[-107.43,39.366],[-107.466,39.314],[-107.38,39.27],[-107.394,39.256],[-107.43,39.258],[-107.452,39.23],[-107.502,39.218],[-107.638,39.142],[-107.688,39.088],[-107.768,39.044],[-107.856,39.08],[-107.908,39.06],[-107.982,39.06],[-108.094,38.98],[-108.086,38.968],[-108.14,38.906],[-108.378,38.83],[-108.378,38.668],[-108.38,38.5],[-109.06,38.5],[-109.06,38.72],[-109.052,38.906],[-109.052,39.366]]]}},{"type":"Feature","id":"30013","properties":{"n":"Cascade","f":"30013"},"geometry":{"type":"Polygon","coordinates":[[[-112.05,47.516],[-111.924,47.506],[-111.924,47.612],[-111.666,47.612],[-111.666,47.698],[-111.41,47.698],[-110.976,47.698],[-111.052,47.598],[-110.936,47.548],[-110.89,47.552],[-110.864,47.524],[-110.768,47.526],[-110.768,47.446],[-110.642,47.446],[-110.638,47.416],[-110.638,47.36],[-110.768,47.36],[-110.768,47.298],[-110.79,47.308],[-110.79,47.25],[-110.768,47.234],[-110.772,47.096],[-110.646,47.096],[-110.634,46.838],[-110.652,46.824],[-110.696,46.846],[-110.754,46.844],[-110.764,46.882],[-110.858,46.922],[-110.912,46.98],[-110.998,47.006],[-111.072,47.006],[-111.106,47.03],[-111.076,47.046],[-111.08,47.088],[-111.158,47.088],[-111.158,47.012],[-111.284,47.012],[-111.284,47],[-111.54,47],[-111.54,46.914],[-111.658,46.914],[-111.79,46.914],[-111.79,47.128],[-111.874,47.128],[-111.942,47.144],[-111.978,47.184],[-112.046,47.194],[-112.05,47.516]]]}},{"type":"Feature","id":"20015","properties":{"n":"Butler","f":"20015"},"geometry":{"type":"Polygon","coordinates":[[[-97.154,37.912],[-97.154,38.088],[-96.842,38.086],[-96.522,38.086],[-96.526,37.606],[-96.526,37.476],[-97.154,37.476],[-97.154,37.912]]]}},{"type":"Feature","id":"48121","properties":{"n":"Denton","f":"48121"},"geometry":{"type":"Polygon","coordinates":[[[-97.384,33.43],[-96.946,33.416],[-96.834,33.406],[-96.844,32.988],[-97.032,32.99],[-97.398,32.992],[-97.394,33.184],[-97.384,33.43]]]}},{"type":"Feature","id":"51125","properties":{"n":"Nelson","f":"51125"},"geometry":{"type":"Polygon","coordinates":[[[-79.156,37.892],[-79.064,37.918],[-79.046,37.89],[-79.006,37.882],[-78.942,37.94],[-78.906,37.946],[-78.874,38.028],[-78.838,38.048],[-78.668,37.76],[-78.686,37.738],[-78.644,37.734],[-78.64,37.686],[-78.718,37.662],[-78.74,37.632],[-78.802,37.642],[-78.826,37.552],[-78.87,37.542],[-78.898,37.544],[-78.984,37.696],[-79.068,37.72],[-79.07,37.778],[-79.11,37.784],[-79.138,37.814],[-79.172,37.802],[-79.146,37.856],[-79.156,37.892]]]}},{"type":"Feature","id":"34015","properties":{"n":"Gloucester","f":"34015"},"geometry":{"type":"Polygon","coordinates":[[[-75.416,39.802],[-75.356,39.84],[-75.27,39.85],[-75.212,39.866],[-75.14,39.888],[-75.082,39.84],[-75.09,39.814],[-74.986,39.706],[-74.942,39.698],[-74.878,39.608],[-74.986,39.514],[-75.062,39.57],[-75.202,39.668],[-75.328,39.69],[-75.378,39.726],[-75.414,39.794],[-75.416,39.802]]]}},{"type":"Feature","id":"27003","properties":{"n":"Anoka","f":"27003"},"geometry":{"type":"Polygon","coordinates":[[[-93.51,45.414],[-93.094,45.414],[-93.018,45.412],[-93.018,45.298],[-93.022,45.124],[-93.226,45.124],[-93.226,45.036],[-93.284,45.036],[-93.278,45.104],[-93.312,45.144],[-93.424,45.212],[-93.514,45.246],[-93.51,45.414]]]}},{"type":"Feature","id":"42043","properties":{"n":"Dauphin","f":"42043"},"geometry":{"type":"Polygon","coordinates":[[[-76.95,40.628],[-76.918,40.604],[-76.748,40.654],[-76.702,40.658],[-76.536,40.556],[-76.676,40.474],[-76.626,40.34],[-76.566,40.198],[-76.604,40.19],[-76.676,40.15],[-76.698,40.156],[-76.724,40.12],[-76.756,40.178],[-76.86,40.226],[-76.924,40.29],[-76.914,40.328],[-76.938,40.358],[-77.006,40.358],[-77.028,40.392],[-76.952,40.462],[-76.95,40.484],[-76.986,40.516],[-76.992,40.568],[-76.964,40.588],[-76.95,40.628]]]}},{"type":"Feature","id":"51580","properties":{"n":"Covington","f":"51580"},"geometry":{"type":"Polygon","coordinates":[[[-80.008,37.76],[-79.986,37.814],[-79.968,37.804],[-79.994,37.748],[-80.008,37.76]]]}},{"type":"Feature","id":"55049","properties":{"n":"Iowa","f":"55049"},"geometry":{"type":"Polygon","coordinates":[[[-90.43,43.202],[-90.352,43.21],[-90.262,43.198],[-90.194,43.164],[-90.082,43.16],[-89.996,43.196],[-89.904,43.188],[-89.838,43.206],[-89.838,42.858],[-89.838,42.814],[-90.428,42.812],[-90.43,43.202]]]}},{"type":"Feature","id":"48019","properties":{"n":"Bandera","f":"48019"},"geometry":{"type":"Polygon","coordinates":[[[-99.602,29.908],[-99.278,29.904],[-99.178,29.896],[-98.92,29.782],[-98.78,29.72],[-98.808,29.69],[-98.926,29.562],[-98.984,29.564],[-98.976,29.614],[-99.002,29.622],[-99.412,29.628],[-99.602,29.628],[-99.602,29.908]]]}},{"type":"Feature","id":"12059","properties":{"n":"Holmes","f":"12059"},"geometry":{"type":"Polygon","coordinates":[[[-86.034,30.994],[-85.5,30.996],[-85.528,30.974],[-85.596,30.86],[-85.6,30.83],[-85.622,30.77],[-85.618,30.744],[-85.736,30.746],[-85.75,30.79],[-85.822,30.792],[-85.822,30.738],[-85.844,30.702],[-86.038,30.704],[-86.034,30.994]]]}},{"type":"Feature","id":"41055","properties":{"n":"Sherman","f":"41055"},"geometry":{"type":"Polygon","coordinates":[[[-120.914,45.64],[-120.858,45.672],[-120.688,45.716],[-120.652,45.738],[-120.548,45.67],[-120.488,45.652],[-120.466,45.62],[-120.44,45.626],[-120.408,45.594],[-120.408,45.56],[-120.366,45.496],[-120.42,45.5],[-120.412,45.47],[-120.448,45.484],[-120.492,45.468],[-120.484,45.418],[-120.526,45.402],[-120.556,45.252],[-120.53,45.206],[-120.48,45.192],[-120.458,45.116],[-120.506,45.084],[-120.724,45.084],[-120.724,45.132],[-120.772,45.162],[-120.872,45.198],[-120.986,45.198],[-121.022,45.222],[-121.022,45.292],[-120.98,45.322],[-120.958,45.31],[-120.936,45.348],[-120.9,45.362],[-120.868,45.412],[-120.858,45.46],[-120.824,45.514],[-120.878,45.526],[-120.908,45.558],[-120.896,45.586],[-120.914,45.64]]]}},{"type":"Feature","id":"01067","properties":{"n":"Henry","f":"01067"},"geometry":{"type":"Polygon","coordinates":[[[-85.416,31.62],[-85.416,31.706],[-85.216,31.702],[-85.204,31.742],[-85.148,31.774],[-85.126,31.762],[-85.126,31.694],[-85.058,31.62],[-85.046,31.518],[-85.072,31.468],[-85.064,31.432],[-85.094,31.362],[-85.09,31.308],[-85.18,31.308],[-85.416,31.316],[-85.416,31.62]]]}},{"type":"Feature","id":"41029","properties":{"n":"Jackson","f":"41029"},"geometry":{"type":"Polygon","coordinates":[[[-123.23,42.004],[-123.23,42.702],[-123.15,42.756],[-123.01,42.752],[-122.95,42.776],[-122.796,42.778],[-122.774,42.83],[-122.738,42.824],[-122.676,42.88],[-122.558,42.924],[-122.558,42.94],[-122.462,42.94],[-122.4,42.996],[-122.282,42.996],[-122.286,42.288],[-122.29,42.008],[-122.502,42.008],[-122.634,42.004],[-123.046,42.002],[-123.148,42.01],[-123.23,42.004]]]}},{"type":"Feature","id":"08011","properties":{"n":"Bent","f":"08011"},"geometry":{"type":"Polygon","coordinates":[[[-103.398,38.266],[-102.742,38.266],[-102.742,37.824],[-102.75,37.824],[-102.75,37.644],[-103.076,37.644],[-103.406,37.644],[-103.398,37.822],[-103.398,38.266]]]}},{"type":"Feature","id":"21029","properties":{"n":"Bullitt","f":"21029"},"geometry":{"type":"Polygon","coordinates":[[[-85.936,37.998],[-85.884,38.04],[-85.71,38.088],[-85.568,38.076],[-85.428,38.118],[-85.47,38.096],[-85.518,38.012],[-85.488,37.99],[-85.534,37.966],[-85.55,37.928],[-85.586,37.912],[-85.578,37.886],[-85.682,37.814],[-85.74,37.812],[-85.818,37.858],[-85.814,37.89],[-85.854,37.946],[-85.904,37.942],[-85.908,37.992],[-85.936,37.998]]]}},{"type":"Feature","id":"39121","properties":{"n":"Noble","f":"39121"},"geometry":{"type":"Polygon","coordinates":[[[-81.694,39.842],[-81.58,39.838],[-81.58,39.898],[-81.464,39.894],[-81.462,39.924],[-81.386,39.922],[-81.386,39.95],[-81.234,39.952],[-81.238,39.868],[-81.314,39.87],[-81.318,39.708],[-81.282,39.708],[-81.282,39.606],[-81.286,39.592],[-81.396,39.602],[-81.414,39.63],[-81.472,39.646],[-81.472,39.584],[-81.586,39.588],[-81.586,39.664],[-81.644,39.666],[-81.64,39.754],[-81.698,39.756],[-81.694,39.842]]]}},{"type":"Feature","id":"21005","properties":{"n":"Anderson","f":"21005"},"geometry":{"type":"Polygon","coordinates":[[[-85.1,38.038],[-85.046,38.072],[-85.026,38.13],[-84.904,38.094],[-84.864,38.118],[-84.828,38.084],[-84.85,38.048],[-84.796,37.97],[-84.886,37.94],[-84.94,37.954],[-84.976,37.936],[-84.986,37.906],[-85.028,37.892],[-85.108,37.894],[-85.126,37.918],[-85.154,37.898],[-85.168,37.972],[-85.168,37.998],[-85.13,37.996],[-85.1,38.038]]]}},{"type":"Feature","id":"21179","properties":{"n":"Nelson","f":"21179"},"geometry":{"type":"Polygon","coordinates":[[[-85.74,37.812],[-85.682,37.814],[-85.578,37.886],[-85.586,37.912],[-85.55,37.928],[-85.534,37.966],[-85.488,37.99],[-85.398,37.94],[-85.168,37.972],[-85.154,37.898],[-85.202,37.898],[-85.204,37.846],[-85.298,37.832],[-85.308,37.794],[-85.356,37.784],[-85.352,37.758],[-85.402,37.73],[-85.448,37.686],[-85.52,37.554],[-85.552,37.554],[-85.564,37.522],[-85.624,37.552],[-85.574,37.638],[-85.6,37.64],[-85.592,37.694],[-85.64,37.696],[-85.682,37.732],[-85.728,37.774],[-85.74,37.812]]]}},{"type":"Feature","id":"45079","properties":{"n":"Richland","f":"45079"},"geometry":{"type":"Polygon","coordinates":[[[-81.318,34.24],[-81.278,34.23],[-81.178,34.174],[-81.182,34.22],[-81.096,34.214],[-80.962,34.252],[-80.826,34.268],[-80.868,34.182],[-80.85,34.174],[-80.718,34.07],[-80.618,34.1],[-80.636,34.084],[-80.6,34.04],[-80.646,34],[-80.622,33.934],[-80.632,33.852],[-80.596,33.786],[-80.622,33.742],[-80.66,33.772],[-80.686,33.756],[-80.762,33.774],[-80.83,33.778],[-80.88,33.816],[-80.916,33.814],[-80.988,33.848],[-81.012,33.88],[-81.016,33.932],[-81.056,34.002],[-81.102,34.022],[-81.138,34.068],[-81.174,34.09],[-81.274,34.098],[-81.31,34.142],[-81.3,34.166],[-81.34,34.198],[-81.318,34.24]]]}},{"type":"Feature","id":"12107","properties":{"n":"Putnam","f":"12107"},"geometry":{"type":"Polygon","coordinates":[[[-82.056,29.718],[-82.05,29.72],[-82.006,29.74],[-81.938,29.748],[-81.91,29.794],[-81.864,29.8],[-81.812,29.836],[-81.58,29.84],[-81.566,29.804],[-81.526,29.76],[-81.522,29.622],[-81.522,29.5],[-81.486,29.446],[-81.476,29.396],[-81.432,29.398],[-81.446,29.38],[-81.68,29.324],[-81.654,29.338],[-81.67,29.372],[-81.742,29.372],[-81.742,29.43],[-81.774,29.43],[-81.776,29.488],[-81.842,29.486],[-81.842,29.52],[-81.932,29.516],[-82.004,29.502],[-82.056,29.47],[-82.054,29.67],[-82.056,29.718]]]}},{"type":"Feature","id":"37013","properties":{"n":"Beaufort","f":"37013"},"geometry":{"type":"Polygon","coordinates":[[[-77.176,35.732],[-77.164,35.74],[-76.986,35.658],[-76.848,35.72],[-76.846,35.706],[-76.638,35.706],[-76.602,35.67],[-76.602,35.636],[-76.54,35.584],[-76.504,35.582],[-76.468,35.556],[-76.482,35.538],[-76.558,35.528],[-76.602,35.538],[-76.634,35.51],[-76.602,35.462],[-76.58,35.388],[-76.604,35.388],[-76.708,35.428],[-76.76,35.418],[-76.83,35.448],[-76.942,35.474],[-77.024,35.516],[-77.028,35.49],[-76.968,35.438],[-76.892,35.434],[-76.666,35.346],[-76.608,35.338],[-76.612,35.278],[-76.634,35.236],[-76.846,35.216],[-76.896,35.254],[-76.96,35.302],[-77.19,35.418],[-77.176,35.456],[-77.176,35.52],[-77.128,35.554],[-77.086,35.552],[-77.172,35.638],[-77.168,35.684],[-77.198,35.7],[-77.176,35.732]]]}},{"type":"Feature","id":"36123","properties":{"n":"Yates","f":"36123"},"geometry":{"type":"Polygon","coordinates":[[[-76.97,42.764],[-76.946,42.764],[-76.936,42.716],[-76.896,42.664],[-76.896,42.542],[-76.888,42.464],[-76.988,42.464],[-76.988,42.484],[-77.108,42.484],[-77.108,42.506],[-77.15,42.5],[-77.144,42.576],[-77.366,42.576],[-77.366,42.668],[-77.312,42.762],[-76.97,42.764]]]}},{"type":"Feature","id":"48323","properties":{"n":"Maverick","f":"48323"},"geometry":{"type":"Polygon","coordinates":[[[-100.668,29.084],[-100.112,29.086],[-100.114,28.648],[-100.114,28.198],[-100.212,28.196],[-100.222,28.236],[-100.248,28.234],[-100.294,28.284],[-100.286,28.318],[-100.348,28.404],[-100.338,28.444],[-100.37,28.476],[-100.338,28.502],[-100.38,28.512],[-100.412,28.552],[-100.398,28.586],[-100.448,28.61],[-100.444,28.638],[-100.498,28.662],[-100.514,28.706],[-100.506,28.74],[-100.534,28.762],[-100.548,28.826],[-100.57,28.826],[-100.602,28.902],[-100.632,28.902],[-100.668,29.084]]]}},{"type":"Feature","id":"27155","properties":{"n":"Traverse","f":"27155"},"geometry":{"type":"Polygon","coordinates":[[[-96.564,45.936],[-96.576,46.022],[-96.266,46.022],[-96.266,45.934],[-96.252,45.934],[-96.252,45.76],[-96.252,45.586],[-96.834,45.586],[-96.86,45.606],[-96.842,45.646],[-96.752,45.698],[-96.672,45.732],[-96.63,45.786],[-96.58,45.826],[-96.564,45.936]]]}},{"type":"Feature","id":"32001","properties":{"n":"Churchill","f":"32001"},"geometry":{"type":"Polygon","coordinates":[[[-119.224,40],[-118.244,40.002],[-117.54,40.002],[-117.468,39.922],[-117.462,39.886],[-117.486,39.826],[-117.494,39.748],[-117.466,39.676],[-117.486,39.644],[-117.462,39.632],[-117.484,39.598],[-117.486,39.546],[-117.59,39.518],[-117.588,39.502],[-117.656,39.468],[-117.644,39.426],[-117.674,39.424],[-117.696,39.386],[-117.746,39.386],[-117.764,39.352],[-117.724,39.25],[-117.72,39.214],[-117.806,39.146],[-117.774,39.094],[-117.864,39.074],[-118.754,39.074],[-118.754,39.112],[-118.794,39.112],[-118.794,39.142],[-118.83,39.156],[-118.89,39.228],[-118.93,39.242],[-118.966,39.286],[-119.026,39.316],[-119.098,39.388],[-119.12,39.388],[-119.116,39.518],[-119.092,39.518],[-119.088,39.636],[-119.076,39.636],[-119.076,39.722],[-119.164,39.654],[-119.188,39.65],[-119.17,39.68],[-119.17,39.788],[-119.21,39.81],[-119.21,39.9],[-119.228,39.9],[-119.224,40]]]}},{"type":"Feature","id":"53059","properties":{"n":"Skamania","f":"53059"},"geometry":{"type":"Polygon","coordinates":[[[-122.246,46.054],[-122.24,46.384],[-122.242,46.386],[-121.522,46.388],[-121.522,46.044],[-121.61,46.044],[-121.61,45.782],[-121.518,45.782],[-121.54,45.77],[-121.524,45.726],[-121.632,45.704],[-121.736,45.694],[-121.812,45.708],[-121.866,45.694],[-121.924,45.65],[-122.102,45.584],[-122.186,45.578],[-122.25,45.548],[-122.25,45.818],[-122.246,46.054]]]}},{"type":"Feature","id":"13315","properties":{"n":"Wilcox","f":"13315"},"geometry":{"type":"Polygon","coordinates":[[[-83.612,32.028],[-83.608,32.118],[-83.436,32.118],[-83.418,32.134],[-83.36,32.124],[-83.338,32.106],[-83.296,32.078],[-83.306,32.05],[-83.262,31.952],[-83.228,31.936],[-83.206,31.9],[-83.176,31.848],[-83.21,31.844],[-83.482,31.846],[-83.612,31.854],[-83.612,32.028]]]}},{"type":"Feature","id":"21025","properties":{"n":"Breathitt","f":"21025"},"geometry":{"type":"Polygon","coordinates":[[[-83.578,37.506],[-83.522,37.638],[-83.496,37.62],[-83.46,37.63],[-83.418,37.69],[-83.392,37.7],[-83.332,37.674],[-83.248,37.67],[-83.174,37.642],[-83.134,37.606],[-83.09,37.632],[-83.04,37.584],[-83.012,37.584],[-83.018,37.55],[-82.948,37.504],[-83.03,37.506],[-83.062,37.526],[-83.134,37.458],[-83.122,37.406],[-83.198,37.414],[-83.216,37.444],[-83.27,37.4],[-83.332,37.38],[-83.382,37.338],[-83.402,37.338],[-83.45,37.378],[-83.546,37.334],[-83.55,37.394],[-83.536,37.418],[-83.578,37.506]]]}},{"type":"Feature","id":"29217","properties":{"n":"Vernon","f":"29217"},"geometry":{"type":"Polygon","coordinates":[[[-94.612,38.038],[-94.612,38.06],[-94.24,38.052],[-94.24,38.026],[-94.156,38.058],[-94.11,38.038],[-94.06,38.036],[-94.066,37.9],[-94.074,37.756],[-94.074,37.64],[-94.616,37.654],[-94.62,37.674],[-94.612,38.038]]]}},{"type":"Feature","id":"01053","properties":{"n":"Escambia","f":"01053"},"geometry":{"type":"Polygon","coordinates":[[[-87.616,31.244],[-87.56,31.228],[-87.488,31.26],[-87.426,31.26],[-86.766,31.262],[-86.766,31.182],[-86.702,31.192],[-86.702,31],[-86.688,30.994],[-86.784,30.998],[-87.164,31],[-87.598,30.998],[-87.616,30.998],[-87.616,31.244]]]}},{"type":"Feature","id":"12083","properties":{"n":"Marion","f":"12083"},"geometry":{"type":"Polygon","coordinates":[[[-82.406,29.486],[-82.212,29.484],[-82.212,29.43],[-82.194,29.42],[-82.136,29.434],[-82.056,29.44],[-82.056,29.47],[-82.004,29.502],[-81.932,29.516],[-81.842,29.52],[-81.842,29.486],[-81.776,29.488],[-81.774,29.43],[-81.742,29.43],[-81.742,29.372],[-81.67,29.372],[-81.654,29.338],[-81.68,29.324],[-81.64,29.276],[-81.636,29.048],[-81.658,29.048],[-81.658,28.96],[-81.952,28.96],[-82.312,28.96],[-82.34,28.988],[-82.42,29.012],[-82.458,29.048],[-82.534,29.044],[-82.534,29.214],[-82.402,29.216],[-82.406,29.486]]]}},{"type":"Feature","id":"53003","properties":{"n":"Asotin","f":"53003"},"geometry":{"type":"Polygon","coordinates":[[[-117.228,46.462],[-117.206,46.424],[-117.154,46.43],[-117.084,46.418],[-117.038,46.426],[-117.052,46.344],[-116.992,46.3],[-116.962,46.254],[-116.962,46.2],[-116.92,46.164],[-116.98,46.086],[-116.956,46.076],[-116.916,45.996],[-117.48,45.998],[-117.48,46.122],[-117.418,46.122],[-117.418,46.384],[-117.354,46.398],[-117.358,46.412],[-117.228,46.412],[-117.228,46.462]]]}},{"type":"Feature","id":"29023","properties":{"n":"Butler","f":"29023"},"geometry":{"type":"Polygon","coordinates":[[[-90.678,36.926],[-90.352,36.926],[-90.258,36.922],[-90.258,36.88],[-90.216,36.842],[-90.198,36.804],[-90.204,36.772],[-90.14,36.696],[-90.148,36.63],[-90.186,36.588],[-90.19,36.544],[-90.218,36.498],[-90.578,36.498],[-90.574,36.592],[-90.592,36.592],[-90.592,36.68],[-90.628,36.68],[-90.628,36.81],[-90.664,36.812],[-90.66,36.882],[-90.678,36.926]]]}},{"type":"Feature","id":"29031","properties":{"n":"Cape Girardeau","f":"29031"},"geometry":{"type":"Polygon","coordinates":[[[-89.86,37.6],[-89.802,37.602],[-89.748,37.59],[-89.728,37.6],[-89.626,37.588],[-89.602,37.602],[-89.59,37.574],[-89.522,37.566],[-89.516,37.536],[-89.422,37.398],[-89.436,37.344],[-89.486,37.334],[-89.52,37.286],[-89.49,37.252],[-89.62,37.234],[-89.62,37.218],[-89.688,37.198],[-89.72,37.14],[-89.766,37.126],[-89.868,37.126],[-89.864,37.218],[-89.86,37.6]]]}},{"type":"Feature","id":"51105","properties":{"n":"Lee","f":"51105"},"geometry":{"type":"Polygon","coordinates":[[[-83.46,36.664],[-83.432,36.666],[-83.314,36.71],[-83.194,36.74],[-83.138,36.742],[-83.13,36.786],[-83.072,36.854],[-82.968,36.858],[-82.878,36.894],[-82.836,36.848],[-82.772,36.8],[-82.828,36.748],[-82.826,36.734],[-82.948,36.676],[-82.986,36.594],[-83.26,36.594],[-83.278,36.598],[-83.472,36.598],[-83.676,36.602],[-83.646,36.624],[-83.528,36.666],[-83.46,36.664]]]}},{"type":"Feature","id":"01043","properties":{"n":"Cullman","f":"01043"},"geometry":{"type":"Polygon","coordinates":[[[-87.15,33.992],[-87.11,33.992],[-87.11,34.3],[-87.11,34.314],[-86.584,34.304],[-86.478,34.304],[-86.454,34.26],[-86.518,34.252],[-86.6,34.12],[-86.654,34.108],[-86.67,34.084],[-86.67,34.084],[-86.706,34.082],[-86.702,34.04],[-86.792,33.952],[-86.82,33.958],[-86.884,33.918],[-86.924,33.91],[-86.92,33.874],[-86.964,33.858],[-87.006,33.866],[-87.006,33.888],[-87.092,33.89],[-87.082,33.906],[-87.11,33.96],[-87.15,33.992]]]}},{"type":"Feature","id":"31091","properties":{"n":"Hooker","f":"31091"},"geometry":{"type":"Polygon","coordinates":[[[-101.424,42.092],[-100.846,42.088],[-100.844,41.74],[-101.406,41.744],[-101.424,41.744],[-101.424,42.092]]]}},{"type":"Feature","id":"42015","properties":{"n":"Bradford","f":"42015"},"geometry":{"type":"Polygon","coordinates":[[[-76.558,42],[-76.146,41.998],[-76.12,41.738],[-76.116,41.652],[-76.2,41.648],[-76.22,41.542],[-76.812,41.59],[-76.874,41.598],[-76.9,41.81],[-76.928,42.002],[-76.558,42]]]}},{"type":"Feature","id":"21185","properties":{"n":"Oldham","f":"21185"},"geometry":{"type":"Polygon","coordinates":[[[-85.64,38.38],[-85.606,38.44],[-85.5,38.468],[-85.474,38.506],[-85.434,38.524],[-85.378,38.518],[-85.312,38.492],[-85.344,38.46],[-85.326,38.404],[-85.284,38.358],[-85.324,38.31],[-85.388,38.308],[-85.466,38.286],[-85.64,38.38]]]}},{"type":"Feature","id":"55117","properties":{"n":"Sheboygan","f":"55117"},"geometry":{"type":"Polygon","coordinates":[[[-88.162,43.892],[-88.04,43.892],[-87.732,43.892],[-87.728,43.81],[-87.7,43.768],[-87.706,43.68],[-87.782,43.578],[-87.792,43.544],[-88.04,43.542],[-88.162,43.544],[-88.162,43.892]]]}},{"type":"Feature","id":"27145","properties":{"n":"Stearns","f":"27145"},"geometry":{"type":"Polygon","coordinates":[[[-95.14,45.758],[-95.14,45.774],[-94.644,45.774],[-94.272,45.774],[-94.2,45.668],[-94.204,45.62],[-94.15,45.56],[-94.142,45.494],[-94.048,45.422],[-94.082,45.366],[-94.164,45.302],[-94.188,45.318],[-94.256,45.306],[-94.26,45.284],[-94.382,45.282],[-94.382,45.326],[-94.764,45.326],[-94.764,45.414],[-95.132,45.412],[-95.132,45.586],[-95.14,45.586],[-95.14,45.758]]]}},{"type":"Feature","id":"42055","properties":{"n":"Franklin","f":"42055"},"geometry":{"type":"Polygon","coordinates":[[[-78.098,39.722],[-78.002,39.826],[-77.918,40.004],[-77.864,40.062],[-77.796,40.166],[-77.724,40.25],[-77.704,40.264],[-77.67,40.29],[-77.638,40.218],[-77.602,40.228],[-77.614,40.198],[-77.61,40.152],[-77.564,40.118],[-77.53,40.048],[-77.456,39.972],[-77.47,39.944],[-77.46,39.72],[-77.47,39.72],[-78.098,39.722]]]}},{"type":"Feature","id":"29073","properties":{"n":"Gasconade","f":"29073"},"geometry":{"type":"Polygon","coordinates":[[[-91.644,38.288],[-91.64,38.704],[-91.548,38.676],[-91.486,38.714],[-91.418,38.71],[-91.368,38.7],[-91.368,38.21],[-91.536,38.21],[-91.532,38.152],[-91.63,38.154],[-91.644,38.154],[-91.644,38.288]]]}},{"type":"Feature","id":"29099","properties":{"n":"Jefferson","f":"29099"},"geometry":{"type":"Polygon","coordinates":[[[-90.736,38.466],[-90.696,38.472],[-90.678,38.446],[-90.66,38.478],[-90.614,38.472],[-90.592,38.502],[-90.406,38.502],[-90.412,38.456],[-90.338,38.454],[-90.342,38.388],[-90.37,38.34],[-90.374,38.274],[-90.356,38.214],[-90.29,38.17],[-90.252,38.128],[-90.294,38.088],[-90.33,38.094],[-90.416,38.042],[-90.586,38.004],[-90.614,38.016],[-90.61,38.07],[-90.638,38.076],[-90.682,38.102],[-90.778,38.204],[-90.764,38.296],[-90.736,38.416],[-90.736,38.466]]]}},{"type":"Feature","id":"45017","properties":{"n":"Calhoun","f":"45017"},"geometry":{"type":"Polygon","coordinates":[[[-81.012,33.88],[-80.988,33.848],[-80.916,33.814],[-80.88,33.816],[-80.83,33.778],[-80.762,33.774],[-80.686,33.756],[-80.66,33.772],[-80.622,33.742],[-80.614,33.712],[-80.536,33.644],[-80.542,33.628],[-80.502,33.592],[-80.496,33.558],[-80.51,33.538],[-80.554,33.566],[-80.61,33.55],[-80.588,33.538],[-80.624,33.498],[-80.61,33.47],[-80.66,33.47],[-80.694,33.522],[-80.808,33.604],[-80.886,33.618],[-80.94,33.608],[-80.944,33.644],[-80.966,33.626],[-81.042,33.706],[-80.926,33.756],[-80.966,33.778],[-81.012,33.782],[-81.038,33.746],[-81.06,33.748],[-81.038,33.87],[-81.012,33.88]]]}},{"type":"Feature","id":"48239","properties":{"n":"Jackson","f":"48239"},"geometry":{"type":"Polygon","coordinates":[[[-96.938,29.064],[-96.658,29.264],[-96.64,29.248],[-96.31,28.964],[-96.324,28.676],[-96.404,28.674],[-96.4,28.73],[-96.428,28.704],[-96.58,28.706],[-96.586,28.726],[-96.644,28.712],[-96.72,28.818],[-96.712,28.852],[-96.74,28.894],[-96.79,28.918],[-96.83,29.022],[-96.938,29.064]]]}},{"type":"Feature","id":"53035","properties":{"n":"Kitsap","f":"53035"},"geometry":{"type":"MultiPolygon","coordinates":[[[[-122.548,47.404],[-122.802,47.404],[-122.802,47.52],[-123.018,47.52],[-122.968,47.586],[-122.856,47.65],[-122.752,47.674],[-122.742,47.736],[-122.684,47.798],[-122.572,47.858],[-122.606,47.94],[-122.526,47.906],[-122.476,47.746],[-122.554,47.746],[-122.544,47.712],[-122.504,47.7],[-122.52,47.652],[-122.494,47.634],[-122.494,47.59],[-122.544,47.556],[-122.548,47.524],[-122.494,47.51],[-122.53,47.468],[-122.548,47.404]]]]}},{"type":"Feature","id":"12057","properties":{"n":"Hillsborough","f":"12057"},"geometry":{"type":"Polygon","coordinates":[[[-82.652,28.174],[-82.412,28.172],[-82.108,28.172],[-82.056,28.172],[-82.056,27.928],[-82.054,27.908],[-82.054,27.646],[-82.556,27.646],[-82.524,27.694],[-82.476,27.722],[-82.484,27.742],[-82.434,27.764],[-82.394,27.836],[-82.412,27.902],[-82.492,27.92],[-82.474,27.822],[-82.552,27.848],[-82.53,27.878],[-82.534,27.934],[-82.552,27.966],[-82.632,27.998],[-82.65,28.02],[-82.652,28.174]]]}},{"type":"Feature","id":"34031","properties":{"n":"Passaic","f":"34031"},"geometry":{"type":"Polygon","coordinates":[[[-74.502,41.086],[-74.368,41.204],[-74.236,41.142],[-74.21,41.134],[-74.272,41.02],[-74.25,40.992],[-74.142,40.966],[-74.122,40.858],[-74.132,40.82],[-74.272,40.898],[-74.278,40.974],[-74.3,41],[-74.39,41.012],[-74.448,41.054],[-74.502,41.042],[-74.502,41.086]]]}},{"type":"Feature","id":"48181","properties":{"n":"Grayson","f":"48181"},"geometry":{"type":"Polygon","coordinates":[[[-96.946,33.95],[-96.934,33.954],[-96.906,33.95],[-96.884,33.868],[-96.852,33.846],[-96.83,33.876],[-96.784,33.864],[-96.77,33.828],[-96.704,33.834],[-96.676,33.908],[-96.59,33.894],[-96.63,33.846],[-96.572,33.82],[-96.532,33.822],[-96.504,33.774],[-96.428,33.78],[-96.378,33.726],[-96.386,33.398],[-96.834,33.406],[-96.946,33.416],[-96.946,33.95]]]}},{"type":"Feature","id":"13283","properties":{"n":"Treutlen","f":"13283"},"geometry":{"type":"Polygon","coordinates":[[[-82.65,32.512],[-82.488,32.492],[-82.384,32.44],[-82.408,32.354],[-82.65,32.31],[-82.656,32.298],[-82.72,32.31],[-82.75,32.328],[-82.696,32.418],[-82.686,32.46],[-82.646,32.468],[-82.65,32.512]]]}},{"type":"Feature","id":"31101","properties":{"n":"Keith","f":"31101"},"geometry":{"type":"Polygon","coordinates":[[[-102.056,41.222],[-102.056,41.396],[-101.984,41.394],[-101.406,41.396],[-101.27,41.394],[-101.27,41.048],[-101.248,41.048],[-101.248,41.004],[-102.052,41.004],[-102.056,41.222]]]}},{"type":"Feature","id":"36069","properties":{"n":"Ontario","f":"36069"},"geometry":{"type":"Polygon","coordinates":[[[-77.582,42.944],[-77.484,42.944],[-77.484,43.034],[-77.372,43.034],[-77.136,43.04],[-77.132,43.012],[-76.964,43.014],[-76.964,42.874],[-76.982,42.856],[-76.97,42.764],[-77.312,42.762],[-77.366,42.668],[-77.366,42.576],[-77.492,42.578],[-77.488,42.67],[-77.6,42.672],[-77.614,42.764],[-77.588,42.764],[-77.588,42.854],[-77.546,42.866],[-77.582,42.944]]]}},{"type":"Feature","id":"04025","properties":{"n":"Yavapai","f":"04025"},"geometry":{"type":"Polygon","coordinates":[[[-113.334,35.528],[-113.262,35.53],[-113.176,35.506],[-113.148,35.478],[-113.086,35.454],[-112.976,35.394],[-112.946,35.352],[-112.796,35.322],[-112.756,35.306],[-112.696,35.312],[-112.576,35.244],[-112.472,35.238],[-112.44,35.26],[-112.444,35.15],[-112.336,35.148],[-112.336,34.974],[-111.808,34.976],[-111.776,34.98],[-111.776,34.804],[-111.554,34.802],[-111.554,34.472],[-111.554,34.44],[-111.662,34.386],[-111.666,34.286],[-111.7,34.24],[-111.694,34.182],[-111.712,34.15],[-111.478,34.15],[-111.492,34.134],[-111.464,34.072],[-111.492,34.038],[-111.496,34],[-111.726,34],[-112.164,34.048],[-112.196,33.974],[-112.242,33.942],[-112.242,33.906],[-112.276,33.882],[-112.746,34],[-113.334,33.998],[-113.334,34.318],[-113.334,35.528]]]}}]}